ISIN,tk_data,date,close,open,high,low,volume
CA135087R226,"1,130654501,1330,184",2026-01-05 06:44,100.14,0.0,0.0,0.0,0
CA135087R226,"1,130654501,1330,184",2026-01-05 07:44,100.14,100.14,100.14,100.14,0
CA135087R226,"1,130654501,1330,184",2026-01-05 08:44,100.14,100.14,100.14,100.14,0
CA135087R226,"1,130654501,1330,184",2026-01-05 10:44,100.14,100.14,100.14,100.14,0
CA135087R226,"1,130654501,1330,184",2026-01-05 12:44,100.14,100.14,100.14,100.14,0
CA135087R226,"1,130654501,1330,184",2026-01-05 14:44,100.14,100.14,100.14,100.14,0
CA135087R226,"1,130654501,1330,184",2026-01-05 16:44,100.14,100.14,100.14,100.14,0
CA135087R226,"1,130654501,1330,184",2026-01-05 18:44,100.14,100.14,100.14,100.14,0
CA135087R226,"1,130654501,1330,184",2026-01-05 20:44,100.14,100.14,100.14,100.14,0
CA135087R226,"1,130654501,1330,184",2026-01-05 22:44,100.14,100.14,100.14,100.14,0
CA135087R226,"1,130654501,1330,184",2026-01-06 07:44,100.13,100.13,100.13,100.13,0
CA135087R226,"1,130654501,1330,184",2026-01-06 08:44,100.13,100.13,100.13,100.13,0
CA135087R226,"1,130654501,1330,184",2026-01-06 10:44,100.13,100.13,100.13,100.13,0
CA135087R226,"1,130654501,1330,184",2026-01-06 12:44,100.13,100.13,100.13,100.13,0
CA135087R226,"1,130654501,1330,184",2026-01-06 14:44,100.13,100.13,100.13,100.13,0
CA135087R226,"1,130654501,1330,184",2026-01-06 16:44,100.13,100.13,100.13,100.13,0
CA135087R226,"1,130654501,1330,184",2026-01-06 18:44,100.13,100.13,100.13,100.13,0
CA135087R226,"1,130654501,1330,184",2026-01-06 20:44,100.13,100.13,100.13,100.13,0
CA135087R226,"1,130654501,1330,184",2026-01-06 22:44,100.13,100.13,100.13,100.13,0
CA135087R226,"1,130654501,1330,184",2026-01-07 07:44,100.13,100.13,100.13,100.13,0
CA135087R226,"1,130654501,1330,184",2026-01-07 08:44,100.13,100.13,100.13,100.13,0
CA135087R226,"1,130654501,1330,184",2026-01-07 10:44,100.13,100.13,100.13,100.13,0
CA135087R226,"1,130654501,1330,184",2026-01-07 12:44,100.13,100.13,100.13,100.13,0
CA135087R226,"1,130654501,1330,184",2026-01-07 14:44,100.13,100.13,100.13,100.13,0
CA135087R226,"1,130654501,1330,184",2026-01-07 16:44,100.13,100.13,100.13,100.13,0
CA135087R226,"1,130654501,1330,184",2026-01-07 18:44,100.13,100.13,100.13,100.13,0
CA135087R226,"1,130654501,1330,184",2026-01-07 20:44,100.13,100.13,100.13,100.13,0
CA135087R226,"1,130654501,1330,184",2026-01-07 22:44,100.13,100.13,100.13,100.13,0
CA135087R226,"1,130654501,1330,184",2026-01-08 07:44,100.12,100.12,100.12,100.12,0
CA135087R226,"1,130654501,1330,184",2026-01-08 08:44,100.12,100.12,100.12,100.12,0
CA135087R226,"1,130654501,1330,184",2026-01-08 10:44,100.12,100.12,100.12,100.12,0
CA135087R226,"1,130654501,1330,184",2026-01-08 12:44,100.12,100.12,100.12,100.12,0
CA135087R226,"1,130654501,1330,184",2026-01-08 14:44,100.12,100.12,100.12,100.12,0
CA135087R226,"1,130654501,1330,184",2026-01-08 16:44,100.12,100.12,100.12,100.12,0
CA135087R226,"1,130654501,1330,184",2026-01-08 18:44,100.12,100.12,100.12,100.12,0
CA135087R226,"1,130654501,1330,184",2026-01-08 20:44,100.12,100.12,100.12,100.12,0
CA135087R226,"1,130654501,1330,184",2026-01-08 22:44,100.12,100.12,100.12,100.12,0
CA135087R226,"1,130654501,1330,184",2026-01-09 07:44,100.11,100.11,100.11,100.11,0
CA135087R226,"1,130654501,1330,184",2026-01-09 08:44,100.11,100.11,100.11,100.11,0
CA135087R226,"1,130654501,1330,184",2026-01-09 10:44,100.11,100.11,100.11,100.11,0
CA135087R226,"1,130654501,1330,184",2026-01-09 12:44,100.11,100.11,100.11,100.11,0
CA135087R226,"1,130654501,1330,184",2026-01-09 14:44,100.11,100.11,100.11,100.11,0
CA135087R226,"1,130654501,1330,184",2026-01-09 16:44,100.11,100.11,100.11,100.11,0
CA135087R226,"1,130654501,1330,184",2026-01-09 18:44,100.11,100.11,100.11,100.11,0
CA135087R226,"1,130654501,1330,184",2026-01-09 20:44,100.11,100.11,100.11,100.11,0
CA135087R226,"1,130654501,1330,184",2026-01-09 22:44,100.11,100.11,100.11,100.11,0
CA135087R226,"1,130654501,1330,184",2026-01-12 07:44,100.1,100.1,100.1,100.1,0
CA135087R226,"1,130654501,1330,184",2026-01-12 08:44,100.1,100.1,100.1,100.1,0
CA135087R226,"1,130654501,1330,184",2026-01-12 10:44,100.1,100.1,100.1,100.1,0
CA135087R226,"1,130654501,1330,184",2026-01-12 12:44,100.1,100.1,100.1,100.1,0
CA135087R226,"1,130654501,1330,184",2026-01-12 14:44,100.1,100.1,100.1,100.1,0
CA135087R226,"1,130654501,1330,184",2026-01-12 16:44,100.1,100.1,100.1,100.1,0
CA135087R226,"1,130654501,1330,184",2026-01-12 18:44,100.1,100.1,100.1,100.1,0
CA135087R226,"1,130654501,1330,184",2026-01-12 20:44,100.1,100.1,100.1,100.1,0
CA135087R226,"1,130654501,1330,184",2026-01-12 22:44,100.1,100.1,100.1,100.1,0
CA135087R226,"1,130654501,1330,184",2026-01-13 07:44,100.09,100.09,100.09,100.09,0
CA135087R226,"1,130654501,1330,184",2026-01-13 08:44,100.09,100.09,100.09,100.09,0
CA135087R226,"1,130654501,1330,184",2026-01-13 10:44,100.09,100.09,100.09,100.09,0
CA135087R226,"1,130654501,1330,184",2026-01-13 12:44,100.09,100.09,100.09,100.09,0
CA135087R226,"1,130654501,1330,184",2026-01-13 14:44,100.09,100.09,100.09,100.09,0
CA135087R226,"1,130654501,1330,184",2026-01-13 16:44,100.09,100.09,100.09,100.09,0
CA135087R226,"1,130654501,1330,184",2026-01-13 18:44,100.09,100.09,100.09,100.09,0
CA135087R226,"1,130654501,1330,184",2026-01-13 20:44,100.09,100.09,100.09,100.09,0
CA135087R226,"1,130654501,1330,184",2026-01-13 22:44,100.09,100.09,100.09,100.09,0
CA135087R226,"1,130654501,1330,184",2026-01-14 07:44,100.08,100.08,100.08,100.08,0
CA135087R226,"1,130654501,1330,184",2026-01-14 08:44,100.08,100.08,100.08,100.08,0
CA135087R226,"1,130654501,1330,184",2026-01-14 10:44,100.08,100.08,100.08,100.08,0
CA135087R226,"1,130654501,1330,184",2026-01-14 12:44,100.08,100.08,100.08,100.08,0
CA135087R226,"1,130654501,1330,184",2026-01-14 14:44,100.08,100.08,100.08,100.08,0
CA135087R226,"1,130654501,1330,184",2026-01-14 16:44,100.08,100.08,100.08,100.08,0
CA135087R226,"1,130654501,1330,184",2026-01-14 18:44,100.08,100.08,100.08,100.08,0
CA135087R226,"1,130654501,1330,184",2026-01-14 20:44,100.08,100.08,100.08,100.08,0
CA135087R226,"1,130654501,1330,184",2026-01-14 22:44,100.08,100.08,100.08,100.08,0
CA135087R226,"1,130654501,1330,184",2026-01-15 07:44,100.08,100.08,100.08,100.08,0
CA135087R226,"1,130654501,1330,184",2026-01-15 08:44,100.08,100.08,100.08,100.08,0
CA135087R226,"1,130654501,1330,184",2026-01-15 10:44,100.08,100.08,100.08,100.08,0
CA135087R226,"1,130654501,1330,184",2026-01-15 12:44,100.08,100.08,100.08,100.08,0
CA135087R226,"1,130654501,1330,184",2026-01-15 14:44,100.08,100.08,100.08,100.08,0
CA135087R226,"1,130654501,1330,184",2026-01-15 16:44,100.08,100.08,100.08,100.08,0
CA135087R226,"1,130654501,1330,184",2026-01-15 18:44,100.08,100.08,100.08,100.08,0
CA135087R226,"1,130654501,1330,184",2026-01-15 20:44,100.08,100.08,100.08,100.08,0
CA135087R226,"1,130654501,1330,184",2026-01-15 22:44,100.08,100.08,100.08,100.08,0
CA135087R226,"1,130654501,1330,184",2026-01-16 07:44,100.07,100.07,100.07,100.07,0
CA135087R226,"1,130654501,1330,184",2026-01-16 08:44,100.07,100.07,100.07,100.07,0
CA135087R226,"1,130654501,1330,184",2026-01-16 10:44,100.07,100.07,100.07,100.07,0
CA135087R226,"1,130654501,1330,184",2026-01-16 12:44,100.07,100.07,100.07,100.07,0
CA135087R226,"1,130654501,1330,184",2026-01-16 14:44,100.07,100.07,100.07,100.07,0
CA135087R226,"1,130654501,1330,184",2026-01-16 16:44,100.07,100.07,100.07,100.07,0
CA135087R226,"1,130654501,1330,184",2026-01-16 18:44,100.07,100.07,100.07,100.07,0
CA135087R226,"1,130654501,1330,184",2026-01-16 20:44,100.07,100.07,100.07,100.07,0
CA135087R226,"1,130654501,1330,184",2026-01-16 22:44,100.07,100.07,100.07,100.07,0
CA135087R226,"1,130654501,1330,184",2026-01-19 07:44,100.05,100.05,100.05,100.05,0
CA135087R226,"1,130654501,1330,184",2026-01-19 08:44,100.05,100.05,100.05,100.05,0
CA135087R226,"1,130654501,1330,184",2026-01-19 10:44,100.05,100.05,100.05,100.05,0
CA135087R226,"1,130654501,1330,184",2026-01-19 12:44,100.05,100.05,100.05,100.05,0
CA135087R226,"1,130654501,1330,184",2026-01-19 14:44,100.05,100.05,100.05,100.05,0
CA135087R226,"1,130654501,1330,184",2026-01-19 16:44,100.05,100.05,100.05,100.05,0
CA135087R226,"1,130654501,1330,184",2026-01-19 18:44,100.05,100.05,100.05,100.05,0
CA135087R226,"1,130654501,1330,184",2026-01-19 20:44,100.05,100.05,100.05,100.05,0
CA135087R226,"1,130654501,1330,184",2026-01-19 22:44,100.05,100.05,100.05,100.05,0
CA135087L518,"1,57601476,1330,184",2026-01-05 06:44,99.69,0.0,0.0,0.0,0
CA135087L518,"1,57601476,1330,184",2026-01-05 07:44,99.69,99.69,99.69,99.69,0
CA135087L518,"1,57601476,1330,184",2026-01-05 08:44,99.69,99.69,99.69,99.69,0
CA135087L518,"1,57601476,1330,184",2026-01-05 10:44,99.69,99.69,99.69,99.69,0
CA135087L518,"1,57601476,1330,184",2026-01-05 12:44,99.7,99.7,99.7,99.7,0
CA135087L518,"1,57601476,1330,184",2026-01-05 14:44,99.7,99.7,99.7,99.7,0
CA135087L518,"1,57601476,1330,184",2026-01-05 16:44,99.7,99.7,99.7,99.7,0
CA135087L518,"1,57601476,1330,184",2026-01-05 18:44,99.7,99.7,99.7,99.7,0
CA135087L518,"1,57601476,1330,184",2026-01-05 20:44,99.7,99.7,99.7,99.7,0
CA135087L518,"1,57601476,1330,184",2026-01-05 22:44,99.7,99.7,99.7,99.7,0
CA135087L518,"1,57601476,1330,184",2026-01-06 07:44,99.7,99.7,99.7,99.7,0
CA135087L518,"1,57601476,1330,184",2026-01-06 08:44,99.7,99.7,99.7,99.7,0
CA135087L518,"1,57601476,1330,184",2026-01-06 10:44,99.7,99.7,99.7,99.7,0
CA135087L518,"1,57601476,1330,184",2026-01-06 14:44,99.71,99.71,99.71,99.71,0
CA135087L518,"1,57601476,1330,184",2026-01-06 16:44,99.71,99.71,99.71,99.71,0
CA135087L518,"1,57601476,1330,184",2026-01-06 18:44,99.71,99.71,99.71,99.71,0
CA135087L518,"1,57601476,1330,184",2026-01-06 20:44,99.71,99.71,99.71,99.71,0
CA135087L518,"1,57601476,1330,184",2026-01-06 22:44,99.71,99.71,99.71,99.71,0
CA135087L518,"1,57601476,1330,184",2026-01-07 07:44,99.7,99.7,99.7,99.7,0
CA135087L518,"1,57601476,1330,184",2026-01-07 08:44,99.7,99.7,99.7,99.7,0
CA135087L518,"1,57601476,1330,184",2026-01-07 10:44,99.7,99.7,99.7,99.7,0
CA135087L518,"1,57601476,1330,184",2026-01-07 12:44,99.71,99.71,99.71,99.71,0
CA135087L518,"1,57601476,1330,184",2026-01-07 14:44,99.71,99.71,99.71,99.71,0
CA135087L518,"1,57601476,1330,184",2026-01-07 16:44,99.71,99.71,99.71,99.71,0
CA135087L518,"1,57601476,1330,184",2026-01-07 18:44,99.71,99.71,99.71,99.71,0
CA135087L518,"1,57601476,1330,184",2026-01-07 20:44,99.71,99.71,99.71,99.71,0
CA135087L518,"1,57601476,1330,184",2026-01-07 22:44,99.71,99.71,99.71,99.71,0
CA135087L518,"1,57601476,1330,184",2026-01-08 07:44,99.71,99.71,99.71,99.71,0
CA135087L518,"1,57601476,1330,184",2026-01-08 08:44,99.71,99.71,99.71,99.71,0
CA135087L518,"1,57601476,1330,184",2026-01-08 10:44,99.71,99.71,99.71,99.71,0
CA135087L518,"1,57601476,1330,184",2026-01-08 12:44,99.72,99.72,99.72,99.72,0
CA135087L518,"1,57601476,1330,184",2026-01-08 14:44,99.72,99.72,99.72,99.72,0
CA135087L518,"1,57601476,1330,184",2026-01-08 16:44,99.72,99.72,99.72,99.72,0
CA135087L518,"1,57601476,1330,184",2026-01-08 18:44,99.72,99.72,99.72,99.72,0
CA135087L518,"1,57601476,1330,184",2026-01-08 20:44,99.72,99.72,99.72,99.72,0
CA135087L518,"1,57601476,1330,184",2026-01-08 22:44,99.72,99.72,99.72,99.72,0
CA135087L518,"1,57601476,1330,184",2026-01-09 07:44,99.72,99.72,99.72,99.72,0
CA135087L518,"1,57601476,1330,184",2026-01-09 08:44,99.72,99.72,99.72,99.72,0
CA135087L518,"1,57601476,1330,184",2026-01-09 10:44,99.72,99.72,99.72,99.72,0
CA135087L518,"1,57601476,1330,184",2026-01-09 12:44,99.73,99.73,99.73,99.73,0
CA135087L518,"1,57601476,1330,184",2026-01-09 14:44,99.73,99.73,99.73,99.73,0
CA135087L518,"1,57601476,1330,184",2026-01-09 16:44,99.73,99.73,99.73,99.73,0
CA135087L518,"1,57601476,1330,184",2026-01-09 18:44,99.73,99.73,99.73,99.73,0
CA135087L518,"1,57601476,1330,184",2026-01-09 20:44,99.73,99.73,99.73,99.73,0
CA135087L518,"1,57601476,1330,184",2026-01-09 22:44,99.73,99.73,99.73,99.73,0
CA135087L518,"1,57601476,1330,184",2026-01-12 07:44,99.73,99.73,99.73,99.73,0
CA135087L518,"1,57601476,1330,184",2026-01-12 08:44,99.73,99.73,99.73,99.73,0
CA135087L518,"1,57601476,1330,184",2026-01-12 10:44,99.73,99.73,99.73,99.73,0
CA135087L518,"1,57601476,1330,184",2026-01-12 12:44,99.74,99.74,99.74,99.74,0
CA135087L518,"1,57601476,1330,184",2026-01-12 14:44,99.74,99.74,99.74,99.74,0
CA135087L518,"1,57601476,1330,184",2026-01-12 16:44,99.74,99.74,99.74,99.74,0
CA135087L518,"1,57601476,1330,184",2026-01-12 18:44,99.74,99.74,99.74,99.74,0
CA135087L518,"1,57601476,1330,184",2026-01-12 20:44,99.74,99.74,99.74,99.74,0
CA135087L518,"1,57601476,1330,184",2026-01-12 22:44,99.74,99.74,99.74,99.74,0
CA135087L518,"1,57601476,1330,184",2026-01-13 07:44,99.74,99.74,99.74,99.74,0
CA135087L518,"1,57601476,1330,184",2026-01-13 08:44,99.74,99.74,99.74,99.74,0
CA135087L518,"1,57601476,1330,184",2026-01-13 10:44,99.74,99.74,99.74,99.74,0
CA135087L518,"1,57601476,1330,184",2026-01-13 12:44,99.74,99.74,99.74,99.74,0
CA135087L518,"1,57601476,1330,184",2026-01-13 14:44,99.74,99.74,99.74,99.74,0
CA135087L518,"1,57601476,1330,184",2026-01-13 16:44,99.74,99.74,99.74,99.74,0
CA135087L518,"1,57601476,1330,184",2026-01-13 18:44,99.74,99.74,99.74,99.74,0
CA135087L518,"1,57601476,1330,184",2026-01-13 20:44,99.74,99.74,99.74,99.74,0
CA135087L518,"1,57601476,1330,184",2026-01-13 22:44,99.74,99.74,99.74,99.74,0
CA135087L518,"1,57601476,1330,184",2026-01-14 07:44,99.74,99.74,99.74,99.74,0
CA135087L518,"1,57601476,1330,184",2026-01-14 08:44,99.74,99.74,99.74,99.74,0
CA135087L518,"1,57601476,1330,184",2026-01-14 10:44,99.74,99.74,99.74,99.74,0
CA135087L518,"1,57601476,1330,184",2026-01-14 12:44,99.75,99.75,99.75,99.75,0
CA135087L518,"1,57601476,1330,184",2026-01-14 14:44,99.75,99.75,99.75,99.75,0
CA135087L518,"1,57601476,1330,184",2026-01-14 16:44,99.75,99.75,99.75,99.75,0
CA135087L518,"1,57601476,1330,184",2026-01-14 18:44,99.75,99.75,99.75,99.75,0
CA135087L518,"1,57601476,1330,184",2026-01-14 20:44,99.75,99.75,99.75,99.75,0
CA135087L518,"1,57601476,1330,184",2026-01-14 22:44,99.75,99.75,99.75,99.75,0
CA135087L518,"1,57601476,1330,184",2026-01-15 07:44,99.75,99.75,99.75,99.75,0
CA135087L518,"1,57601476,1330,184",2026-01-15 08:44,99.75,99.75,99.75,99.75,0
CA135087L518,"1,57601476,1330,184",2026-01-15 10:44,99.75,99.75,99.75,99.75,0
CA135087L518,"1,57601476,1330,184",2026-01-15 12:44,99.76,99.76,99.76,99.76,0
CA135087L518,"1,57601476,1330,184",2026-01-15 14:44,99.76,99.76,99.76,99.76,0
CA135087L518,"1,57601476,1330,184",2026-01-15 16:44,99.76,99.76,99.76,99.76,0
CA135087L518,"1,57601476,1330,184",2026-01-15 18:44,99.76,99.76,99.76,99.76,0
CA135087L518,"1,57601476,1330,184",2026-01-15 20:44,99.76,99.76,99.76,99.76,0
CA135087L518,"1,57601476,1330,184",2026-01-15 22:44,99.76,99.76,99.76,99.76,0
CA135087L518,"1,57601476,1330,184",2026-01-16 07:44,99.76,99.76,99.76,99.76,0
CA135087L518,"1,57601476,1330,184",2026-01-16 08:44,99.76,99.76,99.76,99.76,0
CA135087L518,"1,57601476,1330,184",2026-01-16 10:44,99.76,99.76,99.76,99.76,0
CA135087L518,"1,57601476,1330,184",2026-01-16 12:44,99.77,99.77,99.77,99.77,0
CA135087L518,"1,57601476,1330,184",2026-01-16 14:44,99.77,99.77,99.77,99.77,0
CA135087L518,"1,57601476,1330,184",2026-01-16 16:44,99.77,99.77,99.77,99.77,0
CA135087L518,"1,57601476,1330,184",2026-01-16 18:44,99.77,99.77,99.77,99.77,0
CA135087L518,"1,57601476,1330,184",2026-01-16 20:44,99.77,99.77,99.77,99.77,0
CA135087L518,"1,57601476,1330,184",2026-01-16 22:44,99.77,99.77,99.77,99.77,0
CA135087L518,"1,57601476,1330,184",2026-01-19 07:44,99.77,99.77,99.77,99.77,0
CA135087L518,"1,57601476,1330,184",2026-01-19 08:44,99.77,99.77,99.77,99.77,0
CA135087L518,"1,57601476,1330,184",2026-01-19 10:44,99.77,99.77,99.77,99.77,0
CA135087L518,"1,57601476,1330,184",2026-01-19 12:44,99.78,99.78,99.78,99.78,0
CA135087L518,"1,57601476,1330,184",2026-01-19 14:44,99.78,99.78,99.78,99.78,0
CA135087L518,"1,57601476,1330,184",2026-01-19 16:44,99.78,99.78,99.78,99.78,0
CA135087L518,"1,57601476,1330,184",2026-01-19 18:44,99.78,99.78,99.78,99.78,0
CA135087L518,"1,57601476,1330,184",2026-01-19 20:44,99.78,99.78,99.78,99.78,0
CA135087L518,"1,57601476,1330,184",2026-01-19 22:44,99.78,99.78,99.78,99.78,0
CA135087P816,"1,124578091,1330,184",2026-01-05 06:44,100.15,0.0,0.0,0.0,0
CA135087P816,"1,124578091,1330,184",2026-01-05 07:44,100.15,100.15,100.15,100.15,0
CA135087P816,"1,124578091,1330,184",2026-01-05 08:44,100.15,100.15,100.15,100.15,0
CA135087P816,"1,124578091,1330,184",2026-01-05 10:44,100.15,100.15,100.15,100.15,0
CA135087P816,"1,124578091,1330,184",2026-01-05 12:44,100.15,100.15,100.15,100.15,0
CA135087P816,"1,124578091,1330,184",2026-01-05 14:44,100.15,100.15,100.15,100.15,0
CA135087P816,"1,124578091,1330,184",2026-01-05 16:44,100.15,100.15,100.15,100.15,0
CA135087P816,"1,124578091,1330,184",2026-01-05 18:44,100.15,100.15,100.15,100.15,0
CA135087P816,"1,124578091,1330,184",2026-01-05 20:44,100.15,100.15,100.15,100.15,0
CA135087P816,"1,124578091,1330,184",2026-01-05 22:44,100.15,100.15,100.15,100.15,0
CA135087P816,"1,124578091,1330,184",2026-01-06 07:44,100.15,100.15,100.15,100.15,0
CA135087P816,"1,124578091,1330,184",2026-01-06 08:44,100.15,100.15,100.15,100.15,0
CA135087P816,"1,124578091,1330,184",2026-01-06 10:44,100.15,100.15,100.15,100.15,0
CA135087P816,"1,124578091,1330,184",2026-01-06 12:44,100.15,100.15,100.15,100.15,0
CA135087P816,"1,124578091,1330,184",2026-01-06 14:44,100.15,100.15,100.15,100.15,0
CA135087P816,"1,124578091,1330,184",2026-01-06 16:44,100.15,100.15,100.15,100.15,0
CA135087P816,"1,124578091,1330,184",2026-01-06 18:44,100.15,100.15,100.15,100.15,0
CA135087P816,"1,124578091,1330,184",2026-01-06 20:44,100.15,100.15,100.15,100.15,0
CA135087P816,"1,124578091,1330,184",2026-01-06 22:44,100.15,100.15,100.15,100.15,0
CA135087P816,"1,124578091,1330,184",2026-01-07 07:44,100.15,100.15,100.15,100.15,0
CA135087P816,"1,124578091,1330,184",2026-01-07 08:44,100.15,100.15,100.15,100.15,0
CA135087P816,"1,124578091,1330,184",2026-01-07 10:44,100.15,100.15,100.15,100.15,0
CA135087P816,"1,124578091,1330,184",2026-01-07 12:44,100.15,100.15,100.15,100.15,0
CA135087P816,"1,124578091,1330,184",2026-01-07 14:44,100.15,100.15,100.15,100.15,0
CA135087P816,"1,124578091,1330,184",2026-01-07 16:44,100.15,100.15,100.15,100.15,0
CA135087P816,"1,124578091,1330,184",2026-01-07 18:44,100.15,100.15,100.15,100.15,0
CA135087P816,"1,124578091,1330,184",2026-01-07 20:44,100.15,100.15,100.15,100.15,0
CA135087P816,"1,124578091,1330,184",2026-01-07 22:44,100.15,100.15,100.15,100.15,0
CA135087P816,"1,124578091,1330,184",2026-01-08 07:44,100.15,100.15,100.15,100.15,0
CA135087P816,"1,124578091,1330,184",2026-01-08 08:44,100.15,100.15,100.15,100.15,0
CA135087P816,"1,124578091,1330,184",2026-01-08 10:44,100.15,100.15,100.15,100.15,0
CA135087P816,"1,124578091,1330,184",2026-01-08 12:44,100.15,100.15,100.15,100.15,0
CA135087P816,"1,124578091,1330,184",2026-01-08 14:44,100.15,100.15,100.15,100.15,0
CA135087P816,"1,124578091,1330,184",2026-01-08 16:44,100.15,100.15,100.15,100.15,0
CA135087P816,"1,124578091,1330,184",2026-01-08 18:44,100.15,100.15,100.15,100.15,0
CA135087P816,"1,124578091,1330,184",2026-01-08 20:44,100.15,100.15,100.15,100.15,0
CA135087P816,"1,124578091,1330,184",2026-01-08 22:44,100.15,100.15,100.15,100.15,0
CA135087P816,"1,124578091,1330,184",2026-01-09 07:44,100.15,100.15,100.15,100.15,0
CA135087P816,"1,124578091,1330,184",2026-01-09 08:44,100.15,100.15,100.15,100.15,0
CA135087P816,"1,124578091,1330,184",2026-01-09 10:44,100.15,100.15,100.15,100.15,0
CA135087P816,"1,124578091,1330,184",2026-01-09 12:44,100.15,100.15,100.15,100.15,0
CA135087P816,"1,124578091,1330,184",2026-01-09 14:44,100.15,100.15,100.15,100.15,0
CA135087P816,"1,124578091,1330,184",2026-01-09 16:44,100.15,100.15,100.15,100.15,0
CA135087P816,"1,124578091,1330,184",2026-01-09 18:44,100.15,100.15,100.15,100.15,0
CA135087P816,"1,124578091,1330,184",2026-01-09 20:44,100.15,100.15,100.15,100.15,0
CA135087P816,"1,124578091,1330,184",2026-01-09 22:44,100.15,100.15,100.15,100.15,0
CA135087P816,"1,124578091,1330,184",2026-01-12 07:44,100.15,100.15,100.15,100.15,0
CA135087P816,"1,124578091,1330,184",2026-01-12 08:44,100.15,100.15,100.15,100.15,0
CA135087P816,"1,124578091,1330,184",2026-01-12 10:44,100.15,100.15,100.15,100.15,0
CA135087P816,"1,124578091,1330,184",2026-01-12 12:44,100.15,100.15,100.15,100.15,0
CA135087P816,"1,124578091,1330,184",2026-01-12 14:44,100.15,100.15,100.15,100.15,0
CA135087P816,"1,124578091,1330,184",2026-01-12 16:44,100.15,100.15,100.15,100.15,0
CA135087P816,"1,124578091,1330,184",2026-01-12 18:44,100.15,100.15,100.15,100.15,0
CA135087P816,"1,124578091,1330,184",2026-01-12 20:44,100.15,100.15,100.15,100.15,0
CA135087P816,"1,124578091,1330,184",2026-01-12 22:44,100.15,100.15,100.15,100.15,0
CA135087P816,"1,124578091,1330,184",2026-01-13 07:44,100.15,100.15,100.15,100.15,0
CA135087P816,"1,124578091,1330,184",2026-01-13 08:44,100.15,100.15,100.15,100.15,0
CA135087P816,"1,124578091,1330,184",2026-01-13 10:44,100.15,100.15,100.15,100.15,0
CA135087P816,"1,124578091,1330,184",2026-01-13 12:44,100.15,100.15,100.15,100.15,0
CA135087P816,"1,124578091,1330,184",2026-01-13 14:44,100.15,100.15,100.15,100.15,0
CA135087P816,"1,124578091,1330,184",2026-01-13 16:44,100.15,100.15,100.15,100.15,0
CA135087P816,"1,124578091,1330,184",2026-01-13 18:44,100.15,100.15,100.15,100.15,0
CA135087P816,"1,124578091,1330,184",2026-01-13 20:44,100.15,100.15,100.15,100.15,0
CA135087P816,"1,124578091,1330,184",2026-01-13 22:44,100.15,100.15,100.15,100.15,0
CA135087P816,"1,124578091,1330,184",2026-01-14 07:44,100.15,100.15,100.15,100.15,0
CA135087P816,"1,124578091,1330,184",2026-01-14 08:44,100.15,100.15,100.15,100.15,0
CA135087P816,"1,124578091,1330,184",2026-01-14 10:44,100.15,100.15,100.15,100.15,0
CA135087P816,"1,124578091,1330,184",2026-01-14 12:44,100.15,100.15,100.15,100.15,0
CA135087P816,"1,124578091,1330,184",2026-01-14 14:44,100.15,100.15,100.15,100.15,0
CA135087P816,"1,124578091,1330,184",2026-01-14 16:44,100.15,100.15,100.15,100.15,0
CA135087P816,"1,124578091,1330,184",2026-01-14 18:44,100.15,100.15,100.15,100.15,0
CA135087P816,"1,124578091,1330,184",2026-01-14 20:44,100.15,100.15,100.15,100.15,0
CA135087P816,"1,124578091,1330,184",2026-01-14 22:44,100.15,100.15,100.15,100.15,0
CA135087P816,"1,124578091,1330,184",2026-01-15 07:44,100.15,100.15,100.15,100.15,0
CA135087P816,"1,124578091,1330,184",2026-01-15 08:44,100.15,100.15,100.15,100.15,0
CA135087P816,"1,124578091,1330,184",2026-01-15 10:44,100.15,100.15,100.15,100.15,0
CA135087P816,"1,124578091,1330,184",2026-01-15 12:44,100.15,100.15,100.15,100.15,0
CA135087P816,"1,124578091,1330,184",2026-01-15 14:44,100.15,100.15,100.15,100.15,0
CA135087P816,"1,124578091,1330,184",2026-01-15 16:44,100.15,100.15,100.15,100.15,0
CA135087P816,"1,124578091,1330,184",2026-01-15 18:44,100.15,100.15,100.15,100.15,0
CA135087P816,"1,124578091,1330,184",2026-01-15 20:44,100.15,100.15,100.15,100.15,0
CA135087P816,"1,124578091,1330,184",2026-01-15 22:44,100.15,100.15,100.15,100.15,0
CA135087P816,"1,124578091,1330,184",2026-01-16 07:44,100.15,100.15,100.15,100.15,0
CA135087P816,"1,124578091,1330,184",2026-01-16 08:44,100.15,100.15,100.15,100.15,0
CA135087P816,"1,124578091,1330,184",2026-01-16 10:44,100.15,100.15,100.15,100.15,0
CA135087P816,"1,124578091,1330,184",2026-01-16 12:44,100.15,100.15,100.15,100.15,0
CA135087P816,"1,124578091,1330,184",2026-01-16 16:44,100.15,100.15,100.15,100.15,0
CA135087P816,"1,124578091,1330,184",2026-01-16 18:44,100.15,100.15,100.15,100.15,0
CA135087P816,"1,124578091,1330,184",2026-01-16 20:44,100.15,100.15,100.15,100.15,0
CA135087P816,"1,124578091,1330,184",2026-01-16 22:44,100.15,100.15,100.15,100.15,0
CA135087P816,"1,124578091,1330,184",2026-01-19 07:44,100.14,100.14,100.14,100.14,18000
CA135087P816,"1,124578091,1330,184",2026-01-19 08:44,100.14,100.14,100.14,100.14,0
CA135087P816,"1,124578091,1330,184",2026-01-19 10:44,100.14,100.14,100.14,100.14,0
CA135087P816,"1,124578091,1330,184",2026-01-19 12:44,100.14,100.14,100.14,100.14,0
CA135087P816,"1,124578091,1330,184",2026-01-19 14:44,100.14,100.14,100.14,100.14,0
CA135087P816,"1,124578091,1330,184",2026-01-19 16:44,100.14,100.14,100.14,100.14,0
CA135087P816,"1,124578091,1330,184",2026-01-19 18:44,100.14,100.14,100.14,100.14,0
CA135087P816,"1,124578091,1330,184",2026-01-19 20:44,100.14,100.14,100.14,100.14,0
CA135087P816,"1,124578091,1330,184",2026-01-19 22:44,100.14,100.14,100.14,100.14,0
CA135087R556,"1,132969994,1330,184",2026-01-05 06:44,100.49,0.0,0.0,0.0,0
CA135087R556,"1,132969994,1330,184",2026-01-05 07:44,100.49,100.49,100.49,100.49,0
CA135087R556,"1,132969994,1330,184",2026-01-05 08:44,100.49,100.49,100.49,100.49,0
CA135087R556,"1,132969994,1330,184",2026-01-05 10:44,100.49,100.49,100.49,100.49,0
CA135087R556,"1,132969994,1330,184",2026-01-05 12:44,100.49,100.49,100.49,100.49,0
CA135087R556,"1,132969994,1330,184",2026-01-05 14:44,100.49,100.49,100.49,100.49,0
CA135087R556,"1,132969994,1330,184",2026-01-05 16:44,100.49,100.49,100.49,100.49,0
CA135087R556,"1,132969994,1330,184",2026-01-05 18:44,100.49,100.49,100.49,100.49,0
CA135087R556,"1,132969994,1330,184",2026-01-05 20:44,100.49,100.49,100.49,100.49,0
CA135087R556,"1,132969994,1330,184",2026-01-05 22:44,100.49,100.49,100.49,100.49,0
CA135087R556,"1,132969994,1330,184",2026-01-06 07:44,100.49,100.49,100.49,100.49,0
CA135087R556,"1,132969994,1330,184",2026-01-06 08:44,100.49,100.49,100.49,100.49,0
CA135087R556,"1,132969994,1330,184",2026-01-06 10:44,100.49,100.49,100.49,100.49,0
CA135087R556,"1,132969994,1330,184",2026-01-06 12:44,100.49,100.49,100.49,100.49,0
CA135087R556,"1,132969994,1330,184",2026-01-06 14:44,100.49,100.49,100.49,100.49,0
CA135087R556,"1,132969994,1330,184",2026-01-06 16:44,100.49,100.49,100.49,100.49,0
CA135087R556,"1,132969994,1330,184",2026-01-06 18:44,100.49,100.49,100.49,100.49,0
CA135087R556,"1,132969994,1330,184",2026-01-06 20:44,100.49,100.49,100.49,100.49,0
CA135087R556,"1,132969994,1330,184",2026-01-06 22:44,100.49,100.49,100.49,100.49,0
CA135087R556,"1,132969994,1330,184",2026-01-07 07:44,100.49,100.49,100.49,100.49,0
CA135087R556,"1,132969994,1330,184",2026-01-07 08:44,100.49,100.49,100.49,100.49,0
CA135087R556,"1,132969994,1330,184",2026-01-07 10:44,100.49,100.49,100.49,100.49,0
CA135087R556,"1,132969994,1330,184",2026-01-07 12:44,100.49,100.49,100.49,100.49,0
CA135087R556,"1,132969994,1330,184",2026-01-07 14:44,100.49,100.49,100.49,100.49,0
CA135087R556,"1,132969994,1330,184",2026-01-07 16:44,100.49,100.49,100.49,100.49,0
CA135087R556,"1,132969994,1330,184",2026-01-07 18:44,100.49,100.49,100.49,100.49,0
CA135087R556,"1,132969994,1330,184",2026-01-07 20:44,100.49,100.49,100.49,100.49,0
CA135087R556,"1,132969994,1330,184",2026-01-07 22:44,100.49,100.49,100.49,100.49,0
CA135087R556,"1,132969994,1330,184",2026-01-08 07:44,100.47,100.47,100.47,100.47,0
CA135087R556,"1,132969994,1330,184",2026-01-08 08:44,100.47,100.47,100.47,100.47,0
CA135087R556,"1,132969994,1330,184",2026-01-08 10:44,100.47,100.47,100.47,100.47,0
CA135087R556,"1,132969994,1330,184",2026-01-08 12:44,100.49,100.49,100.49,100.49,0
CA135087R556,"1,132969994,1330,184",2026-01-08 14:44,100.49,100.49,100.49,100.49,0
CA135087R556,"1,132969994,1330,184",2026-01-08 16:44,100.49,100.49,100.49,100.49,0
CA135087R556,"1,132969994,1330,184",2026-01-08 18:44,100.49,100.49,100.49,100.49,0
CA135087R556,"1,132969994,1330,184",2026-01-08 20:44,100.49,100.49,100.49,100.49,0
CA135087R556,"1,132969994,1330,184",2026-01-08 22:44,100.49,100.49,100.49,100.49,0
CA135087R556,"1,132969994,1330,184",2026-01-09 07:44,100.49,100.49,100.49,100.49,0
CA135087R556,"1,132969994,1330,184",2026-01-09 08:44,100.49,100.49,100.49,100.49,0
CA135087R556,"1,132969994,1330,184",2026-01-09 10:44,100.49,100.49,100.49,100.49,0
CA135087R556,"1,132969994,1330,184",2026-01-09 12:44,100.49,100.49,100.49,100.49,0
CA135087R556,"1,132969994,1330,184",2026-01-09 14:44,100.49,100.49,100.49,100.49,0
CA135087R556,"1,132969994,1330,184",2026-01-09 16:44,100.49,100.49,100.49,100.49,0
CA135087R556,"1,132969994,1330,184",2026-01-09 18:44,100.49,100.49,100.49,100.49,0
CA135087R556,"1,132969994,1330,184",2026-01-09 20:44,100.49,100.49,100.49,100.49,0
CA135087R556,"1,132969994,1330,184",2026-01-09 22:44,100.49,100.49,100.49,100.49,0
CA135087R556,"1,132969994,1330,184",2026-01-12 07:44,100.46,100.46,100.46,100.46,0
CA135087R556,"1,132969994,1330,184",2026-01-12 08:44,100.46,100.46,100.46,100.46,0
CA135087R556,"1,132969994,1330,184",2026-01-12 10:44,100.46,100.46,100.46,100.46,0
CA135087R556,"1,132969994,1330,184",2026-01-12 12:44,100.47,100.47,100.47,100.47,0
CA135087R556,"1,132969994,1330,184",2026-01-12 14:44,100.47,100.47,100.47,100.47,0
CA135087R556,"1,132969994,1330,184",2026-01-12 16:44,100.47,100.47,100.47,100.47,0
CA135087R556,"1,132969994,1330,184",2026-01-12 18:44,100.47,100.47,100.47,100.47,0
CA135087R556,"1,132969994,1330,184",2026-01-12 20:44,100.47,100.47,100.47,100.47,0
CA135087R556,"1,132969994,1330,184",2026-01-12 22:44,100.47,100.47,100.47,100.47,0
CA135087R556,"1,132969994,1330,184",2026-01-13 07:44,100.47,100.47,100.47,100.47,0
CA135087R556,"1,132969994,1330,184",2026-01-13 08:44,100.47,100.47,100.47,100.47,0
CA135087R556,"1,132969994,1330,184",2026-01-13 10:44,100.47,100.47,100.47,100.47,0
CA135087R556,"1,132969994,1330,184",2026-01-13 12:44,100.47,100.47,100.47,100.47,0
CA135087R556,"1,132969994,1330,184",2026-01-13 14:44,100.47,100.47,100.47,100.47,0
CA135087R556,"1,132969994,1330,184",2026-01-13 16:44,100.47,100.47,100.47,100.47,0
CA135087R556,"1,132969994,1330,184",2026-01-13 18:44,100.47,100.47,100.47,100.47,0
CA135087R556,"1,132969994,1330,184",2026-01-13 20:44,100.47,100.47,100.47,100.47,0
CA135087R556,"1,132969994,1330,184",2026-01-13 22:44,100.47,100.47,100.47,100.47,0
CA135087R556,"1,132969994,1330,184",2026-01-14 07:44,100.45,100.45,100.45,100.45,0
CA135087R556,"1,132969994,1330,184",2026-01-14 08:44,100.45,100.45,100.45,100.45,0
CA135087R556,"1,132969994,1330,184",2026-01-14 10:44,100.45,100.45,100.45,100.45,0
CA135087R556,"1,132969994,1330,184",2026-01-14 12:44,100.45,100.45,100.45,100.45,0
CA135087R556,"1,132969994,1330,184",2026-01-14 14:44,100.46,100.46,100.46,100.46,0
CA135087R556,"1,132969994,1330,184",2026-01-14 16:44,100.46,100.46,100.46,100.46,0
CA135087R556,"1,132969994,1330,184",2026-01-14 18:44,100.46,100.46,100.46,100.46,0
CA135087R556,"1,132969994,1330,184",2026-01-14 20:44,100.46,100.46,100.46,100.46,0
CA135087R556,"1,132969994,1330,184",2026-01-14 22:44,100.46,100.46,100.46,100.46,0
CA135087R556,"1,132969994,1330,184",2026-01-15 07:44,100.47,100.47,100.47,100.47,0
CA135087R556,"1,132969994,1330,184",2026-01-15 08:44,100.47,100.47,100.47,100.47,0
CA135087R556,"1,132969994,1330,184",2026-01-15 10:44,100.47,100.47,100.47,100.47,0
CA135087R556,"1,132969994,1330,184",2026-01-15 12:44,100.47,100.47,100.47,100.47,0
CA135087R556,"1,132969994,1330,184",2026-01-15 14:44,100.47,100.47,100.47,100.47,0
CA135087R556,"1,132969994,1330,184",2026-01-15 16:44,100.47,100.47,100.47,100.47,0
CA135087R556,"1,132969994,1330,184",2026-01-15 18:44,100.47,100.47,100.47,100.47,0
CA135087R556,"1,132969994,1330,184",2026-01-15 20:44,100.47,100.47,100.47,100.47,0
CA135087R556,"1,132969994,1330,184",2026-01-15 22:44,100.47,100.47,100.47,100.47,0
CA135087R556,"1,132969994,1330,184",2026-01-16 07:44,100.46,100.46,100.46,100.46,0
CA135087R556,"1,132969994,1330,184",2026-01-16 08:44,100.46,100.46,100.46,100.46,0
CA135087R556,"1,132969994,1330,184",2026-01-16 10:44,100.46,100.46,100.46,100.46,0
CA135087R556,"1,132969994,1330,184",2026-01-16 12:44,100.46,100.46,100.46,100.46,0
CA135087R556,"1,132969994,1330,184",2026-01-16 14:44,100.46,100.46,100.46,100.46,0
CA135087R556,"1,132969994,1330,184",2026-01-16 16:44,100.46,100.46,100.46,100.46,0
CA135087R556,"1,132969994,1330,184",2026-01-16 18:44,100.46,100.46,100.46,100.46,0
CA135087R556,"1,132969994,1330,184",2026-01-16 20:44,100.46,100.46,100.46,100.46,0
CA135087R556,"1,132969994,1330,184",2026-01-16 22:44,100.46,100.46,100.46,100.46,0
CA135087R556,"1,132969994,1330,184",2026-01-19 07:44,100.44,100.44,100.44,100.44,0
CA135087R556,"1,132969994,1330,184",2026-01-19 08:44,100.44,100.44,100.44,100.44,0
CA135087R556,"1,132969994,1330,184",2026-01-19 10:44,100.44,100.44,100.44,100.44,0
CA135087R556,"1,132969994,1330,184",2026-01-19 12:44,100.44,100.44,100.44,100.44,0
CA135087R556,"1,132969994,1330,184",2026-01-19 14:44,100.44,100.44,100.44,100.44,0
CA135087R556,"1,132969994,1330,184",2026-01-19 16:44,100.44,100.44,100.44,100.44,0
CA135087R556,"1,132969994,1330,184",2026-01-19 18:44,100.44,100.44,100.44,100.44,0
CA135087R556,"1,132969994,1330,184",2026-01-19 20:44,100.44,100.44,100.44,100.44,0
CA135087R556,"1,132969994,1330,184",2026-01-19 22:44,100.44,100.44,100.44,100.44,0
CA135087E679,"1,28975906,1330,184",2026-01-05 06:44,99.67,0.0,0.0,0.0,0
CA135087E679,"1,28975906,1330,184",2026-01-05 07:44,99.67,99.67,99.67,99.67,0
CA135087E679,"1,28975906,1330,184",2026-01-05 08:44,99.67,99.67,99.67,99.67,0
CA135087E679,"1,28975906,1330,184",2026-01-05 10:44,99.67,99.67,99.67,99.67,0
CA135087E679,"1,28975906,1330,184",2026-01-05 12:44,99.68,99.68,99.68,99.68,0
CA135087E679,"1,28975906,1330,184",2026-01-05 14:44,99.68,99.68,99.68,99.68,0
CA135087E679,"1,28975906,1330,184",2026-01-05 16:44,99.68,99.68,99.68,99.68,0
CA135087E679,"1,28975906,1330,184",2026-01-05 18:44,99.68,99.68,99.68,99.68,0
CA135087E679,"1,28975906,1330,184",2026-01-05 20:44,99.68,99.68,99.68,99.68,0
CA135087E679,"1,28975906,1330,184",2026-01-05 22:44,99.68,99.68,99.68,99.68,0
CA135087E679,"1,28975906,1330,184",2026-01-06 07:44,99.69,99.69,99.69,99.69,0
CA135087E679,"1,28975906,1330,184",2026-01-06 08:44,99.69,99.69,99.69,99.69,0
CA135087E679,"1,28975906,1330,184",2026-01-06 10:44,99.69,99.69,99.69,99.69,0
CA135087E679,"1,28975906,1330,184",2026-01-06 12:44,99.69,99.69,99.69,99.69,0
CA135087E679,"1,28975906,1330,184",2026-01-06 14:44,99.69,99.69,99.69,99.69,0
CA135087E679,"1,28975906,1330,184",2026-01-06 16:44,99.69,99.69,99.69,99.69,0
CA135087E679,"1,28975906,1330,184",2026-01-06 18:44,99.69,99.69,99.69,99.69,0
CA135087E679,"1,28975906,1330,184",2026-01-06 20:44,99.69,99.69,99.69,99.69,0
CA135087E679,"1,28975906,1330,184",2026-01-06 22:44,99.69,99.69,99.69,99.69,0
CA135087E679,"1,28975906,1330,184",2026-01-07 07:44,99.69,99.69,99.69,99.69,0
CA135087E679,"1,28975906,1330,184",2026-01-07 08:44,99.69,99.69,99.69,99.69,0
CA135087E679,"1,28975906,1330,184",2026-01-07 10:44,99.69,99.69,99.69,99.69,0
CA135087E679,"1,28975906,1330,184",2026-01-07 12:44,99.69,99.69,99.69,99.69,0
CA135087E679,"1,28975906,1330,184",2026-01-07 14:44,99.69,99.69,99.69,99.69,0
CA135087E679,"1,28975906,1330,184",2026-01-07 16:44,99.69,99.69,99.69,99.69,0
CA135087E679,"1,28975906,1330,184",2026-01-07 18:44,99.69,99.69,99.69,99.69,0
CA135087E679,"1,28975906,1330,184",2026-01-07 20:44,99.69,99.69,99.69,99.69,0
CA135087E679,"1,28975906,1330,184",2026-01-07 22:44,99.69,99.69,99.69,99.69,0
CA135087E679,"1,28975906,1330,184",2026-01-08 07:44,99.7,99.7,99.7,99.7,0
CA135087E679,"1,28975906,1330,184",2026-01-08 08:44,99.7,99.7,99.7,99.7,0
CA135087E679,"1,28975906,1330,184",2026-01-08 10:44,99.7,99.7,99.7,99.7,0
CA135087E679,"1,28975906,1330,184",2026-01-08 12:44,99.7,99.7,99.7,99.7,0
CA135087E679,"1,28975906,1330,184",2026-01-08 14:44,99.7,99.7,99.7,99.7,0
CA135087E679,"1,28975906,1330,184",2026-01-08 16:44,99.7,99.7,99.7,99.7,0
CA135087E679,"1,28975906,1330,184",2026-01-08 18:44,99.7,99.7,99.7,99.7,0
CA135087E679,"1,28975906,1330,184",2026-01-08 20:44,99.7,99.7,99.7,99.7,0
CA135087E679,"1,28975906,1330,184",2026-01-08 22:44,99.7,99.7,99.7,99.7,0
CA135087E679,"1,28975906,1330,184",2026-01-09 07:44,99.7,99.7,99.7,99.7,0
CA135087E679,"1,28975906,1330,184",2026-01-09 08:44,99.7,99.7,99.7,99.7,0
CA135087E679,"1,28975906,1330,184",2026-01-09 10:44,99.7,99.7,99.7,99.7,0
CA135087E679,"1,28975906,1330,184",2026-01-09 12:14,99.7,99.7,99.7,99.7,30000
CA135087E679,"1,28975906,1330,184",2026-01-09 12:44,99.7,99.7,99.7,99.7,0
CA135087E679,"1,28975906,1330,184",2026-01-09 14:44,99.7,99.7,99.7,99.7,0
CA135087E679,"1,28975906,1330,184",2026-01-09 16:44,99.7,99.7,99.7,99.7,0
CA135087E679,"1,28975906,1330,184",2026-01-09 18:44,99.7,99.7,99.7,99.7,0
CA135087E679,"1,28975906,1330,184",2026-01-09 20:44,99.7,99.7,99.7,99.7,0
CA135087E679,"1,28975906,1330,184",2026-01-09 22:44,99.7,99.7,99.7,99.7,0
CA135087E679,"1,28975906,1330,184",2026-01-12 07:44,99.71,99.71,99.71,99.71,0
CA135087E679,"1,28975906,1330,184",2026-01-12 08:44,99.71,99.71,99.71,99.71,0
CA135087E679,"1,28975906,1330,184",2026-01-12 10:44,99.71,99.71,99.71,99.71,0
CA135087E679,"1,28975906,1330,184",2026-01-12 12:44,99.71,99.71,99.71,99.71,0
CA135087E679,"1,28975906,1330,184",2026-01-12 14:44,99.71,99.71,99.71,99.71,0
CA135087E679,"1,28975906,1330,184",2026-01-12 16:44,99.71,99.71,99.71,99.71,0
CA135087E679,"1,28975906,1330,184",2026-01-12 18:44,99.71,99.71,99.71,99.71,0
CA135087E679,"1,28975906,1330,184",2026-01-12 20:44,99.71,99.71,99.71,99.71,0
CA135087E679,"1,28975906,1330,184",2026-01-12 22:44,99.71,99.71,99.71,99.71,0
CA135087E679,"1,28975906,1330,184",2026-01-13 07:44,99.71,99.71,99.71,99.71,0
CA135087E679,"1,28975906,1330,184",2026-01-13 08:44,99.71,99.71,99.71,99.71,0
CA135087E679,"1,28975906,1330,184",2026-01-13 10:44,99.71,99.71,99.71,99.71,0
CA135087E679,"1,28975906,1330,184",2026-01-13 12:44,99.71,99.71,99.71,99.71,0
CA135087E679,"1,28975906,1330,184",2026-01-13 14:44,99.71,99.71,99.71,99.71,0
CA135087E679,"1,28975906,1330,184",2026-01-13 16:44,99.71,99.71,99.71,99.71,0
CA135087E679,"1,28975906,1330,184",2026-01-13 18:44,99.71,99.71,99.71,99.71,0
CA135087E679,"1,28975906,1330,184",2026-01-13 20:44,99.71,99.71,99.71,99.71,0
CA135087E679,"1,28975906,1330,184",2026-01-13 22:44,99.71,99.71,99.71,99.71,0
CA135087E679,"1,28975906,1330,184",2026-01-14 07:44,99.71,99.71,99.71,99.71,0
CA135087E679,"1,28975906,1330,184",2026-01-14 08:44,99.71,99.71,99.71,99.71,0
CA135087E679,"1,28975906,1330,184",2026-01-14 10:44,99.71,99.71,99.71,99.71,0
CA135087E679,"1,28975906,1330,184",2026-01-14 12:44,99.71,99.71,99.71,99.71,0
CA135087E679,"1,28975906,1330,184",2026-01-14 14:44,99.71,99.71,99.71,99.71,0
CA135087E679,"1,28975906,1330,184",2026-01-14 16:44,99.71,99.71,99.71,99.71,0
CA135087E679,"1,28975906,1330,184",2026-01-14 18:44,99.71,99.71,99.71,99.71,0
CA135087E679,"1,28975906,1330,184",2026-01-14 20:44,99.71,99.71,99.71,99.71,0
CA135087E679,"1,28975906,1330,184",2026-01-14 22:44,99.71,99.71,99.71,99.71,0
CA135087E679,"1,28975906,1330,184",2026-01-15 07:44,99.72,99.72,99.72,99.72,0
CA135087E679,"1,28975906,1330,184",2026-01-15 08:44,99.72,99.72,99.72,99.72,0
CA135087E679,"1,28975906,1330,184",2026-01-15 10:44,99.72,99.72,99.72,99.72,0
CA135087E679,"1,28975906,1330,184",2026-01-15 12:44,99.72,99.72,99.72,99.72,0
CA135087E679,"1,28975906,1330,184",2026-01-15 14:44,99.72,99.72,99.72,99.72,0
CA135087E679,"1,28975906,1330,184",2026-01-15 16:44,99.72,99.72,99.72,99.72,0
CA135087E679,"1,28975906,1330,184",2026-01-15 17:29,99.765,99.765,99.765,99.765,13000
CA135087E679,"1,28975906,1330,184",2026-01-15 18:44,99.765,99.765,99.765,99.765,0
CA135087E679,"1,28975906,1330,184",2026-01-15 20:44,99.765,99.765,99.765,99.765,0
CA135087E679,"1,28975906,1330,184",2026-01-15 22:44,99.765,99.765,99.765,99.765,0
CA135087E679,"1,28975906,1330,184",2026-01-16 07:44,99.72,99.72,99.72,99.72,0
CA135087E679,"1,28975906,1330,184",2026-01-16 08:44,99.72,99.72,99.72,99.72,0
CA135087E679,"1,28975906,1330,184",2026-01-16 10:44,99.72,99.72,99.72,99.72,0
CA135087E679,"1,28975906,1330,184",2026-01-16 12:44,99.73,99.73,99.73,99.73,0
CA135087E679,"1,28975906,1330,184",2026-01-16 14:44,99.73,99.73,99.73,99.73,0
CA135087E679,"1,28975906,1330,184",2026-01-16 16:44,99.73,99.73,99.73,99.73,0
CA135087E679,"1,28975906,1330,184",2026-01-16 18:44,99.73,99.73,99.73,99.73,0
CA135087E679,"1,28975906,1330,184",2026-01-16 20:44,99.73,99.73,99.73,99.73,0
CA135087E679,"1,28975906,1330,184",2026-01-16 22:44,99.73,99.73,99.73,99.73,0
CA135087E679,"1,28975906,1330,184",2026-01-19 07:44,99.72,99.72,99.72,99.72,0
CA135087E679,"1,28975906,1330,184",2026-01-19 08:44,99.72,99.72,99.72,99.72,0
CA135087E679,"1,28975906,1330,184",2026-01-19 10:44,99.72,99.72,99.72,99.72,0
CA135087E679,"1,28975906,1330,184",2026-01-19 12:44,99.73,99.73,99.73,99.73,0
CA135087E679,"1,28975906,1330,184",2026-01-19 14:44,99.73,99.73,99.73,99.73,0
CA135087E679,"1,28975906,1330,184",2026-01-19 18:44,99.73,99.73,99.73,99.73,0
CA135087E679,"1,28975906,1330,184",2026-01-19 22:44,99.73,99.73,99.73,99.73,0
CA135087R978,"1,135402145,1330,184",2026-01-05 06:44,100.86,0.0,0.0,0.0,0
CA135087R978,"1,135402145,1330,184",2026-01-05 07:44,100.86,100.86,100.86,100.86,0
CA135087R978,"1,135402145,1330,184",2026-01-05 08:44,100.86,100.86,100.86,100.86,0
CA135087R978,"1,135402145,1330,184",2026-01-05 10:44,100.86,100.86,100.86,100.86,0
CA135087R978,"1,135402145,1330,184",2026-01-05 12:44,100.86,100.86,100.86,100.86,0
CA135087R978,"1,135402145,1330,184",2026-01-05 14:44,100.87,100.87,100.87,100.87,0
CA135087R978,"1,135402145,1330,184",2026-01-05 16:44,100.88,100.88,100.88,100.88,0
CA135087R978,"1,135402145,1330,184",2026-01-05 18:44,100.88,100.88,100.88,100.88,0
CA135087R978,"1,135402145,1330,184",2026-01-05 20:44,100.88,100.88,100.88,100.88,0
CA135087R978,"1,135402145,1330,184",2026-01-05 22:44,100.88,100.88,100.88,100.88,0
CA135087R978,"1,135402145,1330,184",2026-01-06 07:44,100.88,100.88,100.88,100.88,0
CA135087R978,"1,135402145,1330,184",2026-01-06 08:44,100.88,100.88,100.88,100.88,0
CA135087R978,"1,135402145,1330,184",2026-01-06 10:44,100.88,100.88,100.88,100.88,0
CA135087R978,"1,135402145,1330,184",2026-01-06 12:44,100.88,100.88,100.88,100.88,0
CA135087R978,"1,135402145,1330,184",2026-01-06 14:44,100.88,100.88,100.88,100.88,0
CA135087R978,"1,135402145,1330,184",2026-01-06 16:44,100.88,100.88,100.88,100.88,0
CA135087R978,"1,135402145,1330,184",2026-01-06 18:44,100.88,100.88,100.88,100.88,0
CA135087R978,"1,135402145,1330,184",2026-01-06 20:44,100.88,100.88,100.88,100.88,0
CA135087R978,"1,135402145,1330,184",2026-01-06 22:44,100.88,100.88,100.88,100.88,0
CA135087R978,"1,135402145,1330,184",2026-01-07 07:44,100.87,100.87,100.87,100.87,0
CA135087R978,"1,135402145,1330,184",2026-01-07 08:44,100.87,100.87,100.87,100.87,0
CA135087R978,"1,135402145,1330,184",2026-01-07 10:44,100.87,100.87,100.87,100.87,0
CA135087R978,"1,135402145,1330,184",2026-01-07 12:44,100.88,100.88,100.88,100.88,0
CA135087R978,"1,135402145,1330,184",2026-01-07 14:44,100.88,100.88,100.88,100.88,0
CA135087R978,"1,135402145,1330,184",2026-01-07 16:44,100.88,100.88,100.88,100.88,0
CA135087R978,"1,135402145,1330,184",2026-01-07 18:44,100.88,100.88,100.88,100.88,0
CA135087R978,"1,135402145,1330,184",2026-01-07 20:44,100.88,100.88,100.88,100.88,0
CA135087R978,"1,135402145,1330,184",2026-01-07 22:44,100.88,100.88,100.88,100.88,0
CA135087R978,"1,135402145,1330,184",2026-01-08 07:44,100.87,100.87,100.87,100.87,0
CA135087R978,"1,135402145,1330,184",2026-01-08 08:44,100.87,100.87,100.87,100.87,0
CA135087R978,"1,135402145,1330,184",2026-01-08 10:44,100.87,100.87,100.87,100.87,0
CA135087R978,"1,135402145,1330,184",2026-01-08 14:44,100.88,100.88,100.88,100.88,0
CA135087R978,"1,135402145,1330,184",2026-01-08 16:44,100.88,100.88,100.88,100.88,0
CA135087R978,"1,135402145,1330,184",2026-01-08 18:44,100.88,100.88,100.88,100.88,0
CA135087R978,"1,135402145,1330,184",2026-01-08 20:44,100.88,100.88,100.88,100.88,0
CA135087R978,"1,135402145,1330,184",2026-01-08 22:44,100.88,100.88,100.88,100.88,0
CA135087R978,"1,135402145,1330,184",2026-01-09 07:44,100.87,100.87,100.87,100.87,0
CA135087R978,"1,135402145,1330,184",2026-01-09 08:44,100.87,100.87,100.87,100.87,0
CA135087R978,"1,135402145,1330,184",2026-01-09 10:44,100.87,100.87,100.87,100.87,0
CA135087R978,"1,135402145,1330,184",2026-01-09 12:44,100.87,100.87,100.87,100.87,0
CA135087R978,"1,135402145,1330,184",2026-01-09 14:44,100.87,100.87,100.87,100.87,0
CA135087R978,"1,135402145,1330,184",2026-01-09 16:44,100.87,100.87,100.87,100.87,0
CA135087R978,"1,135402145,1330,184",2026-01-09 18:44,100.87,100.87,100.87,100.87,0
CA135087R978,"1,135402145,1330,184",2026-01-09 20:44,100.87,100.87,100.87,100.87,0
CA135087R978,"1,135402145,1330,184",2026-01-09 22:44,100.87,100.87,100.87,100.87,0
CA135087R978,"1,135402145,1330,184",2026-01-12 07:44,100.86,100.86,100.86,100.86,0
CA135087R978,"1,135402145,1330,184",2026-01-12 08:44,100.86,100.86,100.86,100.86,0
CA135087R978,"1,135402145,1330,184",2026-01-12 10:44,100.86,100.86,100.86,100.86,0
CA135087R978,"1,135402145,1330,184",2026-01-12 12:44,100.86,100.86,100.86,100.86,0
CA135087R978,"1,135402145,1330,184",2026-01-12 14:44,100.86,100.86,100.86,100.86,0
CA135087R978,"1,135402145,1330,184",2026-01-12 16:44,100.86,100.86,100.86,100.86,0
CA135087R978,"1,135402145,1330,184",2026-01-12 18:44,100.86,100.86,100.86,100.86,0
CA135087R978,"1,135402145,1330,184",2026-01-12 20:44,100.86,100.86,100.86,100.86,0
CA135087R978,"1,135402145,1330,184",2026-01-12 22:44,100.86,100.86,100.86,100.86,0
CA135087R978,"1,135402145,1330,184",2026-01-13 07:44,100.86,100.86,100.86,100.86,0
CA135087R978,"1,135402145,1330,184",2026-01-13 08:44,100.86,100.86,100.86,100.86,0
CA135087R978,"1,135402145,1330,184",2026-01-13 10:44,100.86,100.86,100.86,100.86,0
CA135087R978,"1,135402145,1330,184",2026-01-13 12:44,100.86,100.86,100.86,100.86,0
CA135087R978,"1,135402145,1330,184",2026-01-13 14:44,100.86,100.86,100.86,100.86,0
CA135087R978,"1,135402145,1330,184",2026-01-13 16:44,100.86,100.86,100.86,100.86,0
CA135087R978,"1,135402145,1330,184",2026-01-13 18:44,100.86,100.86,100.86,100.86,0
CA135087R978,"1,135402145,1330,184",2026-01-13 20:44,100.86,100.86,100.86,100.86,0
CA135087R978,"1,135402145,1330,184",2026-01-13 22:44,100.86,100.86,100.86,100.86,0
CA135087R978,"1,135402145,1330,184",2026-01-14 07:44,100.85,100.85,100.85,100.85,0
CA135087R978,"1,135402145,1330,184",2026-01-14 08:44,100.85,100.85,100.85,100.85,0
CA135087R978,"1,135402145,1330,184",2026-01-14 10:44,100.85,100.85,100.85,100.85,0
CA135087R978,"1,135402145,1330,184",2026-01-14 12:44,100.85,100.85,100.85,100.85,0
CA135087R978,"1,135402145,1330,184",2026-01-14 14:44,100.85,100.85,100.85,100.85,0
CA135087R978,"1,135402145,1330,184",2026-01-14 16:44,100.86,100.86,100.86,100.86,0
CA135087R978,"1,135402145,1330,184",2026-01-14 18:44,100.86,100.86,100.86,100.86,0
CA135087R978,"1,135402145,1330,184",2026-01-14 20:44,100.86,100.86,100.86,100.86,0
CA135087R978,"1,135402145,1330,184",2026-01-14 22:44,100.86,100.86,100.86,100.86,0
CA135087R978,"1,135402145,1330,184",2026-01-15 07:44,100.86,100.86,100.86,100.86,0
CA135087R978,"1,135402145,1330,184",2026-01-15 08:44,100.86,100.86,100.86,100.86,0
CA135087R978,"1,135402145,1330,184",2026-01-15 10:44,100.86,100.86,100.86,100.86,0
CA135087R978,"1,135402145,1330,184",2026-01-15 12:44,100.86,100.86,100.86,100.86,0
CA135087R978,"1,135402145,1330,184",2026-01-15 14:44,100.86,100.86,100.86,100.86,0
CA135087R978,"1,135402145,1330,184",2026-01-15 16:44,100.86,100.86,100.86,100.86,0
CA135087R978,"1,135402145,1330,184",2026-01-15 18:44,100.86,100.86,100.86,100.86,0
CA135087R978,"1,135402145,1330,184",2026-01-15 20:44,100.86,100.86,100.86,100.86,0
CA135087R978,"1,135402145,1330,184",2026-01-15 22:44,100.86,100.86,100.86,100.86,0
CA135087R978,"1,135402145,1330,184",2026-01-16 07:44,100.85,100.85,100.85,100.85,0
CA135087R978,"1,135402145,1330,184",2026-01-16 08:44,100.85,100.85,100.85,100.85,0
CA135087R978,"1,135402145,1330,184",2026-01-16 10:44,100.85,100.85,100.85,100.85,0
CA135087R978,"1,135402145,1330,184",2026-01-16 12:44,100.85,100.85,100.85,100.85,0
CA135087R978,"1,135402145,1330,184",2026-01-16 14:44,100.85,100.85,100.85,100.85,0
CA135087R978,"1,135402145,1330,184",2026-01-16 16:44,100.85,100.85,100.85,100.85,0
CA135087R978,"1,135402145,1330,184",2026-01-16 18:44,100.85,100.85,100.85,100.85,0
CA135087R978,"1,135402145,1330,184",2026-01-16 20:44,100.85,100.85,100.85,100.85,0
CA135087R978,"1,135402145,1330,184",2026-01-16 22:44,100.85,100.85,100.85,100.85,0
CA135087R978,"1,135402145,1330,184",2026-01-19 07:44,100.84,100.84,100.84,100.84,0
CA135087R978,"1,135402145,1330,184",2026-01-19 08:44,100.84,100.84,100.84,100.84,0
CA135087R978,"1,135402145,1330,184",2026-01-19 10:44,100.84,100.84,100.84,100.84,0
CA135087R978,"1,135402145,1330,184",2026-01-19 12:44,100.84,100.84,100.84,100.84,0
CA135087R978,"1,135402145,1330,184",2026-01-19 14:44,100.84,100.84,100.84,100.84,0
CA135087R978,"1,135402145,1330,184",2026-01-19 16:44,100.84,100.84,100.84,100.84,0
CA135087R978,"1,135402145,1330,184",2026-01-19 18:44,100.84,100.84,100.84,100.84,0
CA135087R978,"1,135402145,1330,184",2026-01-19 20:44,100.84,100.84,100.84,100.84,0
CA135087R978,"1,135402145,1330,184",2026-01-19 22:44,100.84,100.84,100.84,100.84,0
CA135087L930,"1,111141014,1330,184",2026-01-05 06:44,99.11,0.0,0.0,0.0,0
CA135087L930,"1,111141014,1330,184",2026-01-05 07:44,99.11,99.11,99.11,99.11,0
CA135087L930,"1,111141014,1330,184",2026-01-05 08:44,99.11,99.11,99.11,99.11,0
CA135087L930,"1,111141014,1330,184",2026-01-05 10:44,99.11,99.11,99.11,99.11,0
CA135087L930,"1,111141014,1330,184",2026-01-05 12:44,99.12,99.12,99.12,99.12,0
CA135087L930,"1,111141014,1330,184",2026-01-05 14:44,99.145,99.145,99.145,99.145,0
CA135087L930,"1,111141014,1330,184",2026-01-05 16:44,99.145,99.145,99.145,99.145,0
CA135087L930,"1,111141014,1330,184",2026-01-05 18:44,99.145,99.145,99.145,99.145,0
CA135087L930,"1,111141014,1330,184",2026-01-05 20:44,99.145,99.145,99.145,99.145,0
CA135087L930,"1,111141014,1330,184",2026-01-05 22:44,99.145,99.145,99.145,99.145,0
CA135087L930,"1,111141014,1330,184",2026-01-06 07:44,99.14,99.14,99.14,99.14,0
CA135087L930,"1,111141014,1330,184",2026-01-06 08:44,99.14,99.14,99.14,99.14,0
CA135087L930,"1,111141014,1330,184",2026-01-06 10:44,99.14,99.14,99.14,99.14,0
CA135087L930,"1,111141014,1330,184",2026-01-06 12:44,99.14,99.14,99.14,99.14,0
CA135087L930,"1,111141014,1330,184",2026-01-06 14:44,99.145,99.145,99.145,99.145,0
CA135087L930,"1,111141014,1330,184",2026-01-06 16:44,99.145,99.145,99.145,99.145,0
CA135087L930,"1,111141014,1330,184",2026-01-06 18:44,99.145,99.145,99.145,99.145,0
CA135087L930,"1,111141014,1330,184",2026-01-06 20:44,99.145,99.145,99.145,99.145,0
CA135087L930,"1,111141014,1330,184",2026-01-06 22:44,99.145,99.145,99.145,99.145,0
CA135087L930,"1,111141014,1330,184",2026-01-07 07:44,99.14,99.14,99.14,99.14,0
CA135087L930,"1,111141014,1330,184",2026-01-07 08:44,99.14,99.14,99.14,99.14,0
CA135087L930,"1,111141014,1330,184",2026-01-07 10:44,99.14,99.14,99.14,99.14,0
CA135087L930,"1,111141014,1330,184",2026-01-07 12:44,99.15,99.15,99.15,99.15,0
CA135087L930,"1,111141014,1330,184",2026-01-07 14:44,99.165,99.165,99.165,99.165,0
CA135087L930,"1,111141014,1330,184",2026-01-07 16:44,99.165,99.165,99.165,99.165,0
CA135087L930,"1,111141014,1330,184",2026-01-07 18:44,99.165,99.165,99.165,99.165,0
CA135087L930,"1,111141014,1330,184",2026-01-07 20:44,99.165,99.165,99.165,99.165,0
CA135087L930,"1,111141014,1330,184",2026-01-07 22:44,99.165,99.165,99.165,99.165,0
CA135087L930,"1,111141014,1330,184",2026-01-08 07:44,99.16,99.16,99.16,99.16,0
CA135087L930,"1,111141014,1330,184",2026-01-08 08:44,99.16,99.16,99.16,99.16,12000
CA135087L930,"1,111141014,1330,184",2026-01-08 10:44,99.16,99.16,99.16,99.16,0
CA135087L930,"1,111141014,1330,184",2026-01-08 12:44,99.16,99.16,99.16,99.16,0
CA135087L930,"1,111141014,1330,184",2026-01-08 14:44,99.16,99.16,99.16,99.16,0
CA135087L930,"1,111141014,1330,184",2026-01-08 16:44,99.16,99.16,99.16,99.16,0
CA135087L930,"1,111141014,1330,184",2026-01-08 18:44,99.16,99.16,99.16,99.16,0
CA135087L930,"1,111141014,1330,184",2026-01-08 20:44,99.16,99.16,99.16,99.16,0
CA135087L930,"1,111141014,1330,184",2026-01-08 22:44,99.16,99.16,99.16,99.16,0
CA135087L930,"1,111141014,1330,184",2026-01-09 07:44,99.16,99.16,99.16,99.16,0
CA135087L930,"1,111141014,1330,184",2026-01-09 08:44,99.16,99.16,99.16,99.16,0
CA135087L930,"1,111141014,1330,184",2026-01-09 10:44,99.16,99.16,99.16,99.16,0
CA135087L930,"1,111141014,1330,184",2026-01-09 14:44,99.175,99.175,99.175,99.175,0
CA135087L930,"1,111141014,1330,184",2026-01-09 16:44,99.19,99.19,99.19,99.19,0
CA135087L930,"1,111141014,1330,184",2026-01-09 18:44,99.19,99.19,99.19,99.19,0
CA135087L930,"1,111141014,1330,184",2026-01-09 20:44,99.19,99.19,99.19,99.19,0
CA135087L930,"1,111141014,1330,184",2026-01-09 22:44,99.19,99.19,99.19,99.19,0
CA135087L930,"1,111141014,1330,184",2026-01-12 07:44,99.18,99.18,99.18,99.18,0
CA135087L930,"1,111141014,1330,184",2026-01-12 08:44,99.18,99.18,99.18,99.18,0
CA135087L930,"1,111141014,1330,184",2026-01-12 10:44,99.18,99.18,99.18,99.18,0
CA135087L930,"1,111141014,1330,184",2026-01-12 12:44,99.18,99.18,99.18,99.18,0
CA135087L930,"1,111141014,1330,184",2026-01-12 14:44,99.18,99.18,99.18,99.18,0
CA135087L930,"1,111141014,1330,184",2026-01-12 16:44,99.18,99.18,99.18,99.18,0
CA135087L930,"1,111141014,1330,184",2026-01-12 18:44,99.18,99.18,99.18,99.18,0
CA135087L930,"1,111141014,1330,184",2026-01-12 20:44,99.18,99.18,99.18,99.18,0
CA135087L930,"1,111141014,1330,184",2026-01-12 22:44,99.18,99.18,99.18,99.18,0
CA135087L930,"1,111141014,1330,184",2026-01-13 07:44,99.17,99.17,99.17,99.17,0
CA135087L930,"1,111141014,1330,184",2026-01-13 08:44,99.17,99.17,99.17,99.17,0
CA135087L930,"1,111141014,1330,184",2026-01-13 10:44,99.17,99.17,99.17,99.17,0
CA135087L930,"1,111141014,1330,184",2026-01-13 12:44,99.17,99.17,99.17,99.17,0
CA135087L930,"1,111141014,1330,184",2026-01-13 14:44,99.19,99.19,99.19,99.19,0
CA135087L930,"1,111141014,1330,184",2026-01-13 16:44,99.19,99.19,99.19,99.19,0
CA135087L930,"1,111141014,1330,184",2026-01-13 18:44,99.19,99.19,99.19,99.19,0
CA135087L930,"1,111141014,1330,184",2026-01-13 20:44,99.19,99.19,99.19,99.19,0
CA135087L930,"1,111141014,1330,184",2026-01-13 22:44,99.19,99.19,99.19,99.19,0
CA135087L930,"1,111141014,1330,184",2026-01-14 07:44,99.18,99.18,99.18,99.18,0
CA135087L930,"1,111141014,1330,184",2026-01-14 08:44,99.18,99.18,99.18,99.18,0
CA135087L930,"1,111141014,1330,184",2026-01-14 10:44,99.18,99.18,99.18,99.18,0
CA135087L930,"1,111141014,1330,184",2026-01-14 12:44,99.19,99.19,99.19,99.19,0
CA135087L930,"1,111141014,1330,184",2026-01-14 14:44,99.2,99.2,99.2,99.2,0
CA135087L930,"1,111141014,1330,184",2026-01-14 15:29,99.2,99.2,99.2,99.2,4000
CA135087L930,"1,111141014,1330,184",2026-01-14 16:44,99.2,99.2,99.2,99.2,0
CA135087L930,"1,111141014,1330,184",2026-01-14 18:44,99.2,99.2,99.2,99.2,0
CA135087L930,"1,111141014,1330,184",2026-01-14 20:44,99.2,99.2,99.2,99.2,0
CA135087L930,"1,111141014,1330,184",2026-01-14 22:44,99.2,99.2,99.2,99.2,0
CA135087L930,"1,111141014,1330,184",2026-01-15 07:44,99.2,99.2,99.2,99.2,0
CA135087L930,"1,111141014,1330,184",2026-01-15 08:44,99.2,99.2,99.2,99.2,0
CA135087L930,"1,111141014,1330,184",2026-01-15 10:44,99.2,99.2,99.2,99.2,0
CA135087L930,"1,111141014,1330,184",2026-01-15 12:44,99.21,99.21,99.21,99.21,0
CA135087L930,"1,111141014,1330,184",2026-01-15 14:44,99.21,99.21,99.21,99.21,0
CA135087L930,"1,111141014,1330,184",2026-01-15 16:44,99.21,99.21,99.21,99.21,0
CA135087L930,"1,111141014,1330,184",2026-01-15 18:44,99.21,99.21,99.21,99.21,0
CA135087L930,"1,111141014,1330,184",2026-01-15 20:44,99.21,99.21,99.21,99.21,0
CA135087L930,"1,111141014,1330,184",2026-01-15 22:44,99.21,99.21,99.21,99.21,0
CA135087L930,"1,111141014,1330,184",2026-01-16 07:44,99.2,99.2,99.2,99.2,0
CA135087L930,"1,111141014,1330,184",2026-01-16 08:44,99.2,99.2,99.2,99.2,0
CA135087L930,"1,111141014,1330,184",2026-01-16 10:44,99.2,99.2,99.2,99.2,0
CA135087L930,"1,111141014,1330,184",2026-01-16 12:44,99.22,99.22,99.22,99.22,0
CA135087L930,"1,111141014,1330,184",2026-01-16 14:44,99.22,99.22,99.22,99.22,0
CA135087L930,"1,111141014,1330,184",2026-01-16 16:44,99.22,99.22,99.22,99.22,0
CA135087L930,"1,111141014,1330,184",2026-01-16 18:44,99.22,99.22,99.22,99.22,0
CA135087L930,"1,111141014,1330,184",2026-01-16 20:44,99.22,99.22,99.22,99.22,0
CA135087L930,"1,111141014,1330,184",2026-01-16 22:44,99.22,99.22,99.22,99.22,0
CA135087L930,"1,111141014,1330,184",2026-01-19 07:44,99.21,99.21,99.21,99.21,0
CA135087L930,"1,111141014,1330,184",2026-01-19 08:44,99.21,99.21,99.21,99.21,0
CA135087L930,"1,111141014,1330,184",2026-01-19 10:44,99.21,99.21,99.21,99.21,0
CA135087L930,"1,111141014,1330,184",2026-01-19 12:44,99.21,99.21,99.21,99.21,0
CA135087L930,"1,111141014,1330,184",2026-01-19 14:44,99.215,99.215,99.215,99.215,0
CA135087L930,"1,111141014,1330,184",2026-01-19 16:44,99.215,99.215,99.215,99.215,0
CA135087L930,"1,111141014,1330,184",2026-01-19 18:44,99.215,99.215,99.215,99.215,0
CA135087L930,"1,111141014,1330,184",2026-01-19 20:44,99.215,99.215,99.215,99.215,0
CA135087L930,"1,111141014,1330,184",2026-01-19 22:44,99.215,99.215,99.215,99.215,0
CA135087S398,"1,137893857,1330,184",2026-01-05 06:44,100.678,0.0,0.0,0.0,0
CA135087S398,"1,137893857,1330,184",2026-01-05 07:44,100.678,100.678,100.678,100.678,0
CA135087S398,"1,137893857,1330,184",2026-01-05 08:44,100.678,100.678,100.678,100.678,0
CA135087S398,"1,137893857,1330,184",2026-01-05 10:44,100.68,100.68,100.68,100.68,0
CA135087S398,"1,137893857,1330,184",2026-01-05 12:44,100.68,100.68,100.68,100.68,0
CA135087S398,"1,137893857,1330,184",2026-01-05 14:44,100.68,100.68,100.68,100.68,0
CA135087S398,"1,137893857,1330,184",2026-01-05 16:44,100.68,100.68,100.68,100.68,0
CA135087S398,"1,137893857,1330,184",2026-01-05 18:44,100.685,100.685,100.685,100.685,0
CA135087S398,"1,137893857,1330,184",2026-01-05 20:44,100.69,100.69,100.69,100.69,0
CA135087S398,"1,137893857,1330,184",2026-01-05 22:44,100.69,100.69,100.69,100.69,0
CA135087S398,"1,137893857,1330,184",2026-01-06 07:44,100.698,100.698,100.698,100.698,0
CA135087S398,"1,137893857,1330,184",2026-01-06 08:44,100.698,100.698,100.698,100.698,0
CA135087S398,"1,137893857,1330,184",2026-01-06 10:44,100.7,100.7,100.7,100.7,0
CA135087S398,"1,137893857,1330,184",2026-01-06 12:44,100.7,100.7,100.7,100.7,0
CA135087S398,"1,137893857,1330,184",2026-01-06 14:44,100.7,100.7,100.7,100.7,0
CA135087S398,"1,137893857,1330,184",2026-01-06 16:44,100.69,100.69,100.69,100.69,0
CA135087S398,"1,137893857,1330,184",2026-01-06 18:44,100.69,100.69,100.69,100.69,0
CA135087S398,"1,137893857,1330,184",2026-01-06 20:44,100.69,100.69,100.69,100.69,0
CA135087S398,"1,137893857,1330,184",2026-01-06 22:44,100.69,100.69,100.69,100.69,0
CA135087S398,"1,137893857,1330,184",2026-01-07 07:44,100.688,100.688,100.688,100.688,0
CA135087S398,"1,137893857,1330,184",2026-01-07 08:44,100.688,100.688,100.688,100.688,0
CA135087S398,"1,137893857,1330,184",2026-01-07 10:44,100.69,100.69,100.69,100.69,0
CA135087S398,"1,137893857,1330,184",2026-01-07 12:44,100.69,100.69,100.69,100.69,0
CA135087S398,"1,137893857,1330,184",2026-01-07 14:44,100.7,100.7,100.7,100.7,0
CA135087S398,"1,137893857,1330,184",2026-01-07 16:44,100.7,100.7,100.7,100.7,0
CA135087S398,"1,137893857,1330,184",2026-01-07 18:44,100.7,100.7,100.7,100.7,0
CA135087S398,"1,137893857,1330,184",2026-01-07 20:44,100.7,100.7,100.7,100.7,0
CA135087S398,"1,137893857,1330,184",2026-01-07 22:44,100.7,100.7,100.7,100.7,0
CA135087S398,"1,137893857,1330,184",2026-01-08 07:44,100.685,100.685,100.685,100.685,0
CA135087S398,"1,137893857,1330,184",2026-01-08 08:44,100.685,100.685,100.685,100.685,0
CA135087S398,"1,137893857,1330,184",2026-01-08 10:44,100.69,100.69,100.69,100.69,0
CA135087S398,"1,137893857,1330,184",2026-01-08 12:44,100.69,100.69,100.69,100.69,0
CA135087S398,"1,137893857,1330,184",2026-01-08 14:44,100.69,100.69,100.69,100.69,0
CA135087S398,"1,137893857,1330,184",2026-01-08 16:44,100.69,100.69,100.69,100.69,0
CA135087S398,"1,137893857,1330,184",2026-01-08 18:44,100.69,100.69,100.69,100.69,0
CA135087S398,"1,137893857,1330,184",2026-01-08 20:44,100.69,100.69,100.69,100.69,0
CA135087S398,"1,137893857,1330,184",2026-01-08 22:44,100.69,100.69,100.69,100.69,0
CA135087S398,"1,137893857,1330,184",2026-01-09 07:44,100.685,100.685,100.685,100.685,0
CA135087S398,"1,137893857,1330,184",2026-01-09 08:44,100.685,100.685,100.685,100.685,0
CA135087S398,"1,137893857,1330,184",2026-01-09 10:44,100.69,100.69,100.69,100.69,0
CA135087S398,"1,137893857,1330,184",2026-01-09 12:44,100.69,100.69,100.69,100.69,0
CA135087S398,"1,137893857,1330,184",2026-01-09 14:44,100.69,100.69,100.69,100.69,0
CA135087S398,"1,137893857,1330,184",2026-01-09 16:44,100.69,100.69,100.69,100.69,0
CA135087S398,"1,137893857,1330,184",2026-01-09 18:44,100.69,100.69,100.69,100.69,0
CA135087S398,"1,137893857,1330,184",2026-01-09 20:44,100.69,100.69,100.69,100.69,0
CA135087S398,"1,137893857,1330,184",2026-01-09 22:44,100.69,100.69,100.69,100.69,0
CA135087S398,"1,137893857,1330,184",2026-01-12 07:44,100.685,100.685,100.685,100.685,0
CA135087S398,"1,137893857,1330,184",2026-01-12 08:44,100.685,100.685,100.685,100.685,0
CA135087S398,"1,137893857,1330,184",2026-01-12 10:44,100.69,100.69,100.69,100.69,0
CA135087S398,"1,137893857,1330,184",2026-01-12 12:44,100.69,100.69,100.69,100.69,0
CA135087S398,"1,137893857,1330,184",2026-01-12 14:44,100.69,100.69,100.69,100.69,0
CA135087S398,"1,137893857,1330,184",2026-01-12 16:44,100.69,100.69,100.69,100.69,0
CA135087S398,"1,137893857,1330,184",2026-01-12 18:44,100.69,100.69,100.69,100.69,0
CA135087S398,"1,137893857,1330,184",2026-01-12 20:44,100.69,100.69,100.69,100.69,0
CA135087S398,"1,137893857,1330,184",2026-01-12 22:44,100.69,100.69,100.69,100.69,0
CA135087S398,"1,137893857,1330,184",2026-01-13 07:44,100.675,100.675,100.675,100.675,0
CA135087S398,"1,137893857,1330,184",2026-01-13 08:44,100.675,100.675,100.675,100.675,0
CA135087S398,"1,137893857,1330,184",2026-01-13 10:44,100.68,100.68,100.68,100.68,0
CA135087S398,"1,137893857,1330,184",2026-01-13 12:44,100.68,100.68,100.68,100.68,0
CA135087S398,"1,137893857,1330,184",2026-01-13 14:44,100.68,100.68,100.68,100.68,0
CA135087S398,"1,137893857,1330,184",2026-01-13 16:44,100.68,100.68,100.68,100.68,0
CA135087S398,"1,137893857,1330,184",2026-01-13 18:44,100.68,100.68,100.68,100.68,0
CA135087S398,"1,137893857,1330,184",2026-01-13 20:44,100.68,100.68,100.68,100.68,0
CA135087S398,"1,137893857,1330,184",2026-01-13 22:44,100.68,100.68,100.68,100.68,0
CA135087S398,"1,137893857,1330,184",2026-01-14 07:44,100.675,100.675,100.675,100.675,0
CA135087S398,"1,137893857,1330,184",2026-01-14 08:44,100.675,100.675,100.675,100.675,0
CA135087S398,"1,137893857,1330,184",2026-01-14 10:44,100.68,100.68,100.68,100.68,0
CA135087S398,"1,137893857,1330,184",2026-01-14 12:44,100.68,100.68,100.68,100.68,0
CA135087S398,"1,137893857,1330,184",2026-01-14 14:44,100.69,100.69,100.69,100.69,0
CA135087S398,"1,137893857,1330,184",2026-01-14 16:44,100.7,100.7,100.7,100.7,0
CA135087S398,"1,137893857,1330,184",2026-01-14 18:44,100.7,100.7,100.7,100.7,0
CA135087S398,"1,137893857,1330,184",2026-01-14 20:44,100.7,100.7,100.7,100.7,0
CA135087S398,"1,137893857,1330,184",2026-01-14 22:44,100.7,100.7,100.7,100.7,0
CA135087S398,"1,137893857,1330,184",2026-01-15 08:44,100.695,100.695,100.695,100.695,0
CA135087S398,"1,137893857,1330,184",2026-01-15 10:44,100.7,100.7,100.7,100.7,0
CA135087S398,"1,137893857,1330,184",2026-01-15 12:44,100.7,100.7,100.7,100.7,0
CA135087S398,"1,137893857,1330,184",2026-01-15 14:44,100.7,100.7,100.7,100.7,0
CA135087S398,"1,137893857,1330,184",2026-01-15 16:44,100.7,100.7,100.7,100.7,0
CA135087S398,"1,137893857,1330,184",2026-01-15 18:44,100.7,100.7,100.7,100.7,0
CA135087S398,"1,137893857,1330,184",2026-01-15 20:44,100.7,100.7,100.7,100.7,0
CA135087S398,"1,137893857,1330,184",2026-01-15 22:44,100.7,100.7,100.7,100.7,0
CA135087S398,"1,137893857,1330,184",2026-01-16 07:44,100.698,100.698,100.698,100.698,0
CA135087S398,"1,137893857,1330,184",2026-01-16 08:44,100.698,100.698,100.698,100.698,0
CA135087S398,"1,137893857,1330,184",2026-01-16 10:44,100.7,100.7,100.7,100.7,0
CA135087S398,"1,137893857,1330,184",2026-01-16 12:44,100.7,100.7,100.7,100.7,0
CA135087S398,"1,137893857,1330,184",2026-01-16 14:44,100.7,100.7,100.7,100.7,0
CA135087S398,"1,137893857,1330,184",2026-01-16 16:44,100.7,100.7,100.7,100.7,0
CA135087S398,"1,137893857,1330,184",2026-01-16 18:44,100.7,100.7,100.7,100.7,0
CA135087S398,"1,137893857,1330,184",2026-01-16 20:44,100.7,100.7,100.7,100.7,0
CA135087S398,"1,137893857,1330,184",2026-01-16 22:44,100.7,100.7,100.7,100.7,0
CA135087S398,"1,137893857,1330,184",2026-01-19 07:44,100.675,100.675,100.675,100.675,0
CA135087S398,"1,137893857,1330,184",2026-01-19 08:44,100.675,100.675,100.675,100.675,0
CA135087S398,"1,137893857,1330,184",2026-01-19 10:44,100.68,100.68,100.68,100.68,0
CA135087S398,"1,137893857,1330,184",2026-01-19 12:44,100.68,100.68,100.68,100.68,0
CA135087S398,"1,137893857,1330,184",2026-01-19 14:44,100.68,100.68,100.68,100.68,0
CA135087S398,"1,137893857,1330,184",2026-01-19 16:44,100.68,100.68,100.68,100.68,0
CA135087S398,"1,137893857,1330,184",2026-01-19 18:44,100.68,100.68,100.68,100.68,0
CA135087S398,"1,137893857,1330,184",2026-01-19 20:44,100.68,100.68,100.68,100.68,0
CA135087S398,"1,137893857,1330,184",2026-01-19 22:44,100.68,100.68,100.68,100.68,0
CA135087S547,"1,139591564,1330,184",2026-01-05 06:44,100.49,0.0,0.0,0.0,0
CA135087S547,"1,139591564,1330,184",2026-01-05 07:44,100.49,100.49,100.49,100.49,0
CA135087S547,"1,139591564,1330,184",2026-01-05 08:44,100.49,100.49,100.49,100.49,0
CA135087S547,"1,139591564,1330,184",2026-01-05 10:44,100.52,100.52,100.52,100.52,0
CA135087S547,"1,139591564,1330,184",2026-01-05 12:44,100.525,100.525,100.525,100.525,0
CA135087S547,"1,139591564,1330,184",2026-01-05 14:44,100.53,100.53,100.53,100.53,0
CA135087S547,"1,139591564,1330,184",2026-01-05 16:44,100.545,100.545,100.545,100.545,0
CA135087S547,"1,139591564,1330,184",2026-01-05 18:44,100.545,100.545,100.545,100.545,0
CA135087S547,"1,139591564,1330,184",2026-01-05 20:44,100.545,100.545,100.545,100.545,0
CA135087S547,"1,139591564,1330,184",2026-01-05 22:44,100.545,100.545,100.545,100.545,0
CA135087S547,"1,139591564,1330,184",2026-01-06 07:44,100.53,100.53,100.53,100.53,0
CA135087S547,"1,139591564,1330,184",2026-01-06 08:44,100.53,100.53,100.53,100.53,0
CA135087S547,"1,139591564,1330,184",2026-01-06 10:44,100.56,100.56,100.56,100.56,0
CA135087S547,"1,139591564,1330,184",2026-01-06 12:44,100.56,100.56,100.56,100.56,0
CA135087S547,"1,139591564,1330,184",2026-01-06 14:44,100.56,100.56,100.56,100.56,0
CA135087S547,"1,139591564,1330,184",2026-01-06 16:44,100.56,100.56,100.56,100.56,0
CA135087S547,"1,139591564,1330,184",2026-01-06 18:44,100.56,100.56,100.56,100.56,0
CA135087S547,"1,139591564,1330,184",2026-01-06 20:44,100.56,100.56,100.56,100.56,0
CA135087S547,"1,139591564,1330,184",2026-01-06 22:44,100.56,100.56,100.56,100.56,0
CA135087S547,"1,139591564,1330,184",2026-01-07 07:44,100.515,100.515,100.515,100.515,0
CA135087S547,"1,139591564,1330,184",2026-01-07 08:44,100.515,100.515,100.515,100.515,0
CA135087S547,"1,139591564,1330,184",2026-01-07 10:44,100.545,100.545,100.545,100.545,0
CA135087S547,"1,139591564,1330,184",2026-01-07 12:44,100.555,100.555,100.555,100.555,0
CA135087S547,"1,139591564,1330,184",2026-01-07 14:44,100.57,100.57,100.57,100.57,0
CA135087S547,"1,139591564,1330,184",2026-01-07 16:44,100.57,100.57,100.57,100.57,0
CA135087S547,"1,139591564,1330,184",2026-01-07 18:44,100.57,100.57,100.57,100.57,0
CA135087S547,"1,139591564,1330,184",2026-01-07 20:44,100.57,100.57,100.57,100.57,0
CA135087S547,"1,139591564,1330,184",2026-01-07 22:44,100.57,100.57,100.57,100.57,0
CA135087S547,"1,139591564,1330,184",2026-01-08 07:44,100.533,100.533,100.533,100.533,0
CA135087S547,"1,139591564,1330,184",2026-01-08 08:44,100.533,100.533,100.533,100.533,0
CA135087S547,"1,139591564,1330,184",2026-01-08 10:44,100.56,100.56,100.56,100.56,0
CA135087S547,"1,139591564,1330,184",2026-01-08 12:44,100.565,100.565,100.565,100.565,0
CA135087S547,"1,139591564,1330,184",2026-01-08 14:44,100.565,100.565,100.565,100.565,0
CA135087S547,"1,139591564,1330,184",2026-01-08 16:44,100.565,100.565,100.565,100.565,0
CA135087S547,"1,139591564,1330,184",2026-01-08 18:44,100.565,100.565,100.565,100.565,0
CA135087S547,"1,139591564,1330,184",2026-01-08 20:44,100.565,100.565,100.565,100.565,0
CA135087S547,"1,139591564,1330,184",2026-01-08 22:44,100.565,100.565,100.565,100.565,0
CA135087S547,"1,139591564,1330,184",2026-01-09 07:44,100.538,100.538,100.538,100.538,0
CA135087S547,"1,139591564,1330,184",2026-01-09 08:44,100.538,100.538,100.538,100.538,0
CA135087S547,"1,139591564,1330,184",2026-01-09 10:44,100.565,100.565,100.565,100.565,0
CA135087S547,"1,139591564,1330,184",2026-01-09 12:44,100.565,100.565,100.565,100.565,0
CA135087S547,"1,139591564,1330,184",2026-01-09 14:44,100.565,100.565,100.565,100.565,0
CA135087S547,"1,139591564,1330,184",2026-01-09 16:44,100.565,100.565,100.565,100.565,0
CA135087S547,"1,139591564,1330,184",2026-01-09 18:44,100.565,100.565,100.565,100.565,0
CA135087S547,"1,139591564,1330,184",2026-01-09 20:44,100.565,100.565,100.565,100.565,0
CA135087S547,"1,139591564,1330,184",2026-01-09 22:44,100.565,100.565,100.565,100.565,0
CA135087S547,"1,139591564,1330,184",2026-01-12 07:44,100.543,100.543,100.543,100.543,0
CA135087S547,"1,139591564,1330,184",2026-01-12 08:44,100.543,100.543,100.543,100.543,0
CA135087S547,"1,139591564,1330,184",2026-01-12 10:44,100.57,100.57,100.57,100.57,0
CA135087S547,"1,139591564,1330,184",2026-01-12 12:44,100.57,100.57,100.57,100.57,0
CA135087S547,"1,139591564,1330,184",2026-01-12 14:44,100.57,100.57,100.57,100.57,0
CA135087S547,"1,139591564,1330,184",2026-01-12 16:44,100.57,100.57,100.57,100.57,0
CA135087S547,"1,139591564,1330,184",2026-01-12 18:44,100.57,100.57,100.57,100.57,0
CA135087S547,"1,139591564,1330,184",2026-01-12 20:44,100.57,100.57,100.57,100.57,0
CA135087S547,"1,139591564,1330,184",2026-01-12 22:44,100.57,100.57,100.57,100.57,0
CA135087S547,"1,139591564,1330,184",2026-01-13 07:44,100.525,100.525,100.525,100.525,0
CA135087S547,"1,139591564,1330,184",2026-01-13 08:44,100.525,100.525,100.525,100.525,0
CA135087S547,"1,139591564,1330,184",2026-01-13 10:44,100.555,100.555,100.555,100.555,0
CA135087S547,"1,139591564,1330,184",2026-01-13 12:44,100.555,100.555,100.555,100.555,0
CA135087S547,"1,139591564,1330,184",2026-01-13 14:44,100.555,100.555,100.555,100.555,0
CA135087S547,"1,139591564,1330,184",2026-01-13 16:44,100.555,100.555,100.555,100.555,0
CA135087S547,"1,139591564,1330,184",2026-01-13 18:44,100.555,100.555,100.555,100.555,0
CA135087S547,"1,139591564,1330,184",2026-01-13 20:44,100.555,100.555,100.555,100.555,0
CA135087S547,"1,139591564,1330,184",2026-01-13 22:44,100.555,100.555,100.555,100.555,0
CA135087S547,"1,139591564,1330,184",2026-01-14 07:44,100.533,100.533,100.533,100.533,0
CA135087S547,"1,139591564,1330,184",2026-01-14 08:44,100.533,100.533,100.533,100.533,0
CA135087S547,"1,139591564,1330,184",2026-01-14 10:44,100.56,100.56,100.56,100.56,0
CA135087S547,"1,139591564,1330,184",2026-01-14 12:44,100.56,100.56,100.56,100.56,0
CA135087S547,"1,139591564,1330,184",2026-01-14 14:44,100.565,100.565,100.565,100.565,0
CA135087S547,"1,139591564,1330,184",2026-01-14 16:44,100.58,100.58,100.58,100.58,0
CA135087S547,"1,139591564,1330,184",2026-01-14 18:44,100.58,100.58,100.58,100.58,0
CA135087S547,"1,139591564,1330,184",2026-01-14 20:44,100.58,100.58,100.58,100.58,0
CA135087S547,"1,139591564,1330,184",2026-01-14 22:44,100.58,100.58,100.58,100.58,0
CA135087S547,"1,139591564,1330,184",2026-01-15 07:44,100.555,100.555,100.555,100.555,0
CA135087S547,"1,139591564,1330,184",2026-01-15 08:44,100.555,100.555,100.555,100.555,0
CA135087S547,"1,139591564,1330,184",2026-01-15 10:44,100.585,100.585,100.585,100.585,0
CA135087S547,"1,139591564,1330,184",2026-01-15 12:44,100.585,100.585,100.585,100.585,0
CA135087S547,"1,139591564,1330,184",2026-01-15 14:44,100.585,100.585,100.585,100.585,0
CA135087S547,"1,139591564,1330,184",2026-01-15 16:44,100.585,100.585,100.585,100.585,0
CA135087S547,"1,139591564,1330,184",2026-01-15 18:44,100.585,100.585,100.585,100.585,0
CA135087S547,"1,139591564,1330,184",2026-01-15 20:44,100.585,100.585,100.585,100.585,0
CA135087S547,"1,139591564,1330,184",2026-01-15 22:44,100.585,100.585,100.585,100.585,0
CA135087S547,"1,139591564,1330,184",2026-01-16 07:44,100.553,100.553,100.553,100.553,0
CA135087S547,"1,139591564,1330,184",2026-01-16 08:44,100.553,100.553,100.553,100.553,0
CA135087S547,"1,139591564,1330,184",2026-01-16 10:44,100.58,100.58,100.58,100.58,0
CA135087S547,"1,139591564,1330,184",2026-01-16 12:44,100.58,100.58,100.58,100.58,0
CA135087S547,"1,139591564,1330,184",2026-01-16 14:44,100.58,100.58,100.58,100.58,0
CA135087S547,"1,139591564,1330,184",2026-01-16 16:44,100.585,100.585,100.585,100.585,0
CA135087S547,"1,139591564,1330,184",2026-01-16 18:44,100.585,100.585,100.585,100.585,0
CA135087S547,"1,139591564,1330,184",2026-01-16 20:44,100.585,100.585,100.585,100.585,0
CA135087S547,"1,139591564,1330,184",2026-01-16 22:44,100.585,100.585,100.585,100.585,0
CA135087S547,"1,139591564,1330,184",2026-01-19 07:44,100.535,100.535,100.535,100.535,0
CA135087S547,"1,139591564,1330,184",2026-01-19 08:44,100.535,100.535,100.535,100.535,0
CA135087S547,"1,139591564,1330,184",2026-01-19 10:44,100.565,100.565,100.565,100.565,0
CA135087S547,"1,139591564,1330,184",2026-01-19 12:44,100.565,100.565,100.565,100.565,0
CA135087S547,"1,139591564,1330,184",2026-01-19 14:44,100.57,100.57,100.57,100.57,0
CA135087S547,"1,139591564,1330,184",2026-01-19 16:44,100.575,100.575,100.575,100.575,0
CA135087S547,"1,139591564,1330,184",2026-01-19 18:44,100.575,100.575,100.575,100.575,0
CA135087S547,"1,139591564,1330,184",2026-01-19 20:44,100.575,100.575,100.575,100.575,0
CA135087S547,"1,139591564,1330,184",2026-01-19 22:44,100.575,100.575,100.575,100.575,0
CA135087M847,"1,114329463,1330,184",2026-01-05 06:44,98.6,0.0,0.0,0.0,0
CA135087M847,"1,114329463,1330,184",2026-01-05 07:44,98.6,98.6,98.6,98.6,0
CA135087M847,"1,114329463,1330,184",2026-01-05 08:44,98.6,98.6,98.6,98.6,0
CA135087M847,"1,114329463,1330,184",2026-01-05 10:44,98.6,98.6,98.6,98.6,0
CA135087M847,"1,114329463,1330,184",2026-01-05 12:44,98.6,98.6,98.6,98.6,0
CA135087M847,"1,114329463,1330,184",2026-01-05 14:44,98.6,98.6,98.6,98.6,0
CA135087M847,"1,114329463,1330,184",2026-01-05 16:44,98.6,98.6,98.6,98.6,0
CA135087M847,"1,114329463,1330,184",2026-01-05 18:44,98.6,98.6,98.6,98.6,0
CA135087M847,"1,114329463,1330,184",2026-01-05 20:44,98.6,98.6,98.6,98.6,0
CA135087M847,"1,114329463,1330,184",2026-01-05 22:44,98.6,98.6,98.6,98.6,0
CA135087M847,"1,114329463,1330,184",2026-01-06 07:44,98.63,98.63,98.63,98.63,0
CA135087M847,"1,114329463,1330,184",2026-01-06 08:44,98.63,98.63,98.63,98.63,0
CA135087M847,"1,114329463,1330,184",2026-01-06 10:44,98.63,98.63,98.63,98.63,0
CA135087M847,"1,114329463,1330,184",2026-01-06 12:44,98.63,98.63,98.63,98.63,0
CA135087M847,"1,114329463,1330,184",2026-01-06 14:44,98.63,98.63,98.63,98.63,0
CA135087M847,"1,114329463,1330,184",2026-01-06 16:44,98.63,98.63,98.63,98.63,0
CA135087M847,"1,114329463,1330,184",2026-01-06 18:44,98.63,98.63,98.63,98.63,0
CA135087M847,"1,114329463,1330,184",2026-01-06 20:44,98.63,98.63,98.63,98.63,0
CA135087M847,"1,114329463,1330,184",2026-01-06 22:44,98.63,98.63,98.63,98.63,0
CA135087M847,"1,114329463,1330,184",2026-01-07 07:44,98.65,98.65,98.65,98.65,0
CA135087M847,"1,114329463,1330,184",2026-01-07 08:44,98.65,98.65,98.65,98.65,0
CA135087M847,"1,114329463,1330,184",2026-01-07 10:44,98.65,98.65,98.65,98.65,0
CA135087M847,"1,114329463,1330,184",2026-01-07 12:44,98.66,98.66,98.66,98.66,0
CA135087M847,"1,114329463,1330,184",2026-01-07 14:44,98.66,98.66,98.66,98.66,0
CA135087M847,"1,114329463,1330,184",2026-01-07 16:44,98.66,98.66,98.66,98.66,0
CA135087M847,"1,114329463,1330,184",2026-01-07 18:44,98.66,98.66,98.66,98.66,0
CA135087M847,"1,114329463,1330,184",2026-01-07 20:44,98.66,98.66,98.66,98.66,0
CA135087M847,"1,114329463,1330,184",2026-01-07 22:44,98.66,98.66,98.66,98.66,0
CA135087M847,"1,114329463,1330,184",2026-01-08 07:44,98.65,98.65,98.65,98.65,0
CA135087M847,"1,114329463,1330,184",2026-01-08 08:44,98.65,98.65,98.65,98.65,0
CA135087M847,"1,114329463,1330,184",2026-01-08 10:44,98.65,98.65,98.65,98.65,0
CA135087M847,"1,114329463,1330,184",2026-01-08 12:44,98.67,98.67,98.67,98.67,0
CA135087M847,"1,114329463,1330,184",2026-01-08 14:44,98.67,98.67,98.67,98.67,0
CA135087M847,"1,114329463,1330,184",2026-01-08 16:44,98.67,98.67,98.67,98.67,0
CA135087M847,"1,114329463,1330,184",2026-01-08 18:44,98.67,98.67,98.67,98.67,0
CA135087M847,"1,114329463,1330,184",2026-01-08 20:44,98.67,98.67,98.67,98.67,0
CA135087M847,"1,114329463,1330,184",2026-01-08 22:44,98.67,98.67,98.67,98.67,0
CA135087M847,"1,114329463,1330,184",2026-01-09 07:44,98.67,98.67,98.67,98.67,0
CA135087M847,"1,114329463,1330,184",2026-01-09 08:44,98.67,98.67,98.67,98.67,0
CA135087M847,"1,114329463,1330,184",2026-01-09 10:44,98.67,98.67,98.67,98.67,0
CA135087M847,"1,114329463,1330,184",2026-01-09 12:44,98.67,98.67,98.67,98.67,0
CA135087M847,"1,114329463,1330,184",2026-01-09 14:44,98.67,98.67,98.67,98.67,0
CA135087M847,"1,114329463,1330,184",2026-01-09 16:44,98.67,98.67,98.67,98.67,0
CA135087M847,"1,114329463,1330,184",2026-01-09 18:44,98.67,98.67,98.67,98.67,0
CA135087M847,"1,114329463,1330,184",2026-01-09 20:44,98.67,98.67,98.67,98.67,0
CA135087M847,"1,114329463,1330,184",2026-01-09 22:44,98.67,98.67,98.67,98.67,0
CA135087M847,"1,114329463,1330,184",2026-01-12 07:44,98.67,98.67,98.67,98.67,0
CA135087M847,"1,114329463,1330,184",2026-01-12 08:44,98.67,98.67,98.67,98.67,0
CA135087M847,"1,114329463,1330,184",2026-01-12 10:44,98.67,98.67,98.67,98.67,0
CA135087M847,"1,114329463,1330,184",2026-01-12 12:44,98.67,98.67,98.67,98.67,0
CA135087M847,"1,114329463,1330,184",2026-01-12 14:44,98.67,98.67,98.67,98.67,0
CA135087M847,"1,114329463,1330,184",2026-01-12 16:44,98.67,98.67,98.67,98.67,0
CA135087M847,"1,114329463,1330,184",2026-01-12 18:44,98.67,98.67,98.67,98.67,0
CA135087M847,"1,114329463,1330,184",2026-01-12 20:44,98.67,98.67,98.67,98.67,0
CA135087M847,"1,114329463,1330,184",2026-01-12 22:44,98.67,98.67,98.67,98.67,0
CA135087M847,"1,114329463,1330,184",2026-01-13 07:44,98.68,98.68,98.68,98.68,0
CA135087M847,"1,114329463,1330,184",2026-01-13 08:44,98.68,98.68,98.68,98.68,0
CA135087M847,"1,114329463,1330,184",2026-01-13 10:44,98.68,98.68,98.68,98.68,0
CA135087M847,"1,114329463,1330,184",2026-01-13 12:44,98.68,98.68,98.68,98.68,0
CA135087M847,"1,114329463,1330,184",2026-01-13 14:44,98.68,98.68,98.68,98.68,0
CA135087M847,"1,114329463,1330,184",2026-01-13 16:44,98.68,98.68,98.68,98.68,0
CA135087M847,"1,114329463,1330,184",2026-01-13 18:44,98.68,98.68,98.68,98.68,0
CA135087M847,"1,114329463,1330,184",2026-01-13 20:44,98.68,98.68,98.68,98.68,0
CA135087M847,"1,114329463,1330,184",2026-01-13 22:44,98.68,98.68,98.68,98.68,0
CA135087M847,"1,114329463,1330,184",2026-01-14 07:44,98.67,98.67,98.67,98.67,0
CA135087M847,"1,114329463,1330,184",2026-01-14 08:44,98.67,98.67,98.67,98.67,0
CA135087M847,"1,114329463,1330,184",2026-01-14 10:44,98.67,98.67,98.67,98.67,0
CA135087M847,"1,114329463,1330,184",2026-01-14 12:44,98.67,98.67,98.67,98.67,0
CA135087M847,"1,114329463,1330,184",2026-01-14 14:44,98.67,98.67,98.67,98.67,0
CA135087M847,"1,114329463,1330,184",2026-01-14 16:44,98.67,98.67,98.67,98.67,0
CA135087M847,"1,114329463,1330,184",2026-01-14 18:44,98.67,98.67,98.67,98.67,0
CA135087M847,"1,114329463,1330,184",2026-01-14 20:44,98.67,98.67,98.67,98.67,0
CA135087M847,"1,114329463,1330,184",2026-01-14 22:44,98.67,98.67,98.67,98.67,0
CA135087M847,"1,114329463,1330,184",2026-01-15 07:44,98.73,98.73,98.73,98.73,0
CA135087M847,"1,114329463,1330,184",2026-01-15 08:44,98.73,98.73,98.73,98.73,0
CA135087M847,"1,114329463,1330,184",2026-01-15 10:44,98.73,98.73,98.73,98.73,0
CA135087M847,"1,114329463,1330,184",2026-01-15 12:44,98.73,98.73,98.73,98.73,0
CA135087M847,"1,114329463,1330,184",2026-01-15 14:44,98.73,98.73,98.73,98.73,0
CA135087M847,"1,114329463,1330,184",2026-01-15 16:44,98.73,98.73,98.73,98.73,0
CA135087M847,"1,114329463,1330,184",2026-01-15 18:44,98.73,98.73,98.73,98.73,0
CA135087M847,"1,114329463,1330,184",2026-01-15 20:44,98.73,98.73,98.73,98.73,0
CA135087M847,"1,114329463,1330,184",2026-01-15 22:44,98.73,98.73,98.73,98.73,0
CA135087M847,"1,114329463,1330,184",2026-01-16 07:44,98.72,98.72,98.72,98.72,0
CA135087M847,"1,114329463,1330,184",2026-01-16 08:44,98.72,98.72,98.72,98.72,0
CA135087M847,"1,114329463,1330,184",2026-01-16 10:44,98.72,98.72,98.72,98.72,0
CA135087M847,"1,114329463,1330,184",2026-01-16 12:44,98.72,98.72,98.72,98.72,0
CA135087M847,"1,114329463,1330,184",2026-01-16 14:44,98.72,98.72,98.72,98.72,0
CA135087M847,"1,114329463,1330,184",2026-01-16 16:44,98.72,98.72,98.72,98.72,0
CA135087M847,"1,114329463,1330,184",2026-01-16 18:44,98.72,98.72,98.72,98.72,0
CA135087M847,"1,114329463,1330,184",2026-01-16 20:44,98.72,98.72,98.72,98.72,0
CA135087M847,"1,114329463,1330,184",2026-01-16 22:44,98.72,98.72,98.72,98.72,0
CA135087M847,"1,114329463,1330,184",2026-01-19 07:44,98.72,98.72,98.72,98.72,0
CA135087M847,"1,114329463,1330,184",2026-01-19 08:44,98.72,98.72,98.72,98.72,0
CA135087M847,"1,114329463,1330,184",2026-01-19 10:44,98.72,98.72,98.72,98.72,0
CA135087M847,"1,114329463,1330,184",2026-01-19 12:44,98.73,98.73,98.73,98.73,0
CA135087M847,"1,114329463,1330,184",2026-01-19 14:44,98.73,98.73,98.73,98.73,0
CA135087M847,"1,114329463,1330,184",2026-01-19 16:44,98.73,98.73,98.73,98.73,0
CA135087M847,"1,114329463,1330,184",2026-01-19 18:44,98.73,98.73,98.73,98.73,0
CA135087M847,"1,114329463,1330,184",2026-01-19 20:44,98.73,98.73,98.73,98.73,0
CA135087M847,"1,114329463,1330,184",2026-01-19 22:44,98.73,98.73,98.73,98.73,0
CA135087S885,"1,142700048,1330,184",2026-01-05 06:44,100.298,0.0,0.0,0.0,0
CA135087S885,"1,142700048,1330,184",2026-01-05 07:44,100.298,100.298,100.298,100.298,0
CA135087S885,"1,142700048,1330,184",2026-01-05 08:44,100.298,100.298,100.298,100.298,0
CA135087S885,"1,142700048,1330,184",2026-01-05 10:44,100.3,100.3,100.3,100.3,0
CA135087S885,"1,142700048,1330,184",2026-01-05 12:44,100.3,100.3,100.3,100.3,0
CA135087S885,"1,142700048,1330,184",2026-01-05 14:44,100.32,100.32,100.32,100.32,0
CA135087S885,"1,142700048,1330,184",2026-01-05 18:44,100.325,100.325,100.325,100.325,0
CA135087S885,"1,142700048,1330,184",2026-01-05 20:44,100.325,100.325,100.325,100.325,0
CA135087S885,"1,142700048,1330,184",2026-01-05 22:44,100.325,100.325,100.325,100.325,0
CA135087S885,"1,142700048,1330,184",2026-01-06 07:44,100.348,100.348,100.348,100.348,0
CA135087S885,"1,142700048,1330,184",2026-01-06 08:44,100.348,100.348,100.348,100.348,0
CA135087S885,"1,142700048,1330,184",2026-01-06 10:44,100.35,100.35,100.35,100.35,0
CA135087S885,"1,142700048,1330,184",2026-01-06 12:44,100.35,100.35,100.35,100.35,0
CA135087S885,"1,142700048,1330,184",2026-01-06 14:44,100.35,100.35,100.35,100.35,0
CA135087S885,"1,142700048,1330,184",2026-01-06 16:44,100.33,100.33,100.33,100.33,0
CA135087S885,"1,142700048,1330,184",2026-01-06 18:44,100.33,100.33,100.33,100.33,0
CA135087S885,"1,142700048,1330,184",2026-01-06 20:44,100.323,100.323,100.323,100.323,0
CA135087S885,"1,142700048,1330,184",2026-01-06 22:44,100.323,100.323,100.323,100.323,0
CA135087S885,"1,142700048,1330,184",2026-01-07 07:44,100.325,100.325,100.325,100.325,0
CA135087S885,"1,142700048,1330,184",2026-01-07 08:44,100.325,100.325,100.325,100.325,0
CA135087S885,"1,142700048,1330,184",2026-01-07 10:44,100.33,100.33,100.33,100.33,0
CA135087S885,"1,142700048,1330,184",2026-01-07 12:44,100.33,100.33,100.33,100.33,0
CA135087S885,"1,142700048,1330,184",2026-01-07 14:44,100.36,100.36,100.36,100.36,0
CA135087S885,"1,142700048,1330,184",2026-01-07 16:44,100.36,100.36,100.36,100.36,0
CA135087S885,"1,142700048,1330,184",2026-01-07 18:44,100.36,100.36,100.36,100.36,0
CA135087S885,"1,142700048,1330,184",2026-01-07 20:44,100.36,100.36,100.36,100.36,0
CA135087S885,"1,142700048,1330,184",2026-01-07 22:44,100.36,100.36,100.36,100.36,0
CA135087S885,"1,142700048,1330,184",2026-01-08 07:44,100.358,100.358,100.358,100.358,0
CA135087S885,"1,142700048,1330,184",2026-01-08 08:44,100.358,100.358,100.358,100.358,0
CA135087S885,"1,142700048,1330,184",2026-01-08 10:44,100.36,100.36,100.36,100.36,0
CA135087S885,"1,142700048,1330,184",2026-01-08 12:44,100.36,100.36,100.36,100.36,0
CA135087S885,"1,142700048,1330,184",2026-01-08 14:44,100.36,100.36,100.36,100.36,0
CA135087S885,"1,142700048,1330,184",2026-01-08 16:44,100.35,100.35,100.35,100.35,0
CA135087S885,"1,142700048,1330,184",2026-01-08 18:44,100.35,100.35,100.35,100.35,0
CA135087S885,"1,142700048,1330,184",2026-01-08 20:44,100.35,100.35,100.35,100.35,0
CA135087S885,"1,142700048,1330,184",2026-01-08 22:44,100.35,100.35,100.35,100.35,0
CA135087S885,"1,142700048,1330,184",2026-01-09 07:44,100.345,100.345,100.345,100.345,0
CA135087S885,"1,142700048,1330,184",2026-01-09 08:44,100.345,100.345,100.345,100.345,0
CA135087S885,"1,142700048,1330,184",2026-01-09 10:44,100.35,100.35,100.35,100.35,0
CA135087S885,"1,142700048,1330,184",2026-01-09 12:44,100.35,100.35,100.35,100.35,0
CA135087S885,"1,142700048,1330,184",2026-01-09 14:44,100.36,100.36,100.36,100.36,0
CA135087S885,"1,142700048,1330,184",2026-01-09 16:44,100.36,100.36,100.36,100.36,0
CA135087S885,"1,142700048,1330,184",2026-01-09 18:44,100.368,100.368,100.368,100.368,0
CA135087S885,"1,142700048,1330,184",2026-01-09 20:44,100.368,100.368,100.368,100.368,0
CA135087S885,"1,142700048,1330,184",2026-01-09 22:44,100.368,100.368,100.368,100.368,0
CA135087S885,"1,142700048,1330,184",2026-01-12 07:44,100.368,100.368,100.368,100.368,0
CA135087S885,"1,142700048,1330,184",2026-01-12 08:44,100.368,100.368,100.368,100.368,0
CA135087S885,"1,142700048,1330,184",2026-01-12 10:44,100.37,100.37,100.37,100.37,0
CA135087S885,"1,142700048,1330,184",2026-01-12 12:44,100.37,100.37,100.37,100.37,0
CA135087S885,"1,142700048,1330,184",2026-01-12 14:44,100.36,100.36,100.36,100.36,0
CA135087S885,"1,142700048,1330,184",2026-01-12 16:44,100.36,100.36,100.36,100.36,0
CA135087S885,"1,142700048,1330,184",2026-01-12 18:44,100.36,100.36,100.36,100.36,0
CA135087S885,"1,142700048,1330,184",2026-01-12 20:44,100.36,100.36,100.36,100.36,0
CA135087S885,"1,142700048,1330,184",2026-01-12 22:44,100.36,100.36,100.36,100.36,0
CA135087S885,"1,142700048,1330,184",2026-01-13 07:44,100.348,100.348,100.348,100.348,0
CA135087S885,"1,142700048,1330,184",2026-01-13 08:44,100.348,100.348,100.348,100.348,0
CA135087S885,"1,142700048,1330,184",2026-01-13 10:44,100.35,100.35,100.35,100.35,0
CA135087S885,"1,142700048,1330,184",2026-01-13 12:44,100.35,100.35,100.35,100.35,0
CA135087S885,"1,142700048,1330,184",2026-01-13 14:44,100.35,100.35,100.35,100.35,0
CA135087S885,"1,142700048,1330,184",2026-01-13 16:44,100.35,100.35,100.35,100.35,0
CA135087S885,"1,142700048,1330,184",2026-01-13 18:44,100.35,100.35,100.35,100.35,0
CA135087S885,"1,142700048,1330,184",2026-01-13 20:44,100.35,100.35,100.35,100.35,0
CA135087S885,"1,142700048,1330,184",2026-01-13 22:44,100.35,100.35,100.35,100.35,0
CA135087S885,"1,142700048,1330,184",2026-01-14 07:44,100.345,100.345,100.345,100.345,0
CA135087S885,"1,142700048,1330,184",2026-01-14 08:44,100.345,100.345,100.345,100.345,0
CA135087S885,"1,142700048,1330,184",2026-01-14 10:44,100.35,100.35,100.35,100.35,0
CA135087S885,"1,142700048,1330,184",2026-01-14 12:44,100.35,100.35,100.35,100.35,0
CA135087S885,"1,142700048,1330,184",2026-01-14 14:44,100.36,100.36,100.36,100.36,0
CA135087S885,"1,142700048,1330,184",2026-01-14 16:44,100.38,100.38,100.38,100.38,0
CA135087S885,"1,142700048,1330,184",2026-01-14 18:44,100.38,100.38,100.38,100.38,0
CA135087S885,"1,142700048,1330,184",2026-01-14 20:44,100.38,100.38,100.38,100.38,0
CA135087S885,"1,142700048,1330,184",2026-01-14 22:44,100.38,100.38,100.38,100.38,0
CA135087S885,"1,142700048,1330,184",2026-01-15 07:44,100.388,100.388,100.388,100.388,0
CA135087S885,"1,142700048,1330,184",2026-01-15 08:44,100.388,100.388,100.388,100.388,0
CA135087S885,"1,142700048,1330,184",2026-01-15 10:44,100.39,100.39,100.39,100.39,0
CA135087S885,"1,142700048,1330,184",2026-01-15 12:44,100.39,100.39,100.39,100.39,0
CA135087S885,"1,142700048,1330,184",2026-01-15 14:44,100.38,100.38,100.38,100.38,0
CA135087S885,"1,142700048,1330,184",2026-01-15 16:44,100.38,100.38,100.38,100.38,0
CA135087S885,"1,142700048,1330,184",2026-01-15 18:44,100.38,100.38,100.38,100.38,0
CA135087S885,"1,142700048,1330,184",2026-01-15 20:44,100.38,100.38,100.38,100.38,0
CA135087S885,"1,142700048,1330,184",2026-01-15 22:44,100.38,100.38,100.38,100.38,0
CA135087S885,"1,142700048,1330,184",2026-01-16 07:44,100.375,100.375,100.375,100.375,0
CA135087S885,"1,142700048,1330,184",2026-01-16 08:44,100.375,100.375,100.375,100.375,0
CA135087S885,"1,142700048,1330,184",2026-01-16 10:44,100.38,100.38,100.38,100.38,0
CA135087S885,"1,142700048,1330,184",2026-01-16 12:44,100.38,100.38,100.38,100.38,0
CA135087S885,"1,142700048,1330,184",2026-01-16 14:44,100.38,100.38,100.38,100.38,0
CA135087S885,"1,142700048,1330,184",2026-01-16 16:44,100.39,100.39,100.39,100.39,0
CA135087S885,"1,142700048,1330,184",2026-01-16 18:44,100.39,100.39,100.39,100.39,0
CA135087S885,"1,142700048,1330,184",2026-01-16 20:44,100.39,100.39,100.39,100.39,0
CA135087S885,"1,142700048,1330,184",2026-01-16 22:44,100.39,100.39,100.39,100.39,0
CA135087S885,"1,142700048,1330,184",2026-01-19 07:44,100.368,100.368,100.368,100.368,0
CA135087S885,"1,142700048,1330,184",2026-01-19 08:44,100.368,100.368,100.368,100.368,0
CA135087S885,"1,142700048,1330,184",2026-01-19 10:44,100.37,100.37,100.37,100.37,0
CA135087S885,"1,142700048,1330,184",2026-01-19 12:44,100.37,100.37,100.37,100.37,0
CA135087S885,"1,142700048,1330,184",2026-01-19 14:44,100.37,100.37,100.37,100.37,0
CA135087S885,"1,142700048,1330,184",2026-01-19 16:44,100.37,100.37,100.37,100.37,0
CA135087S885,"1,142700048,1330,184",2026-01-19 18:44,100.378,100.378,100.378,100.378,0
CA135087S885,"1,142700048,1330,184",2026-01-19 20:44,100.378,100.378,100.378,100.378,0
CA135087S885,"1,142700048,1330,184",2026-01-19 22:44,100.378,100.378,100.378,100.378,0
CA135087F825,"1,33461441,1330,184",2026-01-05 06:44,97.88,0.0,0.0,0.0,0
CA135087F825,"1,33461441,1330,184",2026-01-05 07:44,97.88,97.88,97.88,97.88,0
CA135087F825,"1,33461441,1330,184",2026-01-05 08:44,97.88,97.88,97.88,97.88,0
CA135087F825,"1,33461441,1330,184",2026-01-05 10:44,97.88,97.88,97.88,97.88,0
CA135087F825,"1,33461441,1330,184",2026-01-05 12:44,98.0,98.0,98.0,98.0,0
CA135087F825,"1,33461441,1330,184",2026-01-05 14:44,98.0,98.0,98.0,98.0,0
CA135087F825,"1,33461441,1330,184",2026-01-05 16:44,98.0,98.0,98.0,98.0,0
CA135087F825,"1,33461441,1330,184",2026-01-05 18:44,98.0,98.0,98.0,98.0,0
CA135087F825,"1,33461441,1330,184",2026-01-05 20:44,98.0,98.0,98.0,98.0,0
CA135087F825,"1,33461441,1330,184",2026-01-05 22:44,98.0,98.0,98.0,98.0,0
CA135087F825,"1,33461441,1330,184",2026-01-06 07:44,98.0,98.0,98.0,98.0,0
CA135087F825,"1,33461441,1330,184",2026-01-06 08:44,98.0,98.0,98.0,98.0,0
CA135087F825,"1,33461441,1330,184",2026-01-06 10:44,98.0,98.0,98.0,98.0,0
CA135087F825,"1,33461441,1330,184",2026-01-06 12:44,98.0,98.0,98.0,98.0,0
CA135087F825,"1,33461441,1330,184",2026-01-06 14:44,98.0,98.0,98.0,98.0,0
CA135087F825,"1,33461441,1330,184",2026-01-06 16:44,98.0,98.0,98.0,98.0,0
CA135087F825,"1,33461441,1330,184",2026-01-06 18:44,98.0,98.0,98.0,98.0,0
CA135087F825,"1,33461441,1330,184",2026-01-06 20:44,98.0,98.0,98.0,98.0,0
CA135087F825,"1,33461441,1330,184",2026-01-06 22:44,98.0,98.0,98.0,98.0,0
CA135087F825,"1,33461441,1330,184",2026-01-07 07:44,98.0,98.0,98.0,98.0,0
CA135087F825,"1,33461441,1330,184",2026-01-07 08:44,98.0,98.0,98.0,98.0,0
CA135087F825,"1,33461441,1330,184",2026-01-07 10:44,98.0,98.0,98.0,98.0,0
CA135087F825,"1,33461441,1330,184",2026-01-07 12:44,98.0,98.0,98.0,98.0,0
CA135087F825,"1,33461441,1330,184",2026-01-07 14:14,98.0,98.0,98.0,98.0,5000
CA135087F825,"1,33461441,1330,184",2026-01-07 14:44,98.0,98.0,98.0,98.0,0
CA135087F825,"1,33461441,1330,184",2026-01-07 16:44,98.0,98.0,98.0,98.0,0
CA135087F825,"1,33461441,1330,184",2026-01-07 18:44,98.0,98.0,98.0,98.0,0
CA135087F825,"1,33461441,1330,184",2026-01-07 20:44,98.0,98.0,98.0,98.0,0
CA135087F825,"1,33461441,1330,184",2026-01-07 22:44,98.0,98.0,98.0,98.0,0
CA135087F825,"1,33461441,1330,184",2026-01-08 07:44,97.96,97.96,97.96,97.96,0
CA135087F825,"1,33461441,1330,184",2026-01-08 08:44,97.96,97.96,97.96,97.96,0
CA135087F825,"1,33461441,1330,184",2026-01-08 10:44,97.96,97.96,97.96,97.96,0
CA135087F825,"1,33461441,1330,184",2026-01-08 12:44,97.96,97.96,97.96,97.96,0
CA135087F825,"1,33461441,1330,184",2026-01-08 14:44,97.96,97.96,97.96,97.96,0
CA135087F825,"1,33461441,1330,184",2026-01-08 16:44,97.96,97.96,97.96,97.96,0
CA135087F825,"1,33461441,1330,184",2026-01-08 18:44,97.96,97.96,97.96,97.96,0
CA135087F825,"1,33461441,1330,184",2026-01-08 20:44,97.96,97.96,97.96,97.96,0
CA135087F825,"1,33461441,1330,184",2026-01-08 22:44,97.96,97.96,97.96,97.96,0
CA135087F825,"1,33461441,1330,184",2026-01-09 07:44,97.96,97.96,97.96,97.96,0
CA135087F825,"1,33461441,1330,184",2026-01-09 08:44,97.96,97.96,97.96,97.96,0
CA135087F825,"1,33461441,1330,184",2026-01-09 10:44,97.96,97.96,97.96,97.96,0
CA135087F825,"1,33461441,1330,184",2026-01-09 12:44,97.96,97.96,97.96,97.96,0
CA135087F825,"1,33461441,1330,184",2026-01-09 14:44,97.96,97.96,97.96,97.96,0
CA135087F825,"1,33461441,1330,184",2026-01-09 16:44,97.96,97.96,97.96,97.96,0
CA135087F825,"1,33461441,1330,184",2026-01-09 18:44,97.96,97.96,97.96,97.96,0
CA135087F825,"1,33461441,1330,184",2026-01-09 20:44,97.96,97.96,97.96,97.96,0
CA135087F825,"1,33461441,1330,184",2026-01-09 22:44,97.96,97.96,97.96,97.96,0
CA135087F825,"1,33461441,1330,184",2026-01-12 07:44,97.98,97.98,97.98,97.98,0
CA135087F825,"1,33461441,1330,184",2026-01-12 08:44,97.98,97.98,97.98,97.98,0
CA135087F825,"1,33461441,1330,184",2026-01-12 10:44,97.98,97.98,97.98,97.98,0
CA135087F825,"1,33461441,1330,184",2026-01-12 12:44,97.98,97.98,97.98,97.98,0
CA135087F825,"1,33461441,1330,184",2026-01-12 14:44,97.98,97.98,97.98,97.98,0
CA135087F825,"1,33461441,1330,184",2026-01-12 16:44,97.98,97.98,97.98,97.98,0
CA135087F825,"1,33461441,1330,184",2026-01-12 18:44,97.98,97.98,97.98,97.98,0
CA135087F825,"1,33461441,1330,184",2026-01-12 20:44,97.98,97.98,97.98,97.98,0
CA135087F825,"1,33461441,1330,184",2026-01-12 22:44,97.98,97.98,97.98,97.98,0
CA135087F825,"1,33461441,1330,184",2026-01-13 07:44,97.97,97.97,97.97,97.97,0
CA135087F825,"1,33461441,1330,184",2026-01-13 08:44,97.97,97.97,97.97,97.97,0
CA135087F825,"1,33461441,1330,184",2026-01-13 10:44,97.97,97.97,97.97,97.97,0
CA135087F825,"1,33461441,1330,184",2026-01-13 12:44,97.97,97.97,97.97,97.97,0
CA135087F825,"1,33461441,1330,184",2026-01-13 14:44,97.97,97.97,97.97,97.97,0
CA135087F825,"1,33461441,1330,184",2026-01-13 16:44,97.97,97.97,97.97,97.97,0
CA135087F825,"1,33461441,1330,184",2026-01-13 18:44,97.97,97.97,97.97,97.97,0
CA135087F825,"1,33461441,1330,184",2026-01-13 20:44,97.97,97.97,97.97,97.97,0
CA135087F825,"1,33461441,1330,184",2026-01-13 22:44,97.97,97.97,97.97,97.97,0
CA135087F825,"1,33461441,1330,184",2026-01-14 07:44,97.98,97.98,97.98,97.98,0
CA135087F825,"1,33461441,1330,184",2026-01-14 08:44,97.98,97.98,97.98,97.98,0
CA135087F825,"1,33461441,1330,184",2026-01-14 10:44,97.98,97.98,97.98,97.98,0
CA135087F825,"1,33461441,1330,184",2026-01-14 12:44,97.99,97.99,97.99,97.99,0
CA135087F825,"1,33461441,1330,184",2026-01-14 14:44,97.99,97.99,97.99,97.99,0
CA135087F825,"1,33461441,1330,184",2026-01-14 16:44,97.99,97.99,97.99,97.99,0
CA135087F825,"1,33461441,1330,184",2026-01-14 18:44,97.99,97.99,97.99,97.99,0
CA135087F825,"1,33461441,1330,184",2026-01-14 20:44,97.99,97.99,97.99,97.99,0
CA135087F825,"1,33461441,1330,184",2026-01-14 22:44,97.99,97.99,97.99,97.99,0
CA135087F825,"1,33461441,1330,184",2026-01-15 07:44,98.02,98.02,98.02,98.02,0
CA135087F825,"1,33461441,1330,184",2026-01-15 08:44,98.02,98.02,98.02,98.02,0
CA135087F825,"1,33461441,1330,184",2026-01-15 10:44,98.02,98.02,98.02,98.02,0
CA135087F825,"1,33461441,1330,184",2026-01-15 12:44,98.02,98.02,98.02,98.02,0
CA135087F825,"1,33461441,1330,184",2026-01-15 14:44,98.02,98.02,98.02,98.02,0
CA135087F825,"1,33461441,1330,184",2026-01-15 16:44,98.02,98.02,98.02,98.02,0
CA135087F825,"1,33461441,1330,184",2026-01-15 18:44,98.02,98.02,98.02,98.02,0
CA135087F825,"1,33461441,1330,184",2026-01-15 20:44,98.02,98.02,98.02,98.02,0
CA135087F825,"1,33461441,1330,184",2026-01-15 22:44,98.02,98.02,98.02,98.02,0
CA135087F825,"1,33461441,1330,184",2026-01-16 07:44,98.03,98.03,98.03,98.03,0
CA135087F825,"1,33461441,1330,184",2026-01-16 08:44,98.03,98.03,98.03,98.03,0
CA135087F825,"1,33461441,1330,184",2026-01-16 10:44,98.03,98.03,98.03,98.03,0
CA135087F825,"1,33461441,1330,184",2026-01-16 12:44,98.03,98.03,98.03,98.03,0
CA135087F825,"1,33461441,1330,184",2026-01-16 14:44,98.03,98.03,98.03,98.03,0
CA135087F825,"1,33461441,1330,184",2026-01-16 16:44,98.03,98.03,98.03,98.03,0
CA135087F825,"1,33461441,1330,184",2026-01-16 18:44,98.03,98.03,98.03,98.03,0
CA135087F825,"1,33461441,1330,184",2026-01-16 20:44,98.03,98.03,98.03,98.03,0
CA135087F825,"1,33461441,1330,184",2026-01-16 22:44,98.03,98.03,98.03,98.03,0
CA135087F825,"1,33461441,1330,184",2026-01-19 07:44,98.02,98.02,98.02,98.02,0
CA135087F825,"1,33461441,1330,184",2026-01-19 08:44,98.02,98.02,98.02,98.02,0
CA135087F825,"1,33461441,1330,184",2026-01-19 10:44,98.02,98.02,98.02,98.02,0
CA135087F825,"1,33461441,1330,184",2026-01-19 12:44,98.02,98.02,98.02,98.02,0
CA135087F825,"1,33461441,1330,184",2026-01-19 14:44,98.02,98.02,98.02,98.02,0
CA135087F825,"1,33461441,1330,184",2026-01-19 16:44,98.02,98.02,98.02,98.02,0
CA135087F825,"1,33461441,1330,184",2026-01-19 18:44,98.02,98.02,98.02,98.02,0
CA135087F825,"1,33461441,1330,184",2026-01-19 20:44,98.02,98.02,98.02,98.02,0
CA135087F825,"1,33461441,1330,184",2026-01-19 22:44,98.02,98.02,98.02,98.02,0
CA135087VW17,"1,490501,1330,184",2026-01-05 06:44,107.3,0.0,0.0,0.0,0
CA135087VW17,"1,490501,1330,184",2026-01-05 07:44,107.3,107.3,107.3,107.3,0
CA135087VW17,"1,490501,1330,184",2026-01-05 08:44,107.3,107.3,107.3,107.3,0
CA135087VW17,"1,490501,1330,184",2026-01-05 10:44,107.3,107.3,107.3,107.3,0
CA135087VW17,"1,490501,1330,184",2026-01-05 12:44,107.3,107.3,107.3,107.3,0
CA135087VW17,"1,490501,1330,184",2026-01-05 14:44,107.3,107.3,107.3,107.3,0
CA135087VW17,"1,490501,1330,184",2026-01-05 16:44,107.3,107.3,107.3,107.3,0
CA135087VW17,"1,490501,1330,184",2026-01-05 18:44,107.3,107.3,107.3,107.3,0
CA135087VW17,"1,490501,1330,184",2026-01-05 20:44,107.3,107.3,107.3,107.3,0
CA135087VW17,"1,490501,1330,184",2026-01-05 22:44,107.3,107.3,107.3,107.3,0
CA135087VW17,"1,490501,1330,184",2026-01-06 07:44,107.35,107.35,107.35,107.35,0
CA135087VW17,"1,490501,1330,184",2026-01-06 08:44,107.35,107.35,107.35,107.35,0
CA135087VW17,"1,490501,1330,184",2026-01-06 10:44,107.35,107.35,107.35,107.35,0
CA135087VW17,"1,490501,1330,184",2026-01-06 12:44,107.35,107.35,107.35,107.35,0
CA135087VW17,"1,490501,1330,184",2026-01-06 14:44,107.35,107.35,107.35,107.35,0
CA135087VW17,"1,490501,1330,184",2026-01-06 16:44,107.35,107.35,107.35,107.35,0
CA135087VW17,"1,490501,1330,184",2026-01-06 18:44,107.35,107.35,107.35,107.35,0
CA135087VW17,"1,490501,1330,184",2026-01-06 20:44,107.35,107.35,107.35,107.35,0
CA135087VW17,"1,490501,1330,184",2026-01-06 22:44,107.35,107.35,107.35,107.35,0
CA135087VW17,"1,490501,1330,184",2026-01-07 07:44,107.32,107.32,107.32,107.32,0
CA135087VW17,"1,490501,1330,184",2026-01-07 08:44,107.32,107.32,107.32,107.32,0
CA135087VW17,"1,490501,1330,184",2026-01-07 10:44,107.32,107.32,107.32,107.32,0
CA135087VW17,"1,490501,1330,184",2026-01-07 12:44,107.32,107.32,107.32,107.32,0
CA135087VW17,"1,490501,1330,184",2026-01-07 14:44,107.32,107.32,107.32,107.32,0
CA135087VW17,"1,490501,1330,184",2026-01-07 16:44,107.32,107.32,107.32,107.32,0
CA135087VW17,"1,490501,1330,184",2026-01-07 18:44,107.32,107.32,107.32,107.32,0
CA135087VW17,"1,490501,1330,184",2026-01-07 20:44,107.32,107.32,107.32,107.32,0
CA135087VW17,"1,490501,1330,184",2026-01-07 22:44,107.32,107.32,107.32,107.32,0
CA135087VW17,"1,490501,1330,184",2026-01-08 07:44,107.35,107.35,107.35,107.35,0
CA135087VW17,"1,490501,1330,184",2026-01-08 08:44,107.35,107.35,107.35,107.35,0
CA135087VW17,"1,490501,1330,184",2026-01-08 10:44,107.35,107.35,107.35,107.35,0
CA135087VW17,"1,490501,1330,184",2026-01-08 12:44,107.35,107.35,107.35,107.35,0
CA135087VW17,"1,490501,1330,184",2026-01-08 14:44,107.35,107.35,107.35,107.35,0
CA135087VW17,"1,490501,1330,184",2026-01-08 16:44,107.35,107.35,107.35,107.35,0
CA135087VW17,"1,490501,1330,184",2026-01-08 18:44,107.35,107.35,107.35,107.35,0
CA135087VW17,"1,490501,1330,184",2026-01-08 20:44,107.35,107.35,107.35,107.35,0
CA135087VW17,"1,490501,1330,184",2026-01-08 22:44,107.35,107.35,107.35,107.35,0
CA135087VW17,"1,490501,1330,184",2026-01-09 07:44,107.32,107.32,107.32,107.32,0
CA135087VW17,"1,490501,1330,184",2026-01-09 08:44,107.32,107.32,107.32,107.32,0
CA135087VW17,"1,490501,1330,184",2026-01-09 10:44,107.32,107.32,107.32,107.32,0
CA135087VW17,"1,490501,1330,184",2026-01-09 12:44,107.32,107.32,107.32,107.32,0
CA135087VW17,"1,490501,1330,184",2026-01-09 14:44,107.32,107.32,107.32,107.32,0
CA135087VW17,"1,490501,1330,184",2026-01-09 16:44,107.32,107.32,107.32,107.32,0
CA135087VW17,"1,490501,1330,184",2026-01-09 18:44,107.32,107.32,107.32,107.32,0
CA135087VW17,"1,490501,1330,184",2026-01-09 20:44,107.32,107.32,107.32,107.32,0
CA135087VW17,"1,490501,1330,184",2026-01-09 22:44,107.32,107.32,107.32,107.32,0
CA135087VW17,"1,490501,1330,184",2026-01-12 07:44,107.3,107.3,107.3,107.3,0
CA135087VW17,"1,490501,1330,184",2026-01-12 08:44,107.3,107.3,107.3,107.3,0
CA135087VW17,"1,490501,1330,184",2026-01-12 10:44,107.3,107.3,107.3,107.3,0
CA135087VW17,"1,490501,1330,184",2026-01-12 12:44,107.3,107.3,107.3,107.3,0
CA135087VW17,"1,490501,1330,184",2026-01-12 14:44,107.3,107.3,107.3,107.3,0
CA135087VW17,"1,490501,1330,184",2026-01-12 16:44,107.3,107.3,107.3,107.3,0
CA135087VW17,"1,490501,1330,184",2026-01-12 18:44,107.3,107.3,107.3,107.3,0
CA135087VW17,"1,490501,1330,184",2026-01-12 20:44,107.3,107.3,107.3,107.3,0
CA135087VW17,"1,490501,1330,184",2026-01-12 22:44,107.3,107.3,107.3,107.3,0
CA135087VW17,"1,490501,1330,184",2026-01-13 07:44,107.27,107.27,107.27,107.27,0
CA135087VW17,"1,490501,1330,184",2026-01-13 08:44,107.27,107.27,107.27,107.27,0
CA135087VW17,"1,490501,1330,184",2026-01-13 10:44,107.27,107.27,107.27,107.27,0
CA135087VW17,"1,490501,1330,184",2026-01-13 12:44,107.27,107.27,107.27,107.27,0
CA135087VW17,"1,490501,1330,184",2026-01-13 14:44,107.27,107.27,107.27,107.27,0
CA135087VW17,"1,490501,1330,184",2026-01-13 16:44,107.27,107.27,107.27,107.27,0
CA135087VW17,"1,490501,1330,184",2026-01-13 18:44,107.27,107.27,107.27,107.27,0
CA135087VW17,"1,490501,1330,184",2026-01-13 20:44,107.27,107.27,107.27,107.27,0
CA135087VW17,"1,490501,1330,184",2026-01-13 22:44,107.27,107.27,107.27,107.27,0
CA135087VW17,"1,490501,1330,184",2026-01-14 07:44,107.26,107.26,107.26,107.26,0
CA135087VW17,"1,490501,1330,184",2026-01-14 08:44,107.26,107.26,107.26,107.26,0
CA135087VW17,"1,490501,1330,184",2026-01-14 10:44,107.26,107.26,107.26,107.26,0
CA135087VW17,"1,490501,1330,184",2026-01-14 12:44,107.26,107.26,107.26,107.26,0
CA135087VW17,"1,490501,1330,184",2026-01-14 14:44,107.26,107.26,107.26,107.26,0
CA135087VW17,"1,490501,1330,184",2026-01-14 16:44,107.26,107.26,107.26,107.26,0
CA135087VW17,"1,490501,1330,184",2026-01-14 18:44,107.26,107.26,107.26,107.26,0
CA135087VW17,"1,490501,1330,184",2026-01-14 20:44,107.26,107.26,107.26,107.26,0
CA135087VW17,"1,490501,1330,184",2026-01-14 22:44,107.26,107.26,107.26,107.26,0
CA135087VW17,"1,490501,1330,184",2026-01-15 07:44,107.26,107.26,107.26,107.26,0
CA135087VW17,"1,490501,1330,184",2026-01-15 08:44,107.26,107.26,107.26,107.26,0
CA135087VW17,"1,490501,1330,184",2026-01-15 10:44,107.26,107.26,107.26,107.26,0
CA135087VW17,"1,490501,1330,184",2026-01-15 12:44,107.27,107.27,107.27,107.27,0
CA135087VW17,"1,490501,1330,184",2026-01-15 14:44,107.27,107.27,107.27,107.27,0
CA135087VW17,"1,490501,1330,184",2026-01-15 16:44,107.27,107.27,107.27,107.27,0
CA135087VW17,"1,490501,1330,184",2026-01-15 18:44,107.27,107.27,107.27,107.27,0
CA135087VW17,"1,490501,1330,184",2026-01-15 20:44,107.27,107.27,107.27,107.27,0
CA135087VW17,"1,490501,1330,184",2026-01-15 22:44,107.27,107.27,107.27,107.27,0
CA135087VW17,"1,490501,1330,184",2026-01-16 07:44,107.26,107.26,107.26,107.26,0
CA135087VW17,"1,490501,1330,184",2026-01-16 08:44,107.26,107.26,107.26,107.26,0
CA135087VW17,"1,490501,1330,184",2026-01-16 10:44,107.26,107.26,107.26,107.26,0
CA135087VW17,"1,490501,1330,184",2026-01-16 12:44,107.26,107.26,107.26,107.26,0
CA135087VW17,"1,490501,1330,184",2026-01-16 14:44,107.26,107.26,107.26,107.26,0
CA135087VW17,"1,490501,1330,184",2026-01-16 16:44,107.26,107.26,107.26,107.26,0
CA135087VW17,"1,490501,1330,184",2026-01-16 18:44,107.26,107.26,107.26,107.26,0
CA135087VW17,"1,490501,1330,184",2026-01-16 20:44,107.26,107.26,107.26,107.26,0
CA135087VW17,"1,490501,1330,184",2026-01-16 22:44,107.26,107.26,107.26,107.26,0
CA135087VW17,"1,490501,1330,184",2026-01-19 07:44,107.2,107.2,107.2,107.2,0
CA135087VW17,"1,490501,1330,184",2026-01-19 08:44,107.2,107.2,107.2,107.2,0
CA135087VW17,"1,490501,1330,184",2026-01-19 10:44,107.2,107.2,107.2,107.2,0
CA135087VW17,"1,490501,1330,184",2026-01-19 12:44,107.2,107.2,107.2,107.2,0
CA135087VW17,"1,490501,1330,184",2026-01-19 14:44,107.2,107.2,107.2,107.2,0
CA135087VW17,"1,490501,1330,184",2026-01-19 16:44,107.2,107.2,107.2,107.2,0
CA135087VW17,"1,490501,1330,184",2026-01-19 18:44,107.2,107.2,107.2,107.2,0
CA135087VW17,"1,490501,1330,184",2026-01-19 20:44,107.2,107.2,107.2,107.2,0
CA135087VW17,"1,490501,1330,184",2026-01-19 22:44,107.2,107.2,107.2,107.2,0
CA135087T461,"1,145462038,1330,184",2026-01-05 06:44,99.875,0.0,0.0,0.0,0
CA135087T461,"1,145462038,1330,184",2026-01-05 07:44,99.875,99.875,99.875,99.875,0
CA135087T461,"1,145462038,1330,184",2026-01-05 08:44,99.875,99.875,99.875,99.875,0
CA135087T461,"1,145462038,1330,184",2026-01-05 10:44,99.88,99.88,99.88,99.88,0
CA135087T461,"1,145462038,1330,184",2026-01-05 12:44,99.88,99.88,99.88,99.88,0
CA135087T461,"1,145462038,1330,184",2026-01-05 14:44,99.91,99.91,99.91,99.91,0
CA135087T461,"1,145462038,1330,184",2026-01-05 16:44,99.92,99.92,99.92,99.92,0
CA135087T461,"1,145462038,1330,184",2026-01-05 18:44,99.935,99.935,99.935,99.935,0
CA135087T461,"1,145462038,1330,184",2026-01-05 20:44,99.94,99.94,99.94,99.94,0
CA135087T461,"1,145462038,1330,184",2026-01-05 22:44,99.94,99.94,99.94,99.94,0
CA135087T461,"1,145462038,1330,184",2026-01-06 07:44,99.948,99.948,99.948,99.948,0
CA135087T461,"1,145462038,1330,184",2026-01-06 08:44,99.948,99.948,99.948,99.948,0
CA135087T461,"1,145462038,1330,184",2026-01-06 10:44,99.95,99.95,99.95,99.95,0
CA135087T461,"1,145462038,1330,184",2026-01-06 12:44,99.95,99.95,99.95,99.95,0
CA135087T461,"1,145462038,1330,184",2026-01-06 14:44,99.95,99.95,99.95,99.95,0
CA135087T461,"1,145462038,1330,184",2026-01-06 16:44,99.92,99.92,99.92,99.92,0
CA135087T461,"1,145462038,1330,184",2026-01-06 18:44,99.92,99.92,99.92,99.92,0
CA135087T461,"1,145462038,1330,184",2026-01-06 20:44,99.92,99.92,99.92,99.92,0
CA135087T461,"1,145462038,1330,184",2026-01-06 22:44,99.92,99.92,99.92,99.92,0
CA135087T461,"1,145462038,1330,184",2026-01-07 07:44,99.928,99.928,99.928,99.928,0
CA135087T461,"1,145462038,1330,184",2026-01-07 08:44,99.928,99.928,99.928,99.928,0
CA135087T461,"1,145462038,1330,184",2026-01-07 10:44,99.93,99.93,99.93,99.93,0
CA135087T461,"1,145462038,1330,184",2026-01-07 12:44,99.93,99.93,99.93,99.93,0
CA135087T461,"1,145462038,1330,184",2026-01-07 14:44,99.97,99.97,99.97,99.97,0
CA135087T461,"1,145462038,1330,184",2026-01-07 16:44,99.97,99.97,99.97,99.97,0
CA135087T461,"1,145462038,1330,184",2026-01-07 18:44,99.97,99.97,99.97,99.97,0
CA135087T461,"1,145462038,1330,184",2026-01-07 20:44,99.97,99.97,99.97,99.97,0
CA135087T461,"1,145462038,1330,184",2026-01-07 22:44,99.97,99.97,99.97,99.97,0
CA135087T461,"1,145462038,1330,184",2026-01-08 07:44,99.955,99.955,99.955,99.955,0
CA135087T461,"1,145462038,1330,184",2026-01-08 08:44,99.955,99.955,99.955,99.955,0
CA135087T461,"1,145462038,1330,184",2026-01-08 10:44,99.96,99.96,99.96,99.96,0
CA135087T461,"1,145462038,1330,184",2026-01-08 12:44,99.96,99.96,99.96,99.96,0
CA135087T461,"1,145462038,1330,184",2026-01-08 14:44,99.96,99.96,99.96,99.96,0
CA135087T461,"1,145462038,1330,184",2026-01-08 16:44,99.96,99.96,99.96,99.96,0
CA135087T461,"1,145462038,1330,184",2026-01-08 18:44,99.96,99.96,99.96,99.96,0
CA135087T461,"1,145462038,1330,184",2026-01-08 20:44,99.96,99.96,99.96,99.96,0
CA135087T461,"1,145462038,1330,184",2026-01-08 22:44,99.96,99.96,99.96,99.96,0
CA135087T461,"1,145462038,1330,184",2026-01-09 07:44,99.958,99.958,99.958,99.958,0
CA135087T461,"1,145462038,1330,184",2026-01-09 08:44,99.958,99.958,99.958,99.958,0
CA135087T461,"1,145462038,1330,184",2026-01-09 10:44,99.96,99.96,99.96,99.96,0
CA135087T461,"1,145462038,1330,184",2026-01-09 12:44,99.96,99.96,99.96,99.96,0
CA135087T461,"1,145462038,1330,184",2026-01-09 14:44,99.96,99.96,99.96,99.96,0
CA135087T461,"1,145462038,1330,184",2026-01-09 16:44,99.97,99.97,99.97,99.97,0
CA135087T461,"1,145462038,1330,184",2026-01-09 18:44,99.97,99.97,99.97,99.97,0
CA135087T461,"1,145462038,1330,184",2026-01-09 20:44,99.97,99.97,99.97,99.97,0
CA135087T461,"1,145462038,1330,184",2026-01-09 22:44,99.97,99.97,99.97,99.97,0
CA135087T461,"1,145462038,1330,184",2026-01-12 07:44,99.965,99.965,99.965,99.965,0
CA135087T461,"1,145462038,1330,184",2026-01-12 08:44,99.965,99.965,99.965,99.965,0
CA135087T461,"1,145462038,1330,184",2026-01-12 10:44,99.97,99.97,99.97,99.97,0
CA135087T461,"1,145462038,1330,184",2026-01-12 12:44,99.97,99.97,99.97,99.97,0
CA135087T461,"1,145462038,1330,184",2026-01-12 14:44,99.97,99.97,99.97,99.97,0
CA135087T461,"1,145462038,1330,184",2026-01-12 16:44,99.97,99.97,99.97,99.97,0
CA135087T461,"1,145462038,1330,184",2026-01-12 18:44,99.97,99.97,99.97,99.97,0
CA135087T461,"1,145462038,1330,184",2026-01-12 20:44,99.97,99.97,99.97,99.97,0
CA135087T461,"1,145462038,1330,184",2026-01-12 22:44,99.97,99.97,99.97,99.97,0
CA135087T461,"1,145462038,1330,184",2026-01-13 07:44,99.945,99.945,99.945,99.945,0
CA135087T461,"1,145462038,1330,184",2026-01-13 08:44,99.945,99.945,99.945,99.945,0
CA135087T461,"1,145462038,1330,184",2026-01-13 10:44,99.95,99.95,99.95,99.95,0
CA135087T461,"1,145462038,1330,184",2026-01-13 12:44,99.95,99.95,99.95,99.95,0
CA135087T461,"1,145462038,1330,184",2026-01-13 14:44,99.95,99.95,99.95,99.95,0
CA135087T461,"1,145462038,1330,184",2026-01-13 16:44,99.95,99.95,99.95,99.95,0
CA135087T461,"1,145462038,1330,184",2026-01-13 18:44,99.95,99.95,99.95,99.95,0
CA135087T461,"1,145462038,1330,184",2026-01-13 20:44,99.95,99.95,99.95,99.95,0
CA135087T461,"1,145462038,1330,184",2026-01-13 22:44,99.95,99.95,99.95,99.95,0
CA135087T461,"1,145462038,1330,184",2026-01-14 07:44,99.955,99.955,99.955,99.955,0
CA135087T461,"1,145462038,1330,184",2026-01-14 08:44,99.955,99.955,99.955,99.955,0
CA135087T461,"1,145462038,1330,184",2026-01-14 10:44,99.96,99.96,99.96,99.96,0
CA135087T461,"1,145462038,1330,184",2026-01-14 12:44,99.96,99.96,99.96,99.96,0
CA135087T461,"1,145462038,1330,184",2026-01-14 14:44,99.97,99.97,99.97,99.97,0
CA135087T461,"1,145462038,1330,184",2026-01-14 16:44,99.99,99.99,99.99,99.99,0
CA135087T461,"1,145462038,1330,184",2026-01-14 18:44,100.0,100.0,100.0,100.0,0
CA135087T461,"1,145462038,1330,184",2026-01-14 20:44,100.0,100.0,100.0,100.0,0
CA135087T461,"1,145462038,1330,184",2026-01-14 22:44,100.0,100.0,100.0,100.0,0
CA135087T461,"1,145462038,1330,184",2026-01-15 07:44,99.995,99.995,99.995,99.995,0
CA135087T461,"1,145462038,1330,184",2026-01-15 08:44,99.995,99.995,99.995,99.995,0
CA135087T461,"1,145462038,1330,184",2026-01-15 10:44,100.0,100.0,100.0,100.0,0
CA135087T461,"1,145462038,1330,184",2026-01-15 12:44,100.0,100.0,100.0,100.0,0
CA135087T461,"1,145462038,1330,184",2026-01-15 14:44,100.0,100.0,100.0,100.0,0
CA135087T461,"1,145462038,1330,184",2026-01-15 16:44,100.0,100.0,100.0,100.0,0
CA135087T461,"1,145462038,1330,184",2026-01-15 18:44,100.0,100.0,100.0,100.0,0
CA135087T461,"1,145462038,1330,184",2026-01-15 20:44,100.0,100.0,100.0,100.0,0
CA135087T461,"1,145462038,1330,184",2026-01-15 22:44,100.0,100.0,100.0,100.0,0
CA135087T461,"1,145462038,1330,184",2026-01-16 07:44,99.995,99.995,99.995,99.995,0
CA135087T461,"1,145462038,1330,184",2026-01-16 08:44,99.995,99.995,99.995,99.995,0
CA135087T461,"1,145462038,1330,184",2026-01-16 10:44,100.0,100.0,100.0,100.0,0
CA135087T461,"1,145462038,1330,184",2026-01-16 12:44,100.0,100.0,100.0,100.0,0
CA135087T461,"1,145462038,1330,184",2026-01-16 14:44,100.0,100.0,100.0,100.0,0
CA135087T461,"1,145462038,1330,184",2026-01-16 16:44,100.01,100.01,100.01,100.01,0
CA135087T461,"1,145462038,1330,184",2026-01-16 18:44,100.01,100.01,100.01,100.01,0
CA135087T461,"1,145462038,1330,184",2026-01-16 20:44,100.01,100.01,100.01,100.01,0
CA135087T461,"1,145462038,1330,184",2026-01-16 22:44,100.01,100.01,100.01,100.01,0
CA135087T461,"1,145462038,1330,184",2026-01-19 07:44,99.975,99.975,99.975,99.975,0
CA135087T461,"1,145462038,1330,184",2026-01-19 08:44,99.975,99.975,99.975,99.975,0
CA135087T461,"1,145462038,1330,184",2026-01-19 10:44,99.98,99.98,99.98,99.98,0
CA135087T461,"1,145462038,1330,184",2026-01-19 12:44,99.98,99.98,99.98,99.98,0
CA135087T461,"1,145462038,1330,184",2026-01-19 14:44,99.99,99.99,99.99,99.99,0
CA135087T461,"1,145462038,1330,184",2026-01-19 16:44,99.99,99.99,99.99,99.99,0
CA135087T461,"1,145462038,1330,184",2026-01-19 18:44,99.99,99.99,99.99,99.99,0
CA135087T461,"1,145462038,1330,184",2026-01-19 20:44,99.99,99.99,99.99,99.99,0
CA135087T461,"1,145462038,1330,184",2026-01-19 22:44,99.99,99.99,99.99,99.99,0
CA135087P733,"1,123653782,1330,184",2026-01-05 06:44,101.13,0.0,0.0,0.0,0
CA135087P733,"1,123653782,1330,184",2026-01-05 07:44,101.13,101.13,101.13,101.13,0
CA135087P733,"1,123653782,1330,184",2026-01-05 08:44,101.13,101.13,101.13,101.13,0
CA135087P733,"1,123653782,1330,184",2026-01-05 10:44,101.13,101.13,101.13,101.13,0
CA135087P733,"1,123653782,1330,184",2026-01-05 12:44,101.14,101.14,101.14,101.14,0
CA135087P733,"1,123653782,1330,184",2026-01-05 14:44,101.16,101.16,101.16,101.16,0
CA135087P733,"1,123653782,1330,184",2026-01-05 16:44,101.17,101.17,101.17,101.17,0
CA135087P733,"1,123653782,1330,184",2026-01-05 18:44,101.17,101.17,101.17,101.17,0
CA135087P733,"1,123653782,1330,184",2026-01-05 20:44,101.17,101.17,101.17,101.17,0
CA135087P733,"1,123653782,1330,184",2026-01-05 22:44,101.17,101.17,101.17,101.17,0
CA135087P733,"1,123653782,1330,184",2026-01-06 07:44,101.2,101.2,101.2,101.2,0
CA135087P733,"1,123653782,1330,184",2026-01-06 08:44,101.2,101.2,101.2,101.2,0
CA135087P733,"1,123653782,1330,184",2026-01-06 10:44,101.2,101.2,101.2,101.2,0
CA135087P733,"1,123653782,1330,184",2026-01-06 12:44,101.2,101.2,101.2,101.2,0
CA135087P733,"1,123653782,1330,184",2026-01-06 14:44,101.2,101.2,101.2,101.2,0
CA135087P733,"1,123653782,1330,184",2026-01-06 16:44,101.2,101.2,101.2,101.2,0
CA135087P733,"1,123653782,1330,184",2026-01-06 18:44,101.2,101.2,101.2,101.2,0
CA135087P733,"1,123653782,1330,184",2026-01-06 20:44,101.2,101.2,101.2,101.2,0
CA135087P733,"1,123653782,1330,184",2026-01-06 22:44,101.2,101.2,101.2,101.2,0
CA135087P733,"1,123653782,1330,184",2026-01-07 07:44,101.18,101.18,101.18,101.18,0
CA135087P733,"1,123653782,1330,184",2026-01-07 08:44,101.18,101.18,101.18,101.18,0
CA135087P733,"1,123653782,1330,184",2026-01-07 10:44,101.18,101.18,101.18,101.18,0
CA135087P733,"1,123653782,1330,184",2026-01-07 12:44,101.2,101.2,101.2,101.2,0
CA135087P733,"1,123653782,1330,184",2026-01-07 14:44,101.21,101.21,101.21,101.21,0
CA135087P733,"1,123653782,1330,184",2026-01-07 16:44,101.21,101.21,101.21,101.21,0
CA135087P733,"1,123653782,1330,184",2026-01-07 18:44,101.21,101.21,101.21,101.21,0
CA135087P733,"1,123653782,1330,184",2026-01-07 20:44,101.21,101.21,101.21,101.21,0
CA135087P733,"1,123653782,1330,184",2026-01-07 22:44,101.21,101.21,101.21,101.21,0
CA135087P733,"1,123653782,1330,184",2026-01-08 07:44,101.21,101.21,101.21,101.21,0
CA135087P733,"1,123653782,1330,184",2026-01-08 08:44,101.21,101.21,101.21,101.21,0
CA135087P733,"1,123653782,1330,184",2026-01-08 10:44,101.21,101.21,101.21,101.21,0
CA135087P733,"1,123653782,1330,184",2026-01-08 12:44,101.21,101.21,101.21,101.21,0
CA135087P733,"1,123653782,1330,184",2026-01-08 14:44,101.21,101.21,101.21,101.21,0
CA135087P733,"1,123653782,1330,184",2026-01-08 16:44,101.21,101.21,101.21,101.21,0
CA135087P733,"1,123653782,1330,184",2026-01-08 18:44,101.21,101.21,101.21,101.21,0
CA135087P733,"1,123653782,1330,184",2026-01-08 20:44,101.21,101.21,101.21,101.21,0
CA135087P733,"1,123653782,1330,184",2026-01-08 22:44,101.21,101.21,101.21,101.21,0
CA135087P733,"1,123653782,1330,184",2026-01-09 07:44,101.2,101.2,101.2,101.2,0
CA135087P733,"1,123653782,1330,184",2026-01-09 08:44,101.2,101.2,101.2,101.2,0
CA135087P733,"1,123653782,1330,184",2026-01-09 10:44,101.2,101.2,101.2,101.2,0
CA135087P733,"1,123653782,1330,184",2026-01-09 12:44,101.2,101.2,101.2,101.2,0
CA135087P733,"1,123653782,1330,184",2026-01-09 14:44,101.2,101.2,101.2,101.2,0
CA135087P733,"1,123653782,1330,184",2026-01-09 16:44,101.2,101.2,101.2,101.2,0
CA135087P733,"1,123653782,1330,184",2026-01-09 18:44,101.2,101.2,101.2,101.2,0
CA135087P733,"1,123653782,1330,184",2026-01-09 20:44,101.2,101.2,101.2,101.2,0
CA135087P733,"1,123653782,1330,184",2026-01-09 22:44,101.2,101.2,101.2,101.2,0
CA135087P733,"1,123653782,1330,184",2026-01-12 07:44,101.21,101.21,101.21,101.21,0
CA135087P733,"1,123653782,1330,184",2026-01-12 08:44,101.21,101.21,101.21,101.21,0
CA135087P733,"1,123653782,1330,184",2026-01-12 10:44,101.21,101.21,101.21,101.21,0
CA135087P733,"1,123653782,1330,184",2026-01-12 12:44,101.21,101.21,101.21,101.21,0
CA135087P733,"1,123653782,1330,184",2026-01-12 14:44,101.21,101.21,101.21,101.21,0
CA135087P733,"1,123653782,1330,184",2026-01-12 16:44,101.21,101.21,101.21,101.21,0
CA135087P733,"1,123653782,1330,184",2026-01-12 20:44,101.21,101.21,101.21,101.21,0
CA135087P733,"1,123653782,1330,184",2026-01-12 22:44,101.21,101.21,101.21,101.21,0
CA135087P733,"1,123653782,1330,184",2026-01-13 07:44,101.19,101.19,101.19,101.19,0
CA135087P733,"1,123653782,1330,184",2026-01-13 08:44,101.19,101.19,101.19,101.19,0
CA135087P733,"1,123653782,1330,184",2026-01-13 10:44,101.19,101.19,101.19,101.19,0
CA135087P733,"1,123653782,1330,184",2026-01-13 12:44,101.19,101.19,101.19,101.19,0
CA135087P733,"1,123653782,1330,184",2026-01-13 14:44,101.19,101.19,101.19,101.19,0
CA135087P733,"1,123653782,1330,184",2026-01-13 16:44,101.19,101.19,101.19,101.19,0
CA135087P733,"1,123653782,1330,184",2026-01-13 18:44,101.19,101.19,101.19,101.19,0
CA135087P733,"1,123653782,1330,184",2026-01-13 20:44,101.19,101.19,101.19,101.19,0
CA135087P733,"1,123653782,1330,184",2026-01-13 22:44,101.19,101.19,101.19,101.19,0
CA135087P733,"1,123653782,1330,184",2026-01-14 07:44,101.2,101.2,101.2,101.2,0
CA135087P733,"1,123653782,1330,184",2026-01-14 08:44,101.2,101.2,101.2,101.2,0
CA135087P733,"1,123653782,1330,184",2026-01-14 10:44,101.2,101.2,101.2,101.2,0
CA135087P733,"1,123653782,1330,184",2026-01-14 12:44,101.21,101.21,101.21,101.21,0
CA135087P733,"1,123653782,1330,184",2026-01-14 14:44,101.21,101.21,101.21,101.21,0
CA135087P733,"1,123653782,1330,184",2026-01-14 16:44,101.21,101.21,101.21,101.21,0
CA135087P733,"1,123653782,1330,184",2026-01-14 18:44,101.21,101.21,101.21,101.21,0
CA135087P733,"1,123653782,1330,184",2026-01-14 20:44,101.21,101.21,101.21,101.21,0
CA135087P733,"1,123653782,1330,184",2026-01-14 22:44,101.21,101.21,101.21,101.21,0
CA135087P733,"1,123653782,1330,184",2026-01-15 07:44,101.1,101.1,101.1,101.1,0
CA135087P733,"1,123653782,1330,184",2026-01-15 08:44,101.1,101.1,101.1,101.1,0
CA135087P733,"1,123653782,1330,184",2026-01-15 10:44,101.1,101.1,101.1,101.1,0
CA135087P733,"1,123653782,1330,184",2026-01-15 12:44,101.24,101.24,101.24,101.24,0
CA135087P733,"1,123653782,1330,184",2026-01-15 14:44,101.24,101.24,101.24,101.24,0
CA135087P733,"1,123653782,1330,184",2026-01-15 16:44,101.24,101.24,101.24,101.24,0
CA135087P733,"1,123653782,1330,184",2026-01-15 18:44,101.24,101.24,101.24,101.24,0
CA135087P733,"1,123653782,1330,184",2026-01-15 20:44,101.24,101.24,101.24,101.24,0
CA135087P733,"1,123653782,1330,184",2026-01-15 22:44,101.24,101.24,101.24,101.24,0
CA135087P733,"1,123653782,1330,184",2026-01-16 07:44,101.11,101.11,101.11,101.11,0
CA135087P733,"1,123653782,1330,184",2026-01-16 08:44,101.11,101.11,101.11,101.11,0
CA135087P733,"1,123653782,1330,184",2026-01-16 10:44,101.11,101.11,101.11,101.11,0
CA135087P733,"1,123653782,1330,184",2026-01-16 12:44,101.23,101.23,101.23,101.23,0
CA135087P733,"1,123653782,1330,184",2026-01-16 14:44,101.23,101.23,101.23,101.23,0
CA135087P733,"1,123653782,1330,184",2026-01-16 16:44,101.23,101.23,101.23,101.23,0
CA135087P733,"1,123653782,1330,184",2026-01-16 18:44,101.23,101.23,101.23,101.23,0
CA135087P733,"1,123653782,1330,184",2026-01-16 20:44,101.23,101.23,101.23,101.23,0
CA135087P733,"1,123653782,1330,184",2026-01-16 22:44,101.23,101.23,101.23,101.23,0
CA135087P733,"1,123653782,1330,184",2026-01-19 07:44,101.21,101.21,101.21,101.21,0
CA135087P733,"1,123653782,1330,184",2026-01-19 08:44,101.21,101.21,101.21,101.21,0
CA135087P733,"1,123653782,1330,184",2026-01-19 10:44,101.21,101.21,101.21,101.21,0
CA135087P733,"1,123653782,1330,184",2026-01-19 12:44,101.21,101.21,101.21,101.21,0
CA135087P733,"1,123653782,1330,184",2026-01-19 14:44,101.21,101.21,101.21,101.21,0
CA135087P733,"1,123653782,1330,184",2026-01-19 16:44,101.21,101.21,101.21,101.21,0
CA135087P733,"1,123653782,1330,184",2026-01-19 18:44,101.21,101.21,101.21,101.21,0
CA135087P733,"1,123653782,1330,184",2026-01-19 20:44,101.21,101.21,101.21,101.21,0
CA135087P733,"1,123653782,1330,184",2026-01-19 22:44,101.21,101.21,101.21,101.21,0
CA135087N837,"1,119036843,1330,184",2026-01-05 06:44,100.2,0.0,0.0,0.0,0
CA135087N837,"1,119036843,1330,184",2026-01-05 07:44,100.2,100.2,100.2,100.2,0
CA135087N837,"1,119036843,1330,184",2026-01-05 08:44,100.2,100.2,100.2,100.2,0
CA135087N837,"1,119036843,1330,184",2026-01-05 10:44,100.2,100.2,100.2,100.2,0
CA135087N837,"1,119036843,1330,184",2026-01-05 12:44,100.22,100.22,100.22,100.22,0
CA135087N837,"1,119036843,1330,184",2026-01-05 14:44,100.22,100.22,100.22,100.22,0
CA135087N837,"1,119036843,1330,184",2026-01-05 16:44,100.22,100.22,100.22,100.22,0
CA135087N837,"1,119036843,1330,184",2026-01-05 18:44,100.22,100.22,100.22,100.22,0
CA135087N837,"1,119036843,1330,184",2026-01-05 20:44,100.22,100.22,100.22,100.22,0
CA135087N837,"1,119036843,1330,184",2026-01-05 22:44,100.22,100.22,100.22,100.22,0
CA135087N837,"1,119036843,1330,184",2026-01-06 07:44,100.3,100.3,100.3,100.3,0
CA135087N837,"1,119036843,1330,184",2026-01-06 08:44,100.3,100.3,100.3,100.3,0
CA135087N837,"1,119036843,1330,184",2026-01-06 10:44,100.3,100.3,100.3,100.3,0
CA135087N837,"1,119036843,1330,184",2026-01-06 12:44,100.3,100.3,100.3,100.3,0
CA135087N837,"1,119036843,1330,184",2026-01-06 14:44,100.3,100.3,100.3,100.3,0
CA135087N837,"1,119036843,1330,184",2026-01-06 16:44,100.3,100.3,100.3,100.3,0
CA135087N837,"1,119036843,1330,184",2026-01-06 18:44,100.3,100.3,100.3,100.3,0
CA135087N837,"1,119036843,1330,184",2026-01-06 20:44,100.3,100.3,100.3,100.3,0
CA135087N837,"1,119036843,1330,184",2026-01-06 22:44,100.3,100.3,100.3,100.3,0
CA135087N837,"1,119036843,1330,184",2026-01-07 07:44,100.26,100.26,100.26,100.26,0
CA135087N837,"1,119036843,1330,184",2026-01-07 08:44,100.26,100.26,100.26,100.26,0
CA135087N837,"1,119036843,1330,184",2026-01-07 10:44,100.26,100.26,100.26,100.26,0
CA135087N837,"1,119036843,1330,184",2026-01-07 12:44,100.28,100.28,100.28,100.28,0
CA135087N837,"1,119036843,1330,184",2026-01-07 14:44,100.28,100.28,100.28,100.28,0
CA135087N837,"1,119036843,1330,184",2026-01-07 16:44,100.28,100.28,100.28,100.28,0
CA135087N837,"1,119036843,1330,184",2026-01-07 18:44,100.28,100.28,100.28,100.28,0
CA135087N837,"1,119036843,1330,184",2026-01-07 20:44,100.28,100.28,100.28,100.28,0
CA135087N837,"1,119036843,1330,184",2026-01-07 22:44,100.28,100.28,100.28,100.28,0
CA135087N837,"1,119036843,1330,184",2026-01-08 07:44,100.31,100.31,100.31,100.31,0
CA135087N837,"1,119036843,1330,184",2026-01-08 08:44,100.31,100.31,100.31,100.31,0
CA135087N837,"1,119036843,1330,184",2026-01-08 10:44,100.31,100.31,100.31,100.31,0
CA135087N837,"1,119036843,1330,184",2026-01-08 12:44,100.31,100.31,100.31,100.31,0
CA135087N837,"1,119036843,1330,184",2026-01-08 14:44,100.31,100.31,100.31,100.31,0
CA135087N837,"1,119036843,1330,184",2026-01-08 16:44,100.31,100.31,100.31,100.31,0
CA135087N837,"1,119036843,1330,184",2026-01-08 18:44,100.31,100.31,100.31,100.31,0
CA135087N837,"1,119036843,1330,184",2026-01-08 20:44,100.31,100.31,100.31,100.31,0
CA135087N837,"1,119036843,1330,184",2026-01-08 22:44,100.31,100.31,100.31,100.31,0
CA135087N837,"1,119036843,1330,184",2026-01-09 07:44,100.3,100.3,100.3,100.3,0
CA135087N837,"1,119036843,1330,184",2026-01-09 08:44,100.3,100.3,100.3,100.3,0
CA135087N837,"1,119036843,1330,184",2026-01-09 10:44,100.3,100.3,100.3,100.3,0
CA135087N837,"1,119036843,1330,184",2026-01-09 12:44,100.3,100.3,100.3,100.3,0
CA135087N837,"1,119036843,1330,184",2026-01-09 14:44,100.3,100.3,100.3,100.3,0
CA135087N837,"1,119036843,1330,184",2026-01-09 16:44,100.3,100.3,100.3,100.3,0
CA135087N837,"1,119036843,1330,184",2026-01-09 18:44,100.3,100.3,100.3,100.3,0
CA135087N837,"1,119036843,1330,184",2026-01-09 20:44,100.3,100.3,100.3,100.3,0
CA135087N837,"1,119036843,1330,184",2026-01-09 22:44,100.3,100.3,100.3,100.3,0
CA135087N837,"1,119036843,1330,184",2026-01-12 07:44,100.32,100.32,100.32,100.32,0
CA135087N837,"1,119036843,1330,184",2026-01-12 08:44,100.32,100.32,100.32,100.32,0
CA135087N837,"1,119036843,1330,184",2026-01-12 10:44,100.32,100.32,100.32,100.32,0
CA135087N837,"1,119036843,1330,184",2026-01-12 12:44,100.32,100.32,100.32,100.32,0
CA135087N837,"1,119036843,1330,184",2026-01-12 14:44,100.32,100.32,100.32,100.32,0
CA135087N837,"1,119036843,1330,184",2026-01-12 16:44,100.32,100.32,100.32,100.32,0
CA135087N837,"1,119036843,1330,184",2026-01-12 18:44,100.32,100.32,100.32,100.32,0
CA135087N837,"1,119036843,1330,184",2026-01-12 20:44,100.32,100.32,100.32,100.32,0
CA135087N837,"1,119036843,1330,184",2026-01-12 22:44,100.32,100.32,100.32,100.32,0
CA135087N837,"1,119036843,1330,184",2026-01-13 07:44,100.3,100.3,100.3,100.3,0
CA135087N837,"1,119036843,1330,184",2026-01-13 08:44,100.3,100.3,100.3,100.3,0
CA135087N837,"1,119036843,1330,184",2026-01-13 10:44,100.3,100.3,100.3,100.3,0
CA135087N837,"1,119036843,1330,184",2026-01-13 12:44,100.3,100.3,100.3,100.3,0
CA135087N837,"1,119036843,1330,184",2026-01-13 14:44,100.3,100.3,100.3,100.3,0
CA135087N837,"1,119036843,1330,184",2026-01-13 16:44,100.3,100.3,100.3,100.3,0
CA135087N837,"1,119036843,1330,184",2026-01-13 18:44,100.3,100.3,100.3,100.3,0
CA135087N837,"1,119036843,1330,184",2026-01-13 20:44,100.3,100.3,100.3,100.3,0
CA135087N837,"1,119036843,1330,184",2026-01-13 22:44,100.3,100.3,100.3,100.3,0
CA135087N837,"1,119036843,1330,184",2026-01-14 07:44,100.31,100.31,100.31,100.31,0
CA135087N837,"1,119036843,1330,184",2026-01-14 08:44,100.31,100.31,100.31,100.31,0
CA135087N837,"1,119036843,1330,184",2026-01-14 10:44,100.31,100.31,100.31,100.31,0
CA135087N837,"1,119036843,1330,184",2026-01-14 12:44,100.31,100.31,100.31,100.31,0
CA135087N837,"1,119036843,1330,184",2026-01-14 14:44,100.31,100.31,100.31,100.31,0
CA135087N837,"1,119036843,1330,184",2026-01-14 16:44,100.31,100.31,100.31,100.31,0
CA135087N837,"1,119036843,1330,184",2026-01-14 18:44,100.31,100.31,100.31,100.31,0
CA135087N837,"1,119036843,1330,184",2026-01-14 20:44,100.31,100.31,100.31,100.31,0
CA135087N837,"1,119036843,1330,184",2026-01-14 22:44,100.31,100.31,100.31,100.31,0
CA135087N837,"1,119036843,1330,184",2026-01-15 07:44,100.35,100.35,100.35,100.35,0
CA135087N837,"1,119036843,1330,184",2026-01-15 10:44,100.35,100.35,100.35,100.35,0
CA135087N837,"1,119036843,1330,184",2026-01-15 12:44,100.35,100.35,100.35,100.35,0
CA135087N837,"1,119036843,1330,184",2026-01-15 14:44,100.35,100.35,100.35,100.35,0
CA135087N837,"1,119036843,1330,184",2026-01-15 16:44,100.35,100.35,100.35,100.35,0
CA135087N837,"1,119036843,1330,184",2026-01-15 18:44,100.35,100.35,100.35,100.35,0
CA135087N837,"1,119036843,1330,184",2026-01-15 20:44,100.35,100.35,100.35,100.35,0
CA135087N837,"1,119036843,1330,184",2026-01-15 22:44,100.35,100.35,100.35,100.35,0
CA135087N837,"1,119036843,1330,184",2026-01-16 07:44,100.37,100.37,100.37,100.37,0
CA135087N837,"1,119036843,1330,184",2026-01-16 08:44,100.37,100.37,100.37,100.37,0
CA135087N837,"1,119036843,1330,184",2026-01-16 10:44,100.37,100.37,100.37,100.37,0
CA135087N837,"1,119036843,1330,184",2026-01-16 12:44,100.37,100.37,100.37,100.37,0
CA135087N837,"1,119036843,1330,184",2026-01-16 14:44,100.37,100.37,100.37,100.37,0
CA135087N837,"1,119036843,1330,184",2026-01-16 16:44,100.37,100.37,100.37,100.37,0
CA135087N837,"1,119036843,1330,184",2026-01-16 18:44,100.37,100.37,100.37,100.37,0
CA135087N837,"1,119036843,1330,184",2026-01-16 20:44,100.37,100.37,100.37,100.37,0
CA135087N837,"1,119036843,1330,184",2026-01-16 22:44,100.37,100.37,100.37,100.37,0
CA135087N837,"1,119036843,1330,184",2026-01-19 07:44,100.32,100.32,100.32,100.32,0
CA135087N837,"1,119036843,1330,184",2026-01-19 08:44,100.32,100.32,100.32,100.32,0
CA135087N837,"1,119036843,1330,184",2026-01-19 10:44,100.32,100.32,100.32,100.32,0
CA135087N837,"1,119036843,1330,184",2026-01-19 12:44,100.33,100.33,100.33,100.33,0
CA135087N837,"1,119036843,1330,184",2026-01-19 14:44,100.33,100.33,100.33,100.33,0
CA135087N837,"1,119036843,1330,184",2026-01-19 16:44,100.33,100.33,100.33,100.33,0
CA135087N837,"1,119036843,1330,184",2026-01-19 18:44,100.33,100.33,100.33,100.33,0
CA135087N837,"1,119036843,1330,184",2026-01-19 20:44,100.33,100.33,100.33,100.33,0
CA135087N837,"1,119036843,1330,184",2026-01-19 22:44,100.33,100.33,100.33,100.33,0
CA135087T610,"1,148260836,1330,184",2026-01-05 06:44,99.795,0.0,0.0,0.0,0
CA135087T610,"1,148260836,1330,184",2026-01-05 07:44,99.795,99.795,99.795,99.795,0
CA135087T610,"1,148260836,1330,184",2026-01-05 08:44,99.795,99.795,99.795,99.795,0
CA135087T610,"1,148260836,1330,184",2026-01-05 10:44,99.8,99.8,99.8,99.8,0
CA135087T610,"1,148260836,1330,184",2026-01-05 12:44,99.8,99.8,99.8,99.8,0
CA135087T610,"1,148260836,1330,184",2026-01-05 14:44,99.83,99.83,99.83,99.83,0
CA135087T610,"1,148260836,1330,184",2026-01-05 16:44,99.84,99.84,99.84,99.84,0
CA135087T610,"1,148260836,1330,184",2026-01-05 18:44,99.86,99.86,99.86,99.86,0
CA135087T610,"1,148260836,1330,184",2026-01-05 20:44,99.87,99.87,99.87,99.87,0
CA135087T610,"1,148260836,1330,184",2026-01-05 22:44,99.87,99.87,99.87,99.87,0
CA135087T610,"1,148260836,1330,184",2026-01-06 07:44,99.865,99.865,99.865,99.865,0
CA135087T610,"1,148260836,1330,184",2026-01-06 08:44,99.865,99.865,99.865,99.865,0
CA135087T610,"1,148260836,1330,184",2026-01-06 10:44,99.87,99.87,99.87,99.87,0
CA135087T610,"1,148260836,1330,184",2026-01-06 12:44,99.87,99.87,99.87,99.87,0
CA135087T610,"1,148260836,1330,184",2026-01-06 14:44,99.87,99.87,99.87,99.87,0
CA135087T610,"1,148260836,1330,184",2026-01-06 15:59,99.86,99.86,99.86,99.86,10000
CA135087T610,"1,148260836,1330,184",2026-01-06 16:44,99.84,99.84,99.84,99.84,0
CA135087T610,"1,148260836,1330,184",2026-01-06 18:44,99.84,99.84,99.84,99.84,0
CA135087T610,"1,148260836,1330,184",2026-01-06 20:44,99.84,99.84,99.84,99.84,0
CA135087T610,"1,148260836,1330,184",2026-01-06 22:44,99.84,99.84,99.84,99.84,0
CA135087T610,"1,148260836,1330,184",2026-01-07 07:44,99.848,99.848,99.848,99.848,0
CA135087T610,"1,148260836,1330,184",2026-01-07 08:44,99.848,99.848,99.848,99.848,0
CA135087T610,"1,148260836,1330,184",2026-01-07 10:44,99.85,99.85,99.85,99.85,0
CA135087T610,"1,148260836,1330,184",2026-01-07 12:44,99.85,99.85,99.85,99.85,0
CA135087T610,"1,148260836,1330,184",2026-01-07 14:44,99.9,99.9,99.9,99.9,0
CA135087T610,"1,148260836,1330,184",2026-01-07 16:44,99.9,99.9,99.9,99.9,0
CA135087T610,"1,148260836,1330,184",2026-01-07 18:44,99.9,99.9,99.9,99.9,0
CA135087T610,"1,148260836,1330,184",2026-01-07 20:44,99.9,99.9,99.9,99.9,0
CA135087T610,"1,148260836,1330,184",2026-01-07 22:44,99.9,99.9,99.9,99.9,0
CA135087T610,"1,148260836,1330,184",2026-01-08 07:44,99.888,99.888,99.888,99.888,0
CA135087T610,"1,148260836,1330,184",2026-01-08 08:44,99.888,99.888,99.888,99.888,0
CA135087T610,"1,148260836,1330,184",2026-01-08 10:44,99.89,99.89,99.89,99.89,0
CA135087T610,"1,148260836,1330,184",2026-01-08 12:44,99.89,99.89,99.89,99.89,0
CA135087T610,"1,148260836,1330,184",2026-01-08 14:44,99.88,99.88,99.88,99.88,0
CA135087T610,"1,148260836,1330,184",2026-01-08 16:44,99.88,99.88,99.88,99.88,0
CA135087T610,"1,148260836,1330,184",2026-01-08 18:44,99.88,99.88,99.88,99.88,0
CA135087T610,"1,148260836,1330,184",2026-01-08 20:44,99.88,99.88,99.88,99.88,0
CA135087T610,"1,148260836,1330,184",2026-01-08 22:44,99.88,99.88,99.88,99.88,0
CA135087T610,"1,148260836,1330,184",2026-01-09 07:44,99.875,99.875,99.875,99.875,0
CA135087T610,"1,148260836,1330,184",2026-01-09 08:44,99.875,99.875,99.875,99.875,0
CA135087T610,"1,148260836,1330,184",2026-01-09 10:44,99.88,99.88,99.88,99.88,0
CA135087T610,"1,148260836,1330,184",2026-01-09 12:44,99.88,99.88,99.88,99.88,0
CA135087T610,"1,148260836,1330,184",2026-01-09 14:44,99.89,99.89,99.89,99.89,0
CA135087T610,"1,148260836,1330,184",2026-01-09 16:44,99.9,99.9,99.9,99.9,0
CA135087T610,"1,148260836,1330,184",2026-01-09 18:44,99.9,99.9,99.9,99.9,0
CA135087T610,"1,148260836,1330,184",2026-01-09 20:44,99.9,99.9,99.9,99.9,0
CA135087T610,"1,148260836,1330,184",2026-01-09 22:44,99.9,99.9,99.9,99.9,0
CA135087T610,"1,148260836,1330,184",2026-01-12 07:44,99.908,99.908,99.908,99.908,0
CA135087T610,"1,148260836,1330,184",2026-01-12 08:44,99.908,99.908,99.908,99.908,0
CA135087T610,"1,148260836,1330,184",2026-01-12 10:44,99.91,99.91,99.91,99.91,0
CA135087T610,"1,148260836,1330,184",2026-01-12 12:44,99.91,99.91,99.91,99.91,0
CA135087T610,"1,148260836,1330,184",2026-01-12 14:44,99.9,99.9,99.9,99.9,0
CA135087T610,"1,148260836,1330,184",2026-01-12 16:44,99.89,99.89,99.89,99.89,0
CA135087T610,"1,148260836,1330,184",2026-01-12 18:44,99.89,99.89,99.89,99.89,0
CA135087T610,"1,148260836,1330,184",2026-01-12 20:44,99.89,99.89,99.89,99.89,0
CA135087T610,"1,148260836,1330,184",2026-01-12 22:44,99.89,99.89,99.89,99.89,0
CA135087T610,"1,148260836,1330,184",2026-01-13 07:44,99.875,99.875,99.875,99.875,0
CA135087T610,"1,148260836,1330,184",2026-01-13 08:44,99.875,99.875,99.875,99.875,0
CA135087T610,"1,148260836,1330,184",2026-01-13 10:44,99.88,99.88,99.88,99.88,0
CA135087T610,"1,148260836,1330,184",2026-01-13 12:44,99.88,99.88,99.88,99.88,0
CA135087T610,"1,148260836,1330,184",2026-01-13 14:44,99.88,99.88,99.88,99.88,0
CA135087T610,"1,148260836,1330,184",2026-01-13 16:44,99.88,99.88,99.88,99.88,0
CA135087T610,"1,148260836,1330,184",2026-01-13 18:44,99.88,99.88,99.88,99.88,0
CA135087T610,"1,148260836,1330,184",2026-01-13 20:44,99.88,99.88,99.88,99.88,0
CA135087T610,"1,148260836,1330,184",2026-01-13 22:44,99.88,99.88,99.88,99.88,0
CA135087T610,"1,148260836,1330,184",2026-01-14 07:44,99.885,99.885,99.885,99.885,0
CA135087T610,"1,148260836,1330,184",2026-01-14 08:44,99.885,99.885,99.885,99.885,0
CA135087T610,"1,148260836,1330,184",2026-01-14 10:44,99.89,99.89,99.89,99.89,0
CA135087T610,"1,148260836,1330,184",2026-01-14 12:44,99.89,99.89,99.89,99.89,0
CA135087T610,"1,148260836,1330,184",2026-01-14 14:44,99.9,99.9,99.9,99.9,0
CA135087T610,"1,148260836,1330,184",2026-01-14 16:44,99.93,99.93,99.93,99.93,0
CA135087T610,"1,148260836,1330,184",2026-01-14 18:44,99.935,99.935,99.935,99.935,0
CA135087T610,"1,148260836,1330,184",2026-01-14 20:44,99.935,99.935,99.935,99.935,0
CA135087T610,"1,148260836,1330,184",2026-01-14 22:44,99.935,99.935,99.935,99.935,0
CA135087T610,"1,148260836,1330,184",2026-01-15 07:44,99.935,99.935,99.935,99.935,0
CA135087T610,"1,148260836,1330,184",2026-01-15 08:44,99.935,99.935,99.935,99.935,0
CA135087T610,"1,148260836,1330,184",2026-01-15 10:44,99.94,99.94,99.94,99.94,0
CA135087T610,"1,148260836,1330,184",2026-01-15 12:44,99.94,99.94,99.94,99.94,0
CA135087T610,"1,148260836,1330,184",2026-01-15 14:44,99.93,99.93,99.93,99.93,0
CA135087T610,"1,148260836,1330,184",2026-01-15 16:44,99.93,99.93,99.93,99.93,0
CA135087T610,"1,148260836,1330,184",2026-01-15 18:44,99.93,99.93,99.93,99.93,0
CA135087T610,"1,148260836,1330,184",2026-01-15 20:44,99.93,99.93,99.93,99.93,0
CA135087T610,"1,148260836,1330,184",2026-01-15 22:44,99.93,99.93,99.93,99.93,0
CA135087T610,"1,148260836,1330,184",2026-01-16 07:44,99.938,99.938,99.938,99.938,0
CA135087T610,"1,148260836,1330,184",2026-01-16 08:44,99.938,99.938,99.938,99.938,0
CA135087T610,"1,148260836,1330,184",2026-01-16 10:44,99.94,99.94,99.94,99.94,0
CA135087T610,"1,148260836,1330,184",2026-01-16 12:44,99.94,99.94,99.94,99.94,0
CA135087T610,"1,148260836,1330,184",2026-01-16 14:44,99.94,99.94,99.94,99.94,0
CA135087T610,"1,148260836,1330,184",2026-01-16 16:44,99.95,99.95,99.95,99.95,0
CA135087T610,"1,148260836,1330,184",2026-01-16 18:44,99.95,99.95,99.95,99.95,0
CA135087T610,"1,148260836,1330,184",2026-01-16 20:44,99.935,99.935,99.935,99.935,0
CA135087T610,"1,148260836,1330,184",2026-01-16 22:44,99.935,99.935,99.935,99.935,0
CA135087T610,"1,148260836,1330,184",2026-01-19 07:44,99.905,99.905,99.905,99.905,0
CA135087T610,"1,148260836,1330,184",2026-01-19 08:44,99.905,99.905,99.905,99.905,0
CA135087T610,"1,148260836,1330,184",2026-01-19 10:44,99.91,99.91,99.91,99.91,0
CA135087T610,"1,148260836,1330,184",2026-01-19 12:44,99.91,99.91,99.91,99.91,0
CA135087T610,"1,148260836,1330,184",2026-01-19 14:44,99.92,99.92,99.92,99.92,0
CA135087T610,"1,148260836,1330,184",2026-01-19 16:44,99.93,99.93,99.93,99.93,0
CA135087T610,"1,148260836,1330,184",2026-01-19 18:44,99.93,99.93,99.93,99.93,0
CA135087T610,"1,148260836,1330,184",2026-01-19 20:44,99.93,99.93,99.93,99.93,0
CA135087T610,"1,148260836,1330,184",2026-01-19 22:44,99.93,99.93,99.93,99.93,0
CA135087T958,"1,151027258,16,184",2026-01-05 08:44,99.21,0.0,0.0,0.0,0
CA135087T958,"1,151027258,16,184",2026-01-05 09:44,99.21,99.21,99.21,99.21,0
CA135087T958,"1,151027258,16,184",2026-01-05 10:44,99.21,99.21,99.21,99.21,0
CA135087T958,"1,151027258,16,184",2026-01-05 11:14,99.21,99.21,99.21,99.21,0
CA135087T958,"1,151027258,16,184",2026-01-05 12:14,99.21,99.21,99.21,99.21,0
CA135087T958,"1,151027258,16,184",2026-01-05 13:14,99.21,99.21,99.21,99.21,0
CA135087T958,"1,151027258,16,184",2026-01-05 14:14,99.21,99.21,99.21,99.21,0
CA135087T958,"1,151027258,16,184",2026-01-05 15:14,99.21,99.21,99.21,99.21,0
CA135087T958,"1,151027258,16,184",2026-01-05 16:14,99.21,99.21,99.21,99.21,0
CA135087T958,"1,151027258,16,184",2026-01-05 17:14,99.21,99.21,99.21,99.21,0
CA135087T958,"1,151027258,16,184",2026-01-05 18:14,99.228,99.228,99.228,99.228,0
CA135087T958,"1,151027258,16,184",2026-01-05 19:14,99.245,99.245,99.245,99.245,0
CA135087T958,"1,151027258,16,184",2026-01-05 20:14,99.263,99.263,99.263,99.263,0
CA135087T958,"1,151027258,16,184",2026-01-05 21:14,99.238,99.238,99.238,99.238,0
CA135087T958,"1,151027258,16,184",2026-01-05 21:59,99.239,99.239,99.239,99.239,0
CA135087T958,"1,151027258,16,184",2026-01-06 07:44,99.24,99.24,99.24,99.24,0
CA135087T958,"1,151027258,16,184",2026-01-06 07:59,99.25,99.25,99.25,99.25,0
CA135087T958,"1,151027258,16,184",2026-01-06 08:29,99.24,99.24,99.24,99.24,0
CA135087T958,"1,151027258,16,184",2026-01-06 08:59,99.25,99.25,99.25,99.25,0
CA135087T958,"1,151027258,16,184",2026-01-06 09:44,99.25,99.25,99.25,99.25,0
CA135087T958,"1,151027258,16,184",2026-01-06 10:44,99.26,99.26,99.26,99.26,0
CA135087T958,"1,151027258,16,184",2026-01-06 11:14,99.25,99.25,99.25,99.25,0
CA135087T958,"1,151027258,16,184",2026-01-06 12:14,99.24,99.24,99.24,99.24,0
CA135087T958,"1,151027258,16,184",2026-01-06 13:14,99.25,99.25,99.25,99.25,0
CA135087T958,"1,151027258,16,184",2026-01-06 14:14,99.26,99.26,99.26,99.26,0
CA135087T958,"1,151027258,16,184",2026-01-06 15:14,99.24,99.24,99.24,99.24,0
CA135087T958,"1,151027258,16,184",2026-01-06 16:14,99.23,99.23,99.23,99.23,0
CA135087T958,"1,151027258,16,184",2026-01-06 17:14,99.21,99.21,99.21,99.21,0
CA135087T958,"1,151027258,16,184",2026-01-06 18:14,99.218,99.218,99.218,99.218,0
CA135087T958,"1,151027258,16,184",2026-01-06 19:14,99.22,99.22,99.22,99.22,0
CA135087T958,"1,151027258,16,184",2026-01-06 20:14,99.219,99.219,99.219,99.219,0
CA135087T958,"1,151027258,16,184",2026-01-06 21:14,99.219,99.219,99.219,99.219,0
CA135087T958,"1,151027258,16,184",2026-01-06 21:59,99.234,99.234,99.234,99.234,0
CA135087T958,"1,151027258,16,184",2026-01-07 07:44,99.24,99.24,99.24,99.24,0
CA135087T958,"1,151027258,16,184",2026-01-07 07:59,99.25,99.25,99.25,99.25,0
CA135087T958,"1,151027258,16,184",2026-01-07 08:29,99.25,99.25,99.25,99.25,0
CA135087T958,"1,151027258,16,184",2026-01-07 08:59,99.25,99.25,99.25,99.25,0
CA135087T958,"1,151027258,16,184",2026-01-07 09:44,99.25,99.25,99.25,99.25,0
CA135087T958,"1,151027258,16,184",2026-01-07 10:44,99.26,99.26,99.26,99.26,0
CA135087T958,"1,151027258,16,184",2026-01-07 11:14,99.25,99.25,99.25,99.25,0
CA135087T958,"1,151027258,16,184",2026-01-07 12:14,99.26,99.26,99.26,99.26,0
CA135087T958,"1,151027258,16,184",2026-01-07 13:14,99.26,99.26,99.26,99.26,0
CA135087T958,"1,151027258,16,184",2026-01-07 14:14,99.27,99.27,99.27,99.27,0
CA135087T958,"1,151027258,16,184",2026-01-07 15:14,99.28,99.28,99.28,99.28,0
CA135087T958,"1,151027258,16,184",2026-01-07 16:14,99.29,99.29,99.29,99.29,0
CA135087T958,"1,151027258,16,184",2026-01-07 17:14,99.27,99.27,99.27,99.27,0
CA135087T958,"1,151027258,16,184",2026-01-07 18:14,99.286,99.286,99.286,99.286,0
CA135087T958,"1,151027258,16,184",2026-01-07 19:14,99.295,99.295,99.295,99.295,0
CA135087T958,"1,151027258,16,184",2026-01-07 20:14,99.289,99.289,99.289,99.289,0
CA135087T958,"1,151027258,16,184",2026-01-07 21:14,99.286,99.286,99.286,99.286,0
CA135087T958,"1,151027258,16,184",2026-01-07 21:59,99.285,99.285,99.285,99.285,0
CA135087T958,"1,151027258,16,184",2026-01-08 07:44,99.31,99.31,99.31,99.31,0
CA135087T958,"1,151027258,16,184",2026-01-08 07:59,99.31,99.31,99.31,99.31,0
CA135087T958,"1,151027258,16,184",2026-01-08 08:29,99.3,99.3,99.3,99.3,0
CA135087T958,"1,151027258,16,184",2026-01-08 08:59,99.3,99.3,99.3,99.3,0
CA135087T958,"1,151027258,16,184",2026-01-08 09:44,99.29,99.29,99.29,99.29,0
CA135087T958,"1,151027258,16,184",2026-01-08 10:44,99.29,99.29,99.29,99.29,0
CA135087T958,"1,151027258,16,184",2026-01-08 11:14,99.29,99.29,99.29,99.29,0
CA135087T958,"1,151027258,16,184",2026-01-08 12:14,99.29,99.29,99.29,99.29,0
CA135087T958,"1,151027258,16,184",2026-01-08 13:14,99.28,99.28,99.28,99.28,0
CA135087T958,"1,151027258,16,184",2026-01-08 14:14,99.27,99.27,99.27,99.27,0
CA135087T958,"1,151027258,16,184",2026-01-08 15:14,99.25,99.25,99.25,99.25,0
CA135087T958,"1,151027258,16,184",2026-01-08 16:14,99.26,99.26,99.26,99.26,0
CA135087T958,"1,151027258,16,184",2026-01-08 18:14,99.275,99.275,99.275,99.275,0
CA135087T958,"1,151027258,16,184",2026-01-08 19:14,99.271,99.271,99.271,99.271,0
CA135087T958,"1,151027258,16,184",2026-01-08 20:14,99.278,99.278,99.278,99.278,0
CA135087T958,"1,151027258,16,184",2026-01-08 21:14,99.271,99.271,99.271,99.271,0
CA135087T958,"1,151027258,16,184",2026-01-08 21:59,99.276,99.276,99.276,99.276,0
CA135087T958,"1,151027258,16,184",2026-01-09 07:44,99.27,99.27,99.27,99.27,0
CA135087T958,"1,151027258,16,184",2026-01-09 07:59,99.28,99.28,99.28,99.28,0
CA135087T958,"1,151027258,16,184",2026-01-09 08:29,99.27,99.27,99.27,99.27,0
CA135087T958,"1,151027258,16,184",2026-01-09 08:59,99.27,99.27,99.27,99.27,0
CA135087T958,"1,151027258,16,184",2026-01-09 09:44,99.27,99.27,99.27,99.27,0
CA135087T958,"1,151027258,16,184",2026-01-09 10:44,99.27,99.27,99.27,99.27,0
CA135087T958,"1,151027258,16,184",2026-01-09 11:14,99.27,99.27,99.27,99.27,0
CA135087T958,"1,151027258,16,184",2026-01-09 12:14,99.27,99.27,99.27,99.27,0
CA135087T958,"1,151027258,16,184",2026-01-09 13:14,99.27,99.27,99.27,99.27,0
CA135087T958,"1,151027258,16,184",2026-01-09 14:14,99.3,99.3,99.3,99.3,0
CA135087T958,"1,151027258,16,184",2026-01-09 16:14,99.29,99.29,99.29,99.29,0
CA135087T958,"1,151027258,16,184",2026-01-09 17:14,99.31,99.31,99.31,99.31,0
CA135087T958,"1,151027258,16,184",2026-01-09 18:14,99.317,99.317,99.317,99.317,0
CA135087T958,"1,151027258,16,184",2026-01-09 19:14,99.303,99.303,99.303,99.303,0
CA135087T958,"1,151027258,16,184",2026-01-09 20:14,99.317,99.317,99.317,99.317,0
CA135087T958,"1,151027258,16,184",2026-01-09 21:14,99.307,99.307,99.307,99.307,0
CA135087T958,"1,151027258,16,184",2026-01-09 21:59,99.302,99.302,99.302,99.302,0
CA135087T958,"1,151027258,16,184",2026-01-12 07:44,99.31,99.31,99.31,99.31,0
CA135087T958,"1,151027258,16,184",2026-01-12 07:59,99.3,99.3,99.3,99.3,0
CA135087T958,"1,151027258,16,184",2026-01-12 08:29,99.3,99.3,99.3,99.3,0
CA135087T958,"1,151027258,16,184",2026-01-12 08:59,99.3,99.3,99.3,99.3,0
CA135087T958,"1,151027258,16,184",2026-01-12 09:44,99.3,99.3,99.3,99.3,0
CA135087T958,"1,151027258,16,184",2026-01-12 10:44,99.31,99.31,99.31,99.31,0
CA135087T958,"1,151027258,16,184",2026-01-12 11:14,99.3,99.3,99.3,99.3,0
CA135087T958,"1,151027258,16,184",2026-01-12 12:14,99.31,99.31,99.31,99.31,0
CA135087T958,"1,151027258,16,184",2026-01-12 13:14,99.3,99.3,99.3,99.3,0
CA135087T958,"1,151027258,16,184",2026-01-12 14:14,99.29,99.29,99.29,99.29,0
CA135087T958,"1,151027258,16,184",2026-01-12 15:14,99.29,99.29,99.29,99.29,0
CA135087T958,"1,151027258,16,184",2026-01-12 16:14,99.28,99.28,99.28,99.28,0
CA135087T958,"1,151027258,16,184",2026-01-12 17:14,99.29,99.29,99.29,99.29,0
CA135087T958,"1,151027258,16,184",2026-01-12 18:14,99.286,99.286,99.286,99.286,0
CA135087T958,"1,151027258,16,184",2026-01-12 19:14,99.286,99.286,99.286,99.286,0
CA135087T958,"1,151027258,16,184",2026-01-12 20:14,99.287,99.287,99.287,99.287,0
CA135087T958,"1,151027258,16,184",2026-01-12 21:14,99.281,99.281,99.281,99.281,0
CA135087T958,"1,151027258,16,184",2026-01-12 21:59,99.286,99.286,99.286,99.286,0
CA135087T958,"1,151027258,16,184",2026-01-13 07:44,99.27,99.27,99.27,99.27,0
CA135087T958,"1,151027258,16,184",2026-01-13 07:59,99.27,99.27,99.27,99.27,0
CA135087T958,"1,151027258,16,184",2026-01-13 08:29,99.28,99.28,99.28,99.28,0
CA135087T958,"1,151027258,16,184",2026-01-13 08:59,99.28,99.28,99.28,99.28,0
CA135087T958,"1,151027258,16,184",2026-01-13 09:44,99.28,99.28,99.28,99.28,0
CA135087T958,"1,151027258,16,184",2026-01-13 10:44,99.27,99.27,99.27,99.27,0
CA135087T958,"1,151027258,16,184",2026-01-13 11:14,99.27,99.27,99.27,99.27,0
CA135087T958,"1,151027258,16,184",2026-01-13 12:14,99.28,99.28,99.28,99.28,0
CA135087T958,"1,151027258,16,184",2026-01-13 13:14,99.27,99.27,99.27,99.27,0
CA135087T958,"1,151027258,16,184",2026-01-13 14:14,99.26,99.26,99.26,99.26,0
CA135087T958,"1,151027258,16,184",2026-01-13 15:14,99.27,99.27,99.27,99.27,0
CA135087T958,"1,151027258,16,184",2026-01-13 16:14,99.28,99.28,99.28,99.28,0
CA135087T958,"1,151027258,16,184",2026-01-13 17:14,99.28,99.28,99.28,99.28,0
CA135087T958,"1,151027258,16,184",2026-01-13 18:14,99.282,99.282,99.282,99.282,0
CA135087T958,"1,151027258,16,184",2026-01-13 19:14,99.295,99.295,99.295,99.295,0
CA135087T958,"1,151027258,16,184",2026-01-13 20:14,99.3,99.3,99.3,99.3,0
CA135087T958,"1,151027258,16,184",2026-01-13 21:14,99.303,99.303,99.303,99.303,0
CA135087T958,"1,151027258,16,184",2026-01-13 21:59,99.311,99.311,99.311,99.311,0
CA135087T958,"1,151027258,16,184",2026-01-14 07:44,99.31,99.31,99.31,99.31,0
CA135087T958,"1,151027258,16,184",2026-01-14 07:59,99.31,99.31,99.31,99.31,0
CA135087T958,"1,151027258,16,184",2026-01-14 08:29,99.31,99.31,99.31,99.31,0
CA135087T958,"1,151027258,16,184",2026-01-14 08:59,99.31,99.31,99.31,99.31,0
CA135087T958,"1,151027258,16,184",2026-01-14 09:44,99.31,99.31,99.31,99.31,0
CA135087T958,"1,151027258,16,184",2026-01-14 10:44,99.31,99.31,99.31,99.31,0
CA135087T958,"1,151027258,16,184",2026-01-14 11:14,99.31,99.31,99.31,99.31,0
CA135087T958,"1,151027258,16,184",2026-01-14 12:14,99.31,99.31,99.31,99.31,0
CA135087T958,"1,151027258,16,184",2026-01-14 13:14,99.32,99.32,99.32,99.32,0
CA135087T958,"1,151027258,16,184",2026-01-14 14:14,99.32,99.32,99.32,99.32,0
CA135087T958,"1,151027258,16,184",2026-01-14 15:14,99.31,99.31,99.31,99.31,0
CA135087T958,"1,151027258,16,184",2026-01-14 16:14,99.33,99.33,99.33,99.33,0
CA135087T958,"1,151027258,16,184",2026-01-14 17:14,99.34,99.34,99.34,99.34,0
CA135087T958,"1,151027258,16,184",2026-01-14 18:14,99.354,99.354,99.354,99.354,0
CA135087T958,"1,151027258,16,184",2026-01-14 19:14,99.357,99.357,99.357,99.357,0
CA135087T958,"1,151027258,16,184",2026-01-14 20:14,99.365,99.365,99.365,99.365,0
CA135087T958,"1,151027258,16,184",2026-01-14 21:14,99.369,99.369,99.369,99.369,0
CA135087T958,"1,151027258,16,184",2026-01-14 21:59,99.36,99.36,99.36,99.36,0
CA135087T958,"1,151027258,16,184",2026-01-15 07:44,99.36,99.36,99.36,99.36,0
CA135087T958,"1,151027258,16,184",2026-01-15 07:59,99.36,99.36,99.36,99.36,0
CA135087T958,"1,151027258,16,184",2026-01-15 08:29,99.36,99.36,99.36,99.36,0
CA135087T958,"1,151027258,16,184",2026-01-15 09:44,99.35,99.35,99.35,99.35,0
CA135087T958,"1,151027258,16,184",2026-01-15 10:44,99.36,99.36,99.36,99.36,0
CA135087T958,"1,151027258,16,184",2026-01-15 11:14,99.36,99.36,99.36,99.36,0
CA135087T958,"1,151027258,16,184",2026-01-15 12:14,99.36,99.36,99.36,99.36,0
CA135087T958,"1,151027258,16,184",2026-01-15 13:14,99.36,99.36,99.36,99.36,0
CA135087T958,"1,151027258,16,184",2026-01-15 14:14,99.35,99.35,99.35,99.35,0
CA135087T958,"1,151027258,16,184",2026-01-15 15:14,99.34,99.34,99.34,99.34,0
CA135087T958,"1,151027258,16,184",2026-01-15 16:14,99.33,99.33,99.33,99.33,0
CA135087T958,"1,151027258,16,184",2026-01-15 17:14,99.33,99.33,99.33,99.33,0
CA135087T958,"1,151027258,16,184",2026-01-15 18:14,99.338,99.338,99.338,99.338,0
CA135087T958,"1,151027258,16,184",2026-01-15 19:14,99.355,99.355,99.355,99.355,0
CA135087T958,"1,151027258,16,184",2026-01-15 20:14,99.353,99.353,99.353,99.353,0
CA135087T958,"1,151027258,16,184",2026-01-15 21:14,99.354,99.354,99.354,99.354,0
CA135087T958,"1,151027258,16,184",2026-01-15 21:59,99.361,99.361,99.361,99.361,0
CA135087T958,"1,151027258,16,184",2026-01-16 07:44,99.37,99.37,99.37,99.37,0
CA135087T958,"1,151027258,16,184",2026-01-16 07:59,99.37,99.37,99.37,99.37,0
CA135087T958,"1,151027258,16,184",2026-01-16 08:29,99.36,99.36,99.36,99.36,0
CA135087T958,"1,151027258,16,184",2026-01-16 08:59,99.36,99.36,99.36,99.36,0
CA135087T958,"1,151027258,16,184",2026-01-16 09:44,99.36,99.36,99.36,99.36,0
CA135087T958,"1,151027258,16,184",2026-01-16 10:44,99.36,99.36,99.36,99.36,0
CA135087T958,"1,151027258,16,184",2026-01-16 11:14,99.36,99.36,99.36,99.36,0
CA135087T958,"1,151027258,16,184",2026-01-16 12:14,99.36,99.36,99.36,99.36,0
CA135087T958,"1,151027258,16,184",2026-01-16 13:14,99.36,99.36,99.36,99.36,0
CA135087T958,"1,151027258,16,184",2026-01-16 14:14,99.35,99.35,99.35,99.35,0
CA135087T958,"1,151027258,16,184",2026-01-16 15:14,99.35,99.35,99.35,99.35,0
CA135087T958,"1,151027258,16,184",2026-01-16 17:14,99.34,99.34,99.34,99.34,0
CA135087T958,"1,151027258,16,184",2026-01-16 18:14,99.361,99.361,99.361,99.361,0
CA135087T958,"1,151027258,16,184",2026-01-16 19:14,99.365,99.365,99.365,99.365,0
CA135087T958,"1,151027258,16,184",2026-01-16 20:14,99.34,99.34,99.34,99.34,0
CA135087T958,"1,151027258,16,184",2026-01-16 21:14,99.334,99.334,99.334,99.334,0
CA135087T958,"1,151027258,16,184",2026-01-16 21:59,99.328,99.328,99.328,99.328,0
CA135087T958,"1,151027258,16,184",2026-01-19 10:44,99.33,99.33,99.33,99.33,0
CA135087T958,"1,151027258,16,184",2026-01-19 11:14,99.33,99.33,99.33,99.33,0
CA135087T958,"1,151027258,16,184",2026-01-19 12:14,99.33,99.33,99.33,99.33,0
CA135087T958,"1,151027258,16,184",2026-01-19 13:14,99.33,99.33,99.33,99.33,0
CA135087T958,"1,151027258,16,184",2026-01-19 14:14,99.33,99.33,99.33,99.33,0
CA135087T958,"1,151027258,16,184",2026-01-19 15:14,99.34,99.34,99.34,99.34,0
CA135087T958,"1,151027258,16,184",2026-01-19 16:14,99.35,99.35,99.35,99.35,0
CA135087T958,"1,151027258,16,184",2026-01-19 17:14,99.35,99.35,99.35,99.35,0
CA135087T958,"1,151027258,16,184",2026-01-19 18:14,99.339,99.339,99.339,99.339,0
CA135087T958,"1,151027258,16,184",2026-01-19 19:14,99.344,99.344,99.344,99.344,0
CA135087T958,"1,151027258,16,184",2026-01-19 20:14,99.334,99.334,99.334,99.334,0
CA135087T958,"1,151027258,16,184",2026-01-19 21:14,99.338,99.338,99.338,99.338,0
CA135087T958,"1,151027258,16,184",2026-01-19 21:59,99.342,99.342,99.342,99.342,0
CA135087P576,"1,122651336,1330,184",2026-01-05 06:44,101.7,0.0,0.0,0.0,0
CA135087P576,"1,122651336,1330,184",2026-01-05 07:44,101.7,101.7,101.7,101.7,0
CA135087P576,"1,122651336,1330,184",2026-01-05 08:44,101.7,101.7,101.7,101.7,0
CA135087P576,"1,122651336,1330,184",2026-01-05 10:44,101.7,101.7,101.7,101.7,0
CA135087P576,"1,122651336,1330,184",2026-01-05 12:44,101.73,101.73,101.73,101.73,0
CA135087P576,"1,122651336,1330,184",2026-01-05 14:44,101.73,101.73,101.73,101.73,0
CA135087P576,"1,122651336,1330,184",2026-01-05 16:44,101.73,101.73,101.73,101.73,0
CA135087P576,"1,122651336,1330,184",2026-01-05 18:44,101.73,101.73,101.73,101.73,0
CA135087P576,"1,122651336,1330,184",2026-01-05 20:44,101.73,101.73,101.73,101.73,0
CA135087P576,"1,122651336,1330,184",2026-01-05 22:44,101.73,101.73,101.73,101.73,0
CA135087P576,"1,122651336,1330,184",2026-01-06 07:44,101.78,101.78,101.78,101.78,0
CA135087P576,"1,122651336,1330,184",2026-01-06 08:44,101.78,101.78,101.78,101.78,0
CA135087P576,"1,122651336,1330,184",2026-01-06 10:44,101.78,101.78,101.78,101.78,0
CA135087P576,"1,122651336,1330,184",2026-01-06 12:44,101.78,101.78,101.78,101.78,0
CA135087P576,"1,122651336,1330,184",2026-01-06 14:44,101.78,101.78,101.78,101.78,0
CA135087P576,"1,122651336,1330,184",2026-01-06 16:44,101.78,101.78,101.78,101.78,0
CA135087P576,"1,122651336,1330,184",2026-01-06 18:44,101.78,101.78,101.78,101.78,0
CA135087P576,"1,122651336,1330,184",2026-01-06 20:44,101.78,101.78,101.78,101.78,0
CA135087P576,"1,122651336,1330,184",2026-01-06 22:44,101.78,101.78,101.78,101.78,0
CA135087P576,"1,122651336,1330,184",2026-01-07 07:44,101.75,101.75,101.75,101.75,0
CA135087P576,"1,122651336,1330,184",2026-01-07 08:44,101.75,101.75,101.75,101.75,0
CA135087P576,"1,122651336,1330,184",2026-01-07 10:44,101.75,101.75,101.75,101.75,0
CA135087P576,"1,122651336,1330,184",2026-01-07 12:44,101.78,101.78,101.78,101.78,0
CA135087P576,"1,122651336,1330,184",2026-01-07 14:44,101.78,101.78,101.78,101.78,0
CA135087P576,"1,122651336,1330,184",2026-01-07 16:44,101.78,101.78,101.78,101.78,0
CA135087P576,"1,122651336,1330,184",2026-01-07 18:44,101.78,101.78,101.78,101.78,0
CA135087P576,"1,122651336,1330,184",2026-01-07 20:44,101.78,101.78,101.78,101.78,0
CA135087P576,"1,122651336,1330,184",2026-01-07 22:44,101.78,101.78,101.78,101.78,0
CA135087P576,"1,122651336,1330,184",2026-01-08 07:44,101.8,101.8,101.8,101.8,0
CA135087P576,"1,122651336,1330,184",2026-01-08 08:44,101.8,101.8,101.8,101.8,0
CA135087P576,"1,122651336,1330,184",2026-01-08 10:44,101.8,101.8,101.8,101.8,0
CA135087P576,"1,122651336,1330,184",2026-01-08 12:44,101.8,101.8,101.8,101.8,0
CA135087P576,"1,122651336,1330,184",2026-01-08 14:44,101.8,101.8,101.8,101.8,0
CA135087P576,"1,122651336,1330,184",2026-01-08 16:44,101.8,101.8,101.8,101.8,0
CA135087P576,"1,122651336,1330,184",2026-01-08 18:44,101.8,101.8,101.8,101.8,0
CA135087P576,"1,122651336,1330,184",2026-01-08 20:44,101.8,101.8,101.8,101.8,0
CA135087P576,"1,122651336,1330,184",2026-01-08 22:44,101.8,101.8,101.8,101.8,0
CA135087P576,"1,122651336,1330,184",2026-01-09 07:44,101.79,101.79,101.79,101.79,0
CA135087P576,"1,122651336,1330,184",2026-01-09 08:44,101.79,101.79,101.79,101.79,0
CA135087P576,"1,122651336,1330,184",2026-01-09 10:44,101.79,101.79,101.79,101.79,0
CA135087P576,"1,122651336,1330,184",2026-01-09 12:44,101.79,101.79,101.79,101.79,0
CA135087P576,"1,122651336,1330,184",2026-01-09 14:44,101.79,101.79,101.79,101.79,0
CA135087P576,"1,122651336,1330,184",2026-01-09 16:44,101.79,101.79,101.79,101.79,0
CA135087P576,"1,122651336,1330,184",2026-01-09 18:44,101.79,101.79,101.79,101.79,0
CA135087P576,"1,122651336,1330,184",2026-01-09 20:44,101.79,101.79,101.79,101.79,0
CA135087P576,"1,122651336,1330,184",2026-01-09 22:44,101.79,101.79,101.79,101.79,0
CA135087P576,"1,122651336,1330,184",2026-01-12 07:44,101.81,101.81,101.81,101.81,0
CA135087P576,"1,122651336,1330,184",2026-01-12 08:44,101.81,101.81,101.81,101.81,0
CA135087P576,"1,122651336,1330,184",2026-01-12 10:44,101.81,101.81,101.81,101.81,0
CA135087P576,"1,122651336,1330,184",2026-01-12 12:44,101.81,101.81,101.81,101.81,0
CA135087P576,"1,122651336,1330,184",2026-01-12 14:44,101.81,101.81,101.81,101.81,0
CA135087P576,"1,122651336,1330,184",2026-01-12 16:44,101.81,101.81,101.81,101.81,0
CA135087P576,"1,122651336,1330,184",2026-01-12 18:44,101.81,101.81,101.81,101.81,0
CA135087P576,"1,122651336,1330,184",2026-01-12 20:44,101.81,101.81,101.81,101.81,0
CA135087P576,"1,122651336,1330,184",2026-01-12 22:44,101.81,101.81,101.81,101.81,0
CA135087P576,"1,122651336,1330,184",2026-01-13 07:44,101.78,101.78,101.78,101.78,0
CA135087P576,"1,122651336,1330,184",2026-01-13 08:44,101.78,101.78,101.78,101.78,0
CA135087P576,"1,122651336,1330,184",2026-01-13 10:44,101.78,101.78,101.78,101.78,0
CA135087P576,"1,122651336,1330,184",2026-01-13 12:44,101.78,101.78,101.78,101.78,0
CA135087P576,"1,122651336,1330,184",2026-01-13 14:44,101.78,101.78,101.78,101.78,0
CA135087P576,"1,122651336,1330,184",2026-01-13 16:44,101.78,101.78,101.78,101.78,0
CA135087P576,"1,122651336,1330,184",2026-01-13 18:44,101.78,101.78,101.78,101.78,0
CA135087P576,"1,122651336,1330,184",2026-01-13 20:44,101.78,101.78,101.78,101.78,0
CA135087P576,"1,122651336,1330,184",2026-01-13 22:44,101.78,101.78,101.78,101.78,0
CA135087P576,"1,122651336,1330,184",2026-01-14 07:44,101.79,101.79,101.79,101.79,0
CA135087P576,"1,122651336,1330,184",2026-01-14 08:44,101.79,101.79,101.79,101.79,0
CA135087P576,"1,122651336,1330,184",2026-01-14 10:44,101.79,101.79,101.79,101.79,0
CA135087P576,"1,122651336,1330,184",2026-01-14 12:44,101.81,101.81,101.81,101.81,0
CA135087P576,"1,122651336,1330,184",2026-01-14 14:44,101.81,101.81,101.81,101.81,0
CA135087P576,"1,122651336,1330,184",2026-01-14 16:44,101.81,101.81,101.81,101.81,0
CA135087P576,"1,122651336,1330,184",2026-01-14 18:44,101.81,101.81,101.81,101.81,0
CA135087P576,"1,122651336,1330,184",2026-01-14 20:44,101.81,101.81,101.81,101.81,0
CA135087P576,"1,122651336,1330,184",2026-01-14 22:44,101.81,101.81,101.81,101.81,0
CA135087P576,"1,122651336,1330,184",2026-01-15 07:44,101.84,101.84,101.84,101.84,0
CA135087P576,"1,122651336,1330,184",2026-01-15 08:44,101.84,101.84,101.84,101.84,0
CA135087P576,"1,122651336,1330,184",2026-01-15 10:44,101.84,101.84,101.84,101.84,0
CA135087P576,"1,122651336,1330,184",2026-01-15 12:44,101.84,101.84,101.84,101.84,0
CA135087P576,"1,122651336,1330,184",2026-01-15 14:44,101.84,101.84,101.84,101.84,0
CA135087P576,"1,122651336,1330,184",2026-01-15 16:44,101.84,101.84,101.84,101.84,0
CA135087P576,"1,122651336,1330,184",2026-01-15 18:44,101.84,101.84,101.84,101.84,0
CA135087P576,"1,122651336,1330,184",2026-01-15 20:44,101.84,101.84,101.84,101.84,0
CA135087P576,"1,122651336,1330,184",2026-01-15 22:44,101.84,101.84,101.84,101.84,0
CA135087P576,"1,122651336,1330,184",2026-01-16 07:44,101.82,101.82,101.82,101.82,0
CA135087P576,"1,122651336,1330,184",2026-01-16 08:44,101.82,101.82,101.82,101.82,0
CA135087P576,"1,122651336,1330,184",2026-01-16 10:44,101.82,101.82,101.82,101.82,0
CA135087P576,"1,122651336,1330,184",2026-01-16 14:44,101.83,101.83,101.83,101.83,0
CA135087P576,"1,122651336,1330,184",2026-01-16 16:44,101.83,101.83,101.83,101.83,0
CA135087P576,"1,122651336,1330,184",2026-01-16 18:44,101.83,101.83,101.83,101.83,0
CA135087P576,"1,122651336,1330,184",2026-01-16 20:44,101.83,101.83,101.83,101.83,0
CA135087P576,"1,122651336,1330,184",2026-01-16 22:44,101.83,101.83,101.83,101.83,0
CA135087P576,"1,122651336,1330,184",2026-01-19 07:44,101.8,101.8,101.8,101.8,0
CA135087P576,"1,122651336,1330,184",2026-01-19 08:44,101.8,101.8,101.8,101.8,0
CA135087P576,"1,122651336,1330,184",2026-01-19 10:44,101.8,101.8,101.8,101.8,0
CA135087P576,"1,122651336,1330,184",2026-01-19 12:44,101.8,101.8,101.8,101.8,0
CA135087P576,"1,122651336,1330,184",2026-01-19 14:44,101.8,101.8,101.8,101.8,0
CA135087P576,"1,122651336,1330,184",2026-01-19 16:44,101.8,101.8,101.8,101.8,0
CA135087P576,"1,122651336,1330,184",2026-01-19 18:44,101.8,101.8,101.8,101.8,0
CA135087P576,"1,122651336,1330,184",2026-01-19 20:44,101.8,101.8,101.8,101.8,0
CA135087P576,"1,122651336,1330,184",2026-01-19 22:44,101.8,101.8,101.8,101.8,0
CA135087H235,"1,37720230,1330,184",2026-01-05 06:44,98.5,0.0,0.0,0.0,0
CA135087H235,"1,37720230,1330,184",2026-01-05 07:44,98.5,98.5,98.5,98.5,0
CA135087H235,"1,37720230,1330,184",2026-01-05 08:44,98.5,98.5,98.5,98.5,0
CA135087H235,"1,37720230,1330,184",2026-01-05 10:44,98.5,98.5,98.5,98.5,0
CA135087H235,"1,37720230,1330,184",2026-01-05 12:44,98.53,98.53,98.53,98.53,0
CA135087H235,"1,37720230,1330,184",2026-01-05 14:44,98.52,98.52,98.52,98.52,0
CA135087H235,"1,37720230,1330,184",2026-01-05 16:44,98.52,98.52,98.52,98.52,0
CA135087H235,"1,37720230,1330,184",2026-01-05 18:44,98.54,98.54,98.54,98.54,0
CA135087H235,"1,37720230,1330,184",2026-01-05 20:44,98.55,98.55,98.55,98.55,0
CA135087H235,"1,37720230,1330,184",2026-01-05 22:44,98.55,98.55,98.55,98.55,0
CA135087H235,"1,37720230,1330,184",2026-01-06 07:44,98.52,98.52,98.52,98.52,0
CA135087H235,"1,37720230,1330,184",2026-01-06 08:44,98.52,98.52,98.52,98.52,0
CA135087H235,"1,37720230,1330,184",2026-01-06 10:44,98.52,98.52,98.52,98.52,0
CA135087H235,"1,37720230,1330,184",2026-01-06 12:44,98.52,98.52,98.52,98.52,0
CA135087H235,"1,37720230,1330,184",2026-01-06 14:44,98.53,98.53,98.53,98.53,0
CA135087H235,"1,37720230,1330,184",2026-01-06 16:44,98.53,98.53,98.53,98.53,0
CA135087H235,"1,37720230,1330,184",2026-01-06 18:44,98.53,98.53,98.53,98.53,0
CA135087H235,"1,37720230,1330,184",2026-01-06 20:44,98.53,98.53,98.53,98.53,0
CA135087H235,"1,37720230,1330,184",2026-01-06 22:44,98.53,98.53,98.53,98.53,0
CA135087H235,"1,37720230,1330,184",2026-01-07 07:44,98.49,98.49,98.49,98.49,0
CA135087H235,"1,37720230,1330,184",2026-01-07 08:44,98.49,98.49,98.49,98.49,0
CA135087H235,"1,37720230,1330,184",2026-01-07 10:44,98.49,98.49,98.49,98.49,0
CA135087H235,"1,37720230,1330,184",2026-01-07 12:44,98.59,98.59,98.59,98.59,0
CA135087H235,"1,37720230,1330,184",2026-01-07 14:44,98.59,98.59,98.59,98.59,0
CA135087H235,"1,37720230,1330,184",2026-01-07 16:44,98.59,98.59,98.59,98.59,0
CA135087H235,"1,37720230,1330,184",2026-01-07 18:44,98.59,98.59,98.59,98.59,0
CA135087H235,"1,37720230,1330,184",2026-01-07 20:44,98.59,98.59,98.59,98.59,0
CA135087H235,"1,37720230,1330,184",2026-01-07 22:44,98.59,98.59,98.59,98.59,0
CA135087H235,"1,37720230,1330,184",2026-01-08 07:44,98.54,98.54,98.54,98.54,0
CA135087H235,"1,37720230,1330,184",2026-01-08 08:44,98.54,98.54,98.54,98.54,0
CA135087H235,"1,37720230,1330,184",2026-01-08 10:44,98.54,98.54,98.54,98.54,0
CA135087H235,"1,37720230,1330,184",2026-01-08 12:44,98.61,98.61,98.61,98.61,0
CA135087H235,"1,37720230,1330,184",2026-01-08 14:44,98.61,98.61,98.61,98.61,0
CA135087H235,"1,37720230,1330,184",2026-01-08 16:44,98.61,98.61,98.61,98.61,0
CA135087H235,"1,37720230,1330,184",2026-01-08 18:44,98.61,98.61,98.61,98.61,0
CA135087H235,"1,37720230,1330,184",2026-01-08 20:44,98.605,98.605,98.605,98.605,0
CA135087H235,"1,37720230,1330,184",2026-01-08 22:44,98.605,98.605,98.605,98.605,0
CA135087H235,"1,37720230,1330,184",2026-01-09 07:44,98.6,98.6,98.6,98.6,0
CA135087H235,"1,37720230,1330,184",2026-01-09 08:44,98.6,98.6,98.6,98.6,0
CA135087H235,"1,37720230,1330,184",2026-01-09 10:44,98.6,98.6,98.6,98.6,0
CA135087H235,"1,37720230,1330,184",2026-01-09 12:44,98.6,98.6,98.6,98.6,0
CA135087H235,"1,37720230,1330,184",2026-01-09 14:44,98.6,98.6,98.6,98.6,0
CA135087H235,"1,37720230,1330,184",2026-01-09 16:44,98.6,98.6,98.6,98.6,0
CA135087H235,"1,37720230,1330,184",2026-01-09 18:44,98.6,98.6,98.6,98.6,0
CA135087H235,"1,37720230,1330,184",2026-01-09 20:44,98.6,98.6,98.6,98.6,0
CA135087H235,"1,37720230,1330,184",2026-01-09 22:44,98.6,98.6,98.6,98.6,0
CA135087H235,"1,37720230,1330,184",2026-01-12 07:44,98.65,98.65,98.65,98.65,0
CA135087H235,"1,37720230,1330,184",2026-01-12 08:44,98.65,98.65,98.65,98.65,0
CA135087H235,"1,37720230,1330,184",2026-01-12 09:59,98.65,98.65,98.65,98.65,20000
CA135087H235,"1,37720230,1330,184",2026-01-12 10:44,98.65,98.65,98.65,98.65,0
CA135087H235,"1,37720230,1330,184",2026-01-12 12:29,98.65,98.65,98.65,98.65,20000
CA135087H235,"1,37720230,1330,184",2026-01-12 12:44,98.65,98.65,98.65,98.65,0
CA135087H235,"1,37720230,1330,184",2026-01-12 14:44,98.62,98.62,98.62,98.62,0
CA135087H235,"1,37720230,1330,184",2026-01-12 16:44,98.61,98.61,98.61,98.61,0
CA135087H235,"1,37720230,1330,184",2026-01-12 18:44,98.61,98.61,98.61,98.61,0
CA135087H235,"1,37720230,1330,184",2026-01-12 20:44,98.61,98.61,98.61,98.61,0
CA135087H235,"1,37720230,1330,184",2026-01-12 22:44,98.61,98.61,98.61,98.61,0
CA135087H235,"1,37720230,1330,184",2026-01-13 07:44,98.61,98.61,98.61,98.61,0
CA135087H235,"1,37720230,1330,184",2026-01-13 08:44,98.61,98.61,98.61,98.61,0
CA135087H235,"1,37720230,1330,184",2026-01-13 10:44,98.61,98.61,98.61,98.61,0
CA135087H235,"1,37720230,1330,184",2026-01-13 12:44,98.61,98.61,98.61,98.61,0
CA135087H235,"1,37720230,1330,184",2026-01-13 14:44,98.61,98.61,98.61,98.61,0
CA135087H235,"1,37720230,1330,184",2026-01-13 16:44,98.61,98.61,98.61,98.61,0
CA135087H235,"1,37720230,1330,184",2026-01-13 18:44,98.61,98.61,98.61,98.61,0
CA135087H235,"1,37720230,1330,184",2026-01-13 20:44,98.61,98.61,98.61,98.61,0
CA135087H235,"1,37720230,1330,184",2026-01-13 22:44,98.61,98.61,98.61,98.61,0
CA135087H235,"1,37720230,1330,184",2026-01-14 07:44,98.55,98.55,98.55,98.55,0
CA135087H235,"1,37720230,1330,184",2026-01-14 08:44,98.55,98.55,98.55,98.55,0
CA135087H235,"1,37720230,1330,184",2026-01-14 10:44,98.55,98.55,98.55,98.55,0
CA135087H235,"1,37720230,1330,184",2026-01-14 11:44,98.71,98.71,98.71,98.71,49000
CA135087H235,"1,37720230,1330,184",2026-01-14 12:44,98.71,98.71,98.71,98.71,0
CA135087H235,"1,37720230,1330,184",2026-01-14 14:44,98.63,98.63,98.63,98.63,0
CA135087H235,"1,37720230,1330,184",2026-01-14 16:44,98.63,98.63,98.63,98.63,0
CA135087H235,"1,37720230,1330,184",2026-01-14 18:44,98.63,98.63,98.63,98.63,0
CA135087H235,"1,37720230,1330,184",2026-01-14 20:44,98.63,98.63,98.63,98.63,0
CA135087H235,"1,37720230,1330,184",2026-01-14 22:44,98.63,98.63,98.63,98.63,0
CA135087H235,"1,37720230,1330,184",2026-01-15 07:44,98.63,98.63,98.63,98.63,0
CA135087H235,"1,37720230,1330,184",2026-01-15 08:44,98.63,98.63,98.63,98.63,0
CA135087H235,"1,37720230,1330,184",2026-01-15 10:44,98.63,98.63,98.63,98.63,0
CA135087H235,"1,37720230,1330,184",2026-01-15 12:44,98.69,98.69,98.69,98.69,0
CA135087H235,"1,37720230,1330,184",2026-01-15 14:44,98.66,98.66,98.66,98.66,0
CA135087H235,"1,37720230,1330,184",2026-01-15 16:44,98.66,98.66,98.66,98.66,0
CA135087H235,"1,37720230,1330,184",2026-01-15 17:14,98.67,98.67,98.67,98.67,30000
CA135087H235,"1,37720230,1330,184",2026-01-15 18:44,98.67,98.67,98.67,98.67,0
CA135087H235,"1,37720230,1330,184",2026-01-15 20:44,98.67,98.67,98.67,98.67,0
CA135087H235,"1,37720230,1330,184",2026-01-15 22:44,98.67,98.67,98.67,98.67,0
CA135087H235,"1,37720230,1330,184",2026-01-16 07:44,98.67,98.67,98.67,98.67,0
CA135087H235,"1,37720230,1330,184",2026-01-16 08:44,98.67,98.67,98.67,98.67,0
CA135087H235,"1,37720230,1330,184",2026-01-16 10:44,98.67,98.67,98.67,98.67,0
CA135087H235,"1,37720230,1330,184",2026-01-16 12:44,98.67,98.67,98.67,98.67,0
CA135087H235,"1,37720230,1330,184",2026-01-16 14:44,98.67,98.67,98.67,98.67,0
CA135087H235,"1,37720230,1330,184",2026-01-16 16:44,98.67,98.67,98.67,98.67,0
CA135087H235,"1,37720230,1330,184",2026-01-16 18:44,98.67,98.67,98.67,98.67,0
CA135087H235,"1,37720230,1330,184",2026-01-16 20:44,98.67,98.67,98.67,98.67,0
CA135087H235,"1,37720230,1330,184",2026-01-16 22:44,98.67,98.67,98.67,98.67,0
CA135087H235,"1,37720230,1330,184",2026-01-19 07:44,98.66,98.66,98.66,98.66,0
CA135087H235,"1,37720230,1330,184",2026-01-19 08:44,98.66,98.66,98.66,98.66,0
CA135087H235,"1,37720230,1330,184",2026-01-19 10:44,98.66,98.66,98.66,98.66,0
CA135087H235,"1,37720230,1330,184",2026-01-19 12:44,98.66,98.66,98.66,98.66,0
CA135087H235,"1,37720230,1330,184",2026-01-19 14:44,98.66,98.66,98.66,98.66,0
CA135087H235,"1,37720230,1330,184",2026-01-19 16:44,98.66,98.66,98.66,98.66,0
CA135087H235,"1,37720230,1330,184",2026-01-19 18:44,98.66,98.66,98.66,98.66,0
CA135087H235,"1,37720230,1330,184",2026-01-19 20:44,98.66,98.66,98.66,98.66,0
CA135087H235,"1,37720230,1330,184",2026-01-19 22:44,98.66,98.66,98.66,98.66,0
CA135087Q491,"1,126528699,1330,184",2026-01-05 06:44,101.31,0.0,0.0,0.0,0
CA135087Q491,"1,126528699,1330,184",2026-01-05 07:44,101.31,101.31,101.31,101.31,0
CA135087Q491,"1,126528699,1330,184",2026-01-05 08:44,101.31,101.31,101.31,101.31,0
CA135087Q491,"1,126528699,1330,184",2026-01-05 10:44,101.31,101.31,101.31,101.31,0
CA135087Q491,"1,126528699,1330,184",2026-01-05 12:44,101.34,101.34,101.34,101.34,0
CA135087Q491,"1,126528699,1330,184",2026-01-05 16:44,101.34,101.34,101.34,101.34,0
CA135087Q491,"1,126528699,1330,184",2026-01-05 18:44,101.34,101.34,101.34,101.34,0
CA135087Q491,"1,126528699,1330,184",2026-01-05 20:44,101.34,101.34,101.34,101.34,0
CA135087Q491,"1,126528699,1330,184",2026-01-05 22:44,101.34,101.34,101.34,101.34,0
CA135087Q491,"1,126528699,1330,184",2026-01-06 07:44,101.41,101.41,101.41,101.41,0
CA135087Q491,"1,126528699,1330,184",2026-01-06 08:44,101.41,101.41,101.41,101.41,0
CA135087Q491,"1,126528699,1330,184",2026-01-06 10:44,101.41,101.41,101.41,101.41,0
CA135087Q491,"1,126528699,1330,184",2026-01-06 12:44,101.41,101.41,101.41,101.41,0
CA135087Q491,"1,126528699,1330,184",2026-01-06 14:44,101.41,101.41,101.41,101.41,0
CA135087Q491,"1,126528699,1330,184",2026-01-06 16:44,101.41,101.41,101.41,101.41,0
CA135087Q491,"1,126528699,1330,184",2026-01-06 18:44,101.41,101.41,101.41,101.41,0
CA135087Q491,"1,126528699,1330,184",2026-01-06 20:44,101.41,101.41,101.41,101.41,0
CA135087Q491,"1,126528699,1330,184",2026-01-06 22:44,101.41,101.41,101.41,101.41,0
CA135087Q491,"1,126528699,1330,184",2026-01-07 07:44,101.37,101.37,101.37,101.37,0
CA135087Q491,"1,126528699,1330,184",2026-01-07 08:44,101.37,101.37,101.37,101.37,0
CA135087Q491,"1,126528699,1330,184",2026-01-07 10:44,101.37,101.37,101.37,101.37,0
CA135087Q491,"1,126528699,1330,184",2026-01-07 12:44,101.4,101.4,101.4,101.4,0
CA135087Q491,"1,126528699,1330,184",2026-01-07 14:44,101.4,101.4,101.4,101.4,0
CA135087Q491,"1,126528699,1330,184",2026-01-07 16:44,101.4,101.4,101.4,101.4,0
CA135087Q491,"1,126528699,1330,184",2026-01-07 18:44,101.4,101.4,101.4,101.4,0
CA135087Q491,"1,126528699,1330,184",2026-01-07 20:44,101.4,101.4,101.4,101.4,0
CA135087Q491,"1,126528699,1330,184",2026-01-07 22:44,101.4,101.4,101.4,101.4,0
CA135087Q491,"1,126528699,1330,184",2026-01-08 07:44,101.42,101.42,101.42,101.42,0
CA135087Q491,"1,126528699,1330,184",2026-01-08 08:44,101.42,101.42,101.42,101.42,0
CA135087Q491,"1,126528699,1330,184",2026-01-08 10:44,101.42,101.42,101.42,101.42,0
CA135087Q491,"1,126528699,1330,184",2026-01-08 12:44,101.43,101.43,101.43,101.43,0
CA135087Q491,"1,126528699,1330,184",2026-01-08 14:44,101.43,101.43,101.43,101.43,0
CA135087Q491,"1,126528699,1330,184",2026-01-08 16:44,101.43,101.43,101.43,101.43,0
CA135087Q491,"1,126528699,1330,184",2026-01-08 18:44,101.43,101.43,101.43,101.43,0
CA135087Q491,"1,126528699,1330,184",2026-01-08 20:44,101.43,101.43,101.43,101.43,0
CA135087Q491,"1,126528699,1330,184",2026-01-08 22:44,101.43,101.43,101.43,101.43,0
CA135087Q491,"1,126528699,1330,184",2026-01-09 07:44,101.42,101.42,101.42,101.42,0
CA135087Q491,"1,126528699,1330,184",2026-01-09 08:44,101.42,101.42,101.42,101.42,0
CA135087Q491,"1,126528699,1330,184",2026-01-09 10:44,101.42,101.42,101.42,101.42,0
CA135087Q491,"1,126528699,1330,184",2026-01-09 12:44,101.42,101.42,101.42,101.42,0
CA135087Q491,"1,126528699,1330,184",2026-01-09 14:44,101.42,101.42,101.42,101.42,0
CA135087Q491,"1,126528699,1330,184",2026-01-09 16:44,101.42,101.42,101.42,101.42,0
CA135087Q491,"1,126528699,1330,184",2026-01-09 18:44,101.42,101.42,101.42,101.42,0
CA135087Q491,"1,126528699,1330,184",2026-01-09 20:44,101.42,101.42,101.42,101.42,0
CA135087Q491,"1,126528699,1330,184",2026-01-09 22:44,101.42,101.42,101.42,101.42,0
CA135087Q491,"1,126528699,1330,184",2026-01-12 07:44,101.45,101.45,101.45,101.45,0
CA135087Q491,"1,126528699,1330,184",2026-01-12 08:44,101.45,101.45,101.45,101.45,0
CA135087Q491,"1,126528699,1330,184",2026-01-12 10:44,101.45,101.45,101.45,101.45,0
CA135087Q491,"1,126528699,1330,184",2026-01-12 12:44,101.45,101.45,101.45,101.45,0
CA135087Q491,"1,126528699,1330,184",2026-01-12 14:44,101.45,101.45,101.45,101.45,0
CA135087Q491,"1,126528699,1330,184",2026-01-12 16:44,101.45,101.45,101.45,101.45,0
CA135087Q491,"1,126528699,1330,184",2026-01-12 18:44,101.45,101.45,101.45,101.45,0
CA135087Q491,"1,126528699,1330,184",2026-01-12 20:44,101.45,101.45,101.45,101.45,0
CA135087Q491,"1,126528699,1330,184",2026-01-12 22:44,101.45,101.45,101.45,101.45,0
CA135087Q491,"1,126528699,1330,184",2026-01-13 07:44,101.42,101.42,101.42,101.42,0
CA135087Q491,"1,126528699,1330,184",2026-01-13 08:44,101.42,101.42,101.42,101.42,0
CA135087Q491,"1,126528699,1330,184",2026-01-13 10:44,101.42,101.42,101.42,101.42,0
CA135087Q491,"1,126528699,1330,184",2026-01-13 12:44,101.42,101.42,101.42,101.42,0
CA135087Q491,"1,126528699,1330,184",2026-01-13 14:44,101.42,101.42,101.42,101.42,0
CA135087Q491,"1,126528699,1330,184",2026-01-13 16:44,101.42,101.42,101.42,101.42,0
CA135087Q491,"1,126528699,1330,184",2026-01-13 18:44,101.42,101.42,101.42,101.42,0
CA135087Q491,"1,126528699,1330,184",2026-01-13 20:44,101.42,101.42,101.42,101.42,0
CA135087Q491,"1,126528699,1330,184",2026-01-13 22:44,101.42,101.42,101.42,101.42,0
CA135087Q491,"1,126528699,1330,184",2026-01-14 07:44,101.43,101.43,101.43,101.43,0
CA135087Q491,"1,126528699,1330,184",2026-01-14 08:44,101.43,101.43,101.43,101.43,0
CA135087Q491,"1,126528699,1330,184",2026-01-14 10:44,101.43,101.43,101.43,101.43,0
CA135087Q491,"1,126528699,1330,184",2026-01-14 12:44,101.43,101.43,101.43,101.43,0
CA135087Q491,"1,126528699,1330,184",2026-01-14 14:44,101.43,101.43,101.43,101.43,0
CA135087Q491,"1,126528699,1330,184",2026-01-14 16:44,101.43,101.43,101.43,101.43,0
CA135087Q491,"1,126528699,1330,184",2026-01-14 18:44,101.43,101.43,101.43,101.43,0
CA135087Q491,"1,126528699,1330,184",2026-01-14 20:44,101.43,101.43,101.43,101.43,0
CA135087Q491,"1,126528699,1330,184",2026-01-14 22:44,101.43,101.43,101.43,101.43,0
CA135087Q491,"1,126528699,1330,184",2026-01-15 07:44,101.48,101.48,101.48,101.48,0
CA135087Q491,"1,126528699,1330,184",2026-01-15 08:44,101.48,101.48,101.48,101.48,0
CA135087Q491,"1,126528699,1330,184",2026-01-15 10:44,101.48,101.48,101.48,101.48,0
CA135087Q491,"1,126528699,1330,184",2026-01-15 12:44,101.48,101.48,101.48,101.48,0
CA135087Q491,"1,126528699,1330,184",2026-01-15 14:44,101.48,101.48,101.48,101.48,0
CA135087Q491,"1,126528699,1330,184",2026-01-15 16:44,101.48,101.48,101.48,101.48,0
CA135087Q491,"1,126528699,1330,184",2026-01-15 18:44,101.48,101.48,101.48,101.48,0
CA135087Q491,"1,126528699,1330,184",2026-01-15 20:44,101.48,101.48,101.48,101.48,0
CA135087Q491,"1,126528699,1330,184",2026-01-15 22:44,101.48,101.48,101.48,101.48,0
CA135087Q491,"1,126528699,1330,184",2026-01-16 07:44,101.47,101.47,101.47,101.47,0
CA135087Q491,"1,126528699,1330,184",2026-01-16 08:44,101.47,101.47,101.47,101.47,0
CA135087Q491,"1,126528699,1330,184",2026-01-16 10:44,101.47,101.47,101.47,101.47,0
CA135087Q491,"1,126528699,1330,184",2026-01-16 12:44,101.47,101.47,101.47,101.47,0
CA135087Q491,"1,126528699,1330,184",2026-01-16 14:44,101.47,101.47,101.47,101.47,0
CA135087Q491,"1,126528699,1330,184",2026-01-16 16:44,101.47,101.47,101.47,101.47,0
CA135087Q491,"1,126528699,1330,184",2026-01-16 18:44,101.47,101.47,101.47,101.47,0
CA135087Q491,"1,126528699,1330,184",2026-01-16 20:44,101.47,101.47,101.47,101.47,0
CA135087Q491,"1,126528699,1330,184",2026-01-16 22:44,101.47,101.47,101.47,101.47,0
CA135087Q491,"1,126528699,1330,184",2026-01-19 07:44,101.44,101.44,101.44,101.44,0
CA135087Q491,"1,126528699,1330,184",2026-01-19 08:44,101.44,101.44,101.44,101.44,0
CA135087Q491,"1,126528699,1330,184",2026-01-19 10:44,101.44,101.44,101.44,101.44,0
CA135087Q491,"1,126528699,1330,184",2026-01-19 12:44,101.45,101.45,101.45,101.45,0
CA135087Q491,"1,126528699,1330,184",2026-01-19 14:44,101.45,101.45,101.45,101.45,0
CA135087Q491,"1,126528699,1330,184",2026-01-19 16:44,101.45,101.45,101.45,101.45,0
CA135087Q491,"1,126528699,1330,184",2026-01-19 18:44,101.45,101.45,101.45,101.45,0
CA135087Q491,"1,126528699,1330,184",2026-01-19 20:44,101.45,101.45,101.45,101.45,0
CA135087Q491,"1,126528699,1330,184",2026-01-19 22:44,101.45,101.45,101.45,101.45,0
CA135087Q988,"1,130328741,1330,184",2026-01-05 06:44,103.59,0.0,0.0,0.0,0
CA135087Q988,"1,130328741,1330,184",2026-01-05 07:44,103.59,103.59,103.59,103.59,0
CA135087Q988,"1,130328741,1330,184",2026-01-05 08:44,103.59,103.59,103.59,103.59,0
CA135087Q988,"1,130328741,1330,184",2026-01-05 10:44,103.59,103.59,103.59,103.59,0
CA135087Q988,"1,130328741,1330,184",2026-01-05 12:44,103.63,103.63,103.63,103.63,0
CA135087Q988,"1,130328741,1330,184",2026-01-05 14:44,103.63,103.63,103.63,103.63,0
CA135087Q988,"1,130328741,1330,184",2026-01-05 16:44,103.63,103.63,103.63,103.63,0
CA135087Q988,"1,130328741,1330,184",2026-01-05 18:44,103.63,103.63,103.63,103.63,0
CA135087Q988,"1,130328741,1330,184",2026-01-05 20:44,103.63,103.63,103.63,103.63,0
CA135087Q988,"1,130328741,1330,184",2026-01-05 22:44,103.63,103.63,103.63,103.63,0
CA135087Q988,"1,130328741,1330,184",2026-01-06 07:44,103.7,103.7,103.7,103.7,0
CA135087Q988,"1,130328741,1330,184",2026-01-06 08:44,103.7,103.7,103.7,103.7,0
CA135087Q988,"1,130328741,1330,184",2026-01-06 10:44,103.7,103.7,103.7,103.7,0
CA135087Q988,"1,130328741,1330,184",2026-01-06 12:44,103.7,103.7,103.7,103.7,0
CA135087Q988,"1,130328741,1330,184",2026-01-06 14:44,103.7,103.7,103.7,103.7,0
CA135087Q988,"1,130328741,1330,184",2026-01-06 16:44,103.7,103.7,103.7,103.7,0
CA135087Q988,"1,130328741,1330,184",2026-01-06 18:44,103.7,103.7,103.7,103.7,0
CA135087Q988,"1,130328741,1330,184",2026-01-06 20:44,103.7,103.7,103.7,103.7,0
CA135087Q988,"1,130328741,1330,184",2026-01-06 22:44,103.7,103.7,103.7,103.7,0
CA135087Q988,"1,130328741,1330,184",2026-01-07 07:44,103.67,103.67,103.67,103.67,0
CA135087Q988,"1,130328741,1330,184",2026-01-07 08:44,103.67,103.67,103.67,103.67,0
CA135087Q988,"1,130328741,1330,184",2026-01-07 10:44,103.67,103.67,103.67,103.67,0
CA135087Q988,"1,130328741,1330,184",2026-01-07 12:44,103.71,103.71,103.71,103.71,0
CA135087Q988,"1,130328741,1330,184",2026-01-07 14:44,103.71,103.71,103.71,103.71,0
CA135087Q988,"1,130328741,1330,184",2026-01-07 16:44,103.71,103.71,103.71,103.71,0
CA135087Q988,"1,130328741,1330,184",2026-01-07 18:44,103.71,103.71,103.71,103.71,0
CA135087Q988,"1,130328741,1330,184",2026-01-07 20:44,103.71,103.71,103.71,103.71,0
CA135087Q988,"1,130328741,1330,184",2026-01-07 22:44,103.71,103.71,103.71,103.71,0
CA135087Q988,"1,130328741,1330,184",2026-01-08 07:44,103.74,103.74,103.74,103.74,0
CA135087Q988,"1,130328741,1330,184",2026-01-08 08:44,103.74,103.74,103.74,103.74,0
CA135087Q988,"1,130328741,1330,184",2026-01-08 10:44,103.74,103.74,103.74,103.74,0
CA135087Q988,"1,130328741,1330,184",2026-01-08 12:44,103.74,103.74,103.74,103.74,0
CA135087Q988,"1,130328741,1330,184",2026-01-08 14:44,103.74,103.74,103.74,103.74,0
CA135087Q988,"1,130328741,1330,184",2026-01-08 16:44,103.74,103.74,103.74,103.74,0
CA135087Q988,"1,130328741,1330,184",2026-01-08 18:44,103.74,103.74,103.74,103.74,0
CA135087Q988,"1,130328741,1330,184",2026-01-08 20:44,103.74,103.74,103.74,103.74,0
CA135087Q988,"1,130328741,1330,184",2026-01-08 22:44,103.74,103.74,103.74,103.74,0
CA135087Q988,"1,130328741,1330,184",2026-01-09 07:44,103.73,103.73,103.73,103.73,0
CA135087Q988,"1,130328741,1330,184",2026-01-09 08:44,103.73,103.73,103.73,103.73,0
CA135087Q988,"1,130328741,1330,184",2026-01-09 10:44,103.73,103.73,103.73,103.73,0
CA135087Q988,"1,130328741,1330,184",2026-01-09 12:44,103.73,103.73,103.73,103.73,0
CA135087Q988,"1,130328741,1330,184",2026-01-09 14:44,103.73,103.73,103.73,103.73,0
CA135087Q988,"1,130328741,1330,184",2026-01-09 16:44,103.73,103.73,103.73,103.73,0
CA135087Q988,"1,130328741,1330,184",2026-01-09 18:44,103.73,103.73,103.73,103.73,0
CA135087Q988,"1,130328741,1330,184",2026-01-09 20:44,103.73,103.73,103.73,103.73,0
CA135087Q988,"1,130328741,1330,184",2026-01-09 22:44,103.73,103.73,103.73,103.73,0
CA135087Q988,"1,130328741,1330,184",2026-01-12 07:44,103.76,103.76,103.76,103.76,0
CA135087Q988,"1,130328741,1330,184",2026-01-12 08:44,103.76,103.76,103.76,103.76,0
CA135087Q988,"1,130328741,1330,184",2026-01-12 10:44,103.76,103.76,103.76,103.76,0
CA135087Q988,"1,130328741,1330,184",2026-01-12 12:44,103.76,103.76,103.76,103.76,0
CA135087Q988,"1,130328741,1330,184",2026-01-12 14:44,103.76,103.76,103.76,103.76,0
CA135087Q988,"1,130328741,1330,184",2026-01-12 16:44,103.76,103.76,103.76,103.76,0
CA135087Q988,"1,130328741,1330,184",2026-01-12 18:44,103.76,103.76,103.76,103.76,0
CA135087Q988,"1,130328741,1330,184",2026-01-12 20:44,103.76,103.76,103.76,103.76,0
CA135087Q988,"1,130328741,1330,184",2026-01-12 22:44,103.76,103.76,103.76,103.76,0
CA135087Q988,"1,130328741,1330,184",2026-01-13 07:44,103.72,103.72,103.72,103.72,0
CA135087Q988,"1,130328741,1330,184",2026-01-13 08:44,103.72,103.72,103.72,103.72,0
CA135087Q988,"1,130328741,1330,184",2026-01-13 10:44,103.72,103.72,103.72,103.72,0
CA135087Q988,"1,130328741,1330,184",2026-01-13 12:44,103.72,103.72,103.72,103.72,0
CA135087Q988,"1,130328741,1330,184",2026-01-13 14:44,103.72,103.72,103.72,103.72,0
CA135087Q988,"1,130328741,1330,184",2026-01-13 16:44,103.72,103.72,103.72,103.72,0
CA135087Q988,"1,130328741,1330,184",2026-01-13 18:44,103.72,103.72,103.72,103.72,0
CA135087Q988,"1,130328741,1330,184",2026-01-13 20:44,103.72,103.72,103.72,103.72,0
CA135087Q988,"1,130328741,1330,184",2026-01-13 22:44,103.72,103.72,103.72,103.72,0
CA135087Q988,"1,130328741,1330,184",2026-01-14 07:44,103.74,103.74,103.74,103.74,0
CA135087Q988,"1,130328741,1330,184",2026-01-14 08:44,103.74,103.74,103.74,103.74,0
CA135087Q988,"1,130328741,1330,184",2026-01-14 10:44,103.74,103.74,103.74,103.74,0
CA135087Q988,"1,130328741,1330,184",2026-01-14 12:44,103.76,103.76,103.76,103.76,0
CA135087Q988,"1,130328741,1330,184",2026-01-14 14:44,103.76,103.76,103.76,103.76,0
CA135087Q988,"1,130328741,1330,184",2026-01-14 16:44,103.76,103.76,103.76,103.76,0
CA135087Q988,"1,130328741,1330,184",2026-01-14 18:44,103.76,103.76,103.76,103.76,0
CA135087Q988,"1,130328741,1330,184",2026-01-14 20:44,103.76,103.76,103.76,103.76,0
CA135087Q988,"1,130328741,1330,184",2026-01-14 22:44,103.76,103.76,103.76,103.76,0
CA135087Q988,"1,130328741,1330,184",2026-01-15 07:44,103.79,103.79,103.79,103.79,0
CA135087Q988,"1,130328741,1330,184",2026-01-15 08:44,103.79,103.79,103.79,103.79,0
CA135087Q988,"1,130328741,1330,184",2026-01-15 10:44,103.79,103.79,103.79,103.79,0
CA135087Q988,"1,130328741,1330,184",2026-01-15 12:44,103.79,103.79,103.79,103.79,0
CA135087Q988,"1,130328741,1330,184",2026-01-15 14:44,103.79,103.79,103.79,103.79,0
CA135087Q988,"1,130328741,1330,184",2026-01-15 16:44,103.79,103.79,103.79,103.79,0
CA135087Q988,"1,130328741,1330,184",2026-01-15 18:44,103.79,103.79,103.79,103.79,0
CA135087Q988,"1,130328741,1330,184",2026-01-15 20:44,103.79,103.79,103.79,103.79,0
CA135087Q988,"1,130328741,1330,184",2026-01-15 22:44,103.79,103.79,103.79,103.79,0
CA135087Q988,"1,130328741,1330,184",2026-01-16 07:44,103.77,103.77,103.77,103.77,0
CA135087Q988,"1,130328741,1330,184",2026-01-16 08:44,103.77,103.77,103.77,103.77,0
CA135087Q988,"1,130328741,1330,184",2026-01-16 10:44,103.77,103.77,103.77,103.77,0
CA135087Q988,"1,130328741,1330,184",2026-01-16 12:44,103.78,103.78,103.78,103.78,0
CA135087Q988,"1,130328741,1330,184",2026-01-16 14:44,103.78,103.78,103.78,103.78,0
CA135087Q988,"1,130328741,1330,184",2026-01-16 16:44,103.78,103.78,103.78,103.78,0
CA135087Q988,"1,130328741,1330,184",2026-01-16 18:44,103.78,103.78,103.78,103.78,0
CA135087Q988,"1,130328741,1330,184",2026-01-16 20:44,103.78,103.78,103.78,103.78,0
CA135087Q988,"1,130328741,1330,184",2026-01-16 22:44,103.78,103.78,103.78,103.78,0
CA135087Q988,"1,130328741,1330,184",2026-01-19 07:44,103.73,103.73,103.73,103.73,0
CA135087Q988,"1,130328741,1330,184",2026-01-19 08:44,103.73,103.73,103.73,103.73,0
CA135087Q988,"1,130328741,1330,184",2026-01-19 10:44,103.73,103.73,103.73,103.73,0
CA135087Q988,"1,130328741,1330,184",2026-01-19 12:44,103.74,103.74,103.74,103.74,0
CA135087Q988,"1,130328741,1330,184",2026-01-19 14:44,103.74,103.74,103.74,103.74,0
CA135087Q988,"1,130328741,1330,184",2026-01-19 16:44,103.74,103.74,103.74,103.74,0
CA135087Q988,"1,130328741,1330,184",2026-01-19 18:44,103.74,103.74,103.74,103.74,0
CA135087Q988,"1,130328741,1330,184",2026-01-19 20:44,103.74,103.74,103.74,103.74,0
CA135087Q988,"1,130328741,1330,184",2026-01-19 22:44,103.74,103.74,103.74,103.74,0
CA135087WL43,"1,847359,1330,184",2026-01-05 06:44,109.41,0.0,0.0,0.0,0
CA135087WL43,"1,847359,1330,184",2026-01-05 07:44,109.41,109.41,109.41,109.41,0
CA135087WL43,"1,847359,1330,184",2026-01-05 08:44,109.41,109.41,109.41,109.41,0
CA135087WL43,"1,847359,1330,184",2026-01-05 10:44,109.41,109.41,109.41,109.41,0
CA135087WL43,"1,847359,1330,184",2026-01-05 12:44,109.47,109.47,109.47,109.47,0
CA135087WL43,"1,847359,1330,184",2026-01-05 14:44,109.47,109.47,109.47,109.47,0
CA135087WL43,"1,847359,1330,184",2026-01-05 16:44,109.47,109.47,109.47,109.47,0
CA135087WL43,"1,847359,1330,184",2026-01-05 18:44,109.47,109.47,109.47,109.47,0
CA135087WL43,"1,847359,1330,184",2026-01-05 20:44,109.47,109.47,109.47,109.47,0
CA135087WL43,"1,847359,1330,184",2026-01-05 22:44,109.47,109.47,109.47,109.47,0
CA135087WL43,"1,847359,1330,184",2026-01-06 07:44,109.58,109.58,109.58,109.58,0
CA135087WL43,"1,847359,1330,184",2026-01-06 08:44,109.58,109.58,109.58,109.58,0
CA135087WL43,"1,847359,1330,184",2026-01-06 10:44,109.58,109.58,109.58,109.58,0
CA135087WL43,"1,847359,1330,184",2026-01-06 12:44,109.58,109.58,109.58,109.58,0
CA135087WL43,"1,847359,1330,184",2026-01-06 14:44,109.58,109.58,109.58,109.58,0
CA135087WL43,"1,847359,1330,184",2026-01-06 16:44,109.58,109.58,109.58,109.58,0
CA135087WL43,"1,847359,1330,184",2026-01-06 18:44,109.58,109.58,109.58,109.58,0
CA135087WL43,"1,847359,1330,184",2026-01-06 20:44,109.58,109.58,109.58,109.58,0
CA135087WL43,"1,847359,1330,184",2026-01-06 22:44,109.58,109.58,109.58,109.58,0
CA135087WL43,"1,847359,1330,184",2026-01-07 07:44,109.52,109.52,109.52,109.52,0
CA135087WL43,"1,847359,1330,184",2026-01-07 08:44,109.52,109.52,109.52,109.52,0
CA135087WL43,"1,847359,1330,184",2026-01-07 10:44,109.52,109.52,109.52,109.52,0
CA135087WL43,"1,847359,1330,184",2026-01-07 12:44,109.61,109.61,109.61,109.61,0
CA135087WL43,"1,847359,1330,184",2026-01-07 14:44,109.61,109.61,109.61,109.61,0
CA135087WL43,"1,847359,1330,184",2026-01-07 16:44,109.61,109.61,109.61,109.61,0
CA135087WL43,"1,847359,1330,184",2026-01-07 18:44,109.61,109.61,109.61,109.61,0
CA135087WL43,"1,847359,1330,184",2026-01-07 20:44,109.61,109.61,109.61,109.61,0
CA135087WL43,"1,847359,1330,184",2026-01-07 22:44,109.61,109.61,109.61,109.61,0
CA135087WL43,"1,847359,1330,184",2026-01-08 07:44,109.58,109.58,109.58,109.58,0
CA135087WL43,"1,847359,1330,184",2026-01-08 08:44,109.58,109.58,109.58,109.58,0
CA135087WL43,"1,847359,1330,184",2026-01-08 10:44,109.58,109.58,109.58,109.58,0
CA135087WL43,"1,847359,1330,184",2026-01-08 12:44,109.58,109.58,109.58,109.58,0
CA135087WL43,"1,847359,1330,184",2026-01-08 14:44,109.58,109.58,109.58,109.58,0
CA135087WL43,"1,847359,1330,184",2026-01-08 16:44,109.58,109.58,109.58,109.58,0
CA135087WL43,"1,847359,1330,184",2026-01-08 18:44,109.58,109.58,109.58,109.58,0
CA135087WL43,"1,847359,1330,184",2026-01-08 20:44,109.58,109.58,109.58,109.58,0
CA135087WL43,"1,847359,1330,184",2026-01-08 22:44,109.58,109.58,109.58,109.58,0
CA135087WL43,"1,847359,1330,184",2026-01-09 07:44,109.54,109.54,109.54,109.54,0
CA135087WL43,"1,847359,1330,184",2026-01-09 08:44,109.54,109.54,109.54,109.54,0
CA135087WL43,"1,847359,1330,184",2026-01-09 10:44,109.54,109.54,109.54,109.54,0
CA135087WL43,"1,847359,1330,184",2026-01-09 12:44,109.54,109.54,109.54,109.54,0
CA135087WL43,"1,847359,1330,184",2026-01-09 14:44,109.54,109.54,109.54,109.54,0
CA135087WL43,"1,847359,1330,184",2026-01-09 16:44,109.54,109.54,109.54,109.54,0
CA135087WL43,"1,847359,1330,184",2026-01-09 18:44,109.54,109.54,109.54,109.54,0
CA135087WL43,"1,847359,1330,184",2026-01-09 20:44,109.54,109.54,109.54,109.54,0
CA135087WL43,"1,847359,1330,184",2026-01-09 22:44,109.54,109.54,109.54,109.54,0
CA135087WL43,"1,847359,1330,184",2026-01-12 07:44,109.54,109.54,109.54,109.54,0
CA135087WL43,"1,847359,1330,184",2026-01-12 08:44,109.54,109.54,109.54,109.54,0
CA135087WL43,"1,847359,1330,184",2026-01-12 10:44,109.54,109.54,109.54,109.54,0
CA135087WL43,"1,847359,1330,184",2026-01-12 12:44,109.54,109.54,109.54,109.54,0
CA135087WL43,"1,847359,1330,184",2026-01-12 14:44,109.54,109.54,109.54,109.54,0
CA135087WL43,"1,847359,1330,184",2026-01-12 16:44,109.54,109.54,109.54,109.54,0
CA135087WL43,"1,847359,1330,184",2026-01-12 18:44,109.54,109.54,109.54,109.54,0
CA135087WL43,"1,847359,1330,184",2026-01-12 20:44,109.54,109.54,109.54,109.54,0
CA135087WL43,"1,847359,1330,184",2026-01-12 22:44,109.54,109.54,109.54,109.54,0
CA135087WL43,"1,847359,1330,184",2026-01-13 07:44,109.48,109.48,109.48,109.48,0
CA135087WL43,"1,847359,1330,184",2026-01-13 08:44,109.48,109.48,109.48,109.48,0
CA135087WL43,"1,847359,1330,184",2026-01-13 10:44,109.48,109.48,109.48,109.48,0
CA135087WL43,"1,847359,1330,184",2026-01-13 12:44,109.48,109.48,109.48,109.48,0
CA135087WL43,"1,847359,1330,184",2026-01-13 14:44,109.48,109.48,109.48,109.48,0
CA135087WL43,"1,847359,1330,184",2026-01-13 16:44,109.48,109.48,109.48,109.48,0
CA135087WL43,"1,847359,1330,184",2026-01-13 18:44,109.48,109.48,109.48,109.48,0
CA135087WL43,"1,847359,1330,184",2026-01-13 20:44,109.48,109.48,109.48,109.48,0
CA135087WL43,"1,847359,1330,184",2026-01-13 22:44,109.48,109.48,109.48,109.48,0
CA135087WL43,"1,847359,1330,184",2026-01-14 07:44,109.47,109.47,109.47,109.47,0
CA135087WL43,"1,847359,1330,184",2026-01-14 08:44,109.47,109.47,109.47,109.47,0
CA135087WL43,"1,847359,1330,184",2026-01-14 10:44,109.47,109.47,109.47,109.47,0
CA135087WL43,"1,847359,1330,184",2026-01-14 12:44,109.51,109.51,109.51,109.51,0
CA135087WL43,"1,847359,1330,184",2026-01-14 14:44,109.51,109.51,109.51,109.51,0
CA135087WL43,"1,847359,1330,184",2026-01-14 16:44,109.51,109.51,109.51,109.51,0
CA135087WL43,"1,847359,1330,184",2026-01-14 18:44,109.51,109.51,109.51,109.51,0
CA135087WL43,"1,847359,1330,184",2026-01-14 20:44,109.51,109.51,109.51,109.51,0
CA135087WL43,"1,847359,1330,184",2026-01-14 22:44,109.51,109.51,109.51,109.51,0
CA135087WL43,"1,847359,1330,184",2026-01-15 07:44,109.59,109.59,109.59,109.59,0
CA135087WL43,"1,847359,1330,184",2026-01-15 08:44,109.59,109.59,109.59,109.59,0
CA135087WL43,"1,847359,1330,184",2026-01-15 10:44,109.59,109.59,109.59,109.59,0
CA135087WL43,"1,847359,1330,184",2026-01-15 12:44,109.59,109.59,109.59,109.59,0
CA135087WL43,"1,847359,1330,184",2026-01-15 14:44,109.59,109.59,109.59,109.59,0
CA135087WL43,"1,847359,1330,184",2026-01-15 16:44,109.59,109.59,109.59,109.59,0
CA135087WL43,"1,847359,1330,184",2026-01-15 18:44,109.59,109.59,109.59,109.59,0
CA135087WL43,"1,847359,1330,184",2026-01-15 20:44,109.59,109.59,109.59,109.59,0
CA135087WL43,"1,847359,1330,184",2026-01-15 22:44,109.59,109.59,109.59,109.59,0
CA135087WL43,"1,847359,1330,184",2026-01-16 07:44,109.59,109.59,109.59,109.59,0
CA135087WL43,"1,847359,1330,184",2026-01-16 08:44,109.59,109.59,109.59,109.59,0
CA135087WL43,"1,847359,1330,184",2026-01-16 10:44,109.59,109.59,109.59,109.59,0
CA135087WL43,"1,847359,1330,184",2026-01-16 12:44,109.59,109.59,109.59,109.59,0
CA135087WL43,"1,847359,1330,184",2026-01-16 14:44,109.59,109.59,109.59,109.59,0
CA135087WL43,"1,847359,1330,184",2026-01-16 16:44,109.59,109.59,109.59,109.59,0
CA135087WL43,"1,847359,1330,184",2026-01-16 18:44,109.59,109.59,109.59,109.59,0
CA135087WL43,"1,847359,1330,184",2026-01-16 20:44,109.59,109.59,109.59,109.59,0
CA135087WL43,"1,847359,1330,184",2026-01-16 22:44,109.59,109.59,109.59,109.59,0
CA135087WL43,"1,847359,1330,184",2026-01-19 07:44,109.49,109.49,109.49,109.49,0
CA135087WL43,"1,847359,1330,184",2026-01-19 08:44,109.49,109.49,109.49,109.49,0
CA135087WL43,"1,847359,1330,184",2026-01-19 10:44,109.49,109.49,109.49,109.49,0
CA135087WL43,"1,847359,1330,184",2026-01-19 12:44,109.49,109.49,109.49,109.49,0
CA135087WL43,"1,847359,1330,184",2026-01-19 14:44,109.49,109.49,109.49,109.49,0
CA135087WL43,"1,847359,1330,184",2026-01-19 16:44,109.49,109.49,109.49,109.49,0
CA135087WL43,"1,847359,1330,184",2026-01-19 18:44,109.49,109.49,109.49,109.49,0
CA135087WL43,"1,847359,1330,184",2026-01-19 20:44,109.49,109.49,109.49,109.49,0
CA135087WL43,"1,847359,1330,184",2026-01-19 22:44,109.49,109.49,109.49,109.49,0
CA135087J397,"1,42965744,1330,184",2026-01-05 06:44,98.21,0.0,0.0,0.0,0
CA135087J397,"1,42965744,1330,184",2026-01-05 07:44,98.21,98.21,98.21,98.21,0
CA135087J397,"1,42965744,1330,184",2026-01-05 08:44,98.21,98.21,98.21,98.21,0
CA135087J397,"1,42965744,1330,184",2026-01-05 10:44,98.21,98.21,98.21,98.21,0
CA135087J397,"1,42965744,1330,184",2026-01-05 12:44,98.27,98.27,98.27,98.27,0
CA135087J397,"1,42965744,1330,184",2026-01-05 14:44,98.27,98.27,98.27,98.27,0
CA135087J397,"1,42965744,1330,184",2026-01-05 16:44,98.27,98.27,98.27,98.27,0
CA135087J397,"1,42965744,1330,184",2026-01-05 18:44,98.27,98.27,98.27,98.27,0
CA135087J397,"1,42965744,1330,184",2026-01-05 20:44,98.27,98.27,98.27,98.27,0
CA135087J397,"1,42965744,1330,184",2026-01-05 22:44,98.27,98.27,98.27,98.27,0
CA135087J397,"1,42965744,1330,184",2026-01-06 07:44,98.38,98.38,98.38,98.38,0
CA135087J397,"1,42965744,1330,184",2026-01-06 08:44,98.38,98.38,98.38,98.38,0
CA135087J397,"1,42965744,1330,184",2026-01-06 10:44,98.38,98.38,98.38,98.38,0
CA135087J397,"1,42965744,1330,184",2026-01-06 12:44,98.38,98.38,98.38,98.38,0
CA135087J397,"1,42965744,1330,184",2026-01-06 14:44,98.38,98.38,98.38,98.38,0
CA135087J397,"1,42965744,1330,184",2026-01-06 16:44,98.38,98.38,98.38,98.38,0
CA135087J397,"1,42965744,1330,184",2026-01-06 18:44,98.38,98.38,98.38,98.38,0
CA135087J397,"1,42965744,1330,184",2026-01-06 20:44,98.38,98.38,98.38,98.38,0
CA135087J397,"1,42965744,1330,184",2026-01-06 22:44,98.38,98.38,98.38,98.38,0
CA135087J397,"1,42965744,1330,184",2026-01-07 07:44,98.28,98.28,98.28,98.28,0
CA135087J397,"1,42965744,1330,184",2026-01-07 08:44,98.28,98.28,98.28,98.28,0
CA135087J397,"1,42965744,1330,184",2026-01-07 10:44,98.28,98.28,98.28,98.28,0
CA135087J397,"1,42965744,1330,184",2026-01-07 12:44,98.42,98.42,98.42,98.42,0
CA135087J397,"1,42965744,1330,184",2026-01-07 14:44,98.42,98.42,98.42,98.42,0
CA135087J397,"1,42965744,1330,184",2026-01-07 16:44,98.42,98.42,98.42,98.42,0
CA135087J397,"1,42965744,1330,184",2026-01-07 18:44,98.42,98.42,98.42,98.42,0
CA135087J397,"1,42965744,1330,184",2026-01-07 20:44,98.42,98.42,98.42,98.42,0
CA135087J397,"1,42965744,1330,184",2026-01-07 22:44,98.42,98.42,98.42,98.42,0
CA135087J397,"1,42965744,1330,184",2026-01-08 07:44,98.39,98.39,98.39,98.39,0
CA135087J397,"1,42965744,1330,184",2026-01-08 08:44,98.39,98.39,98.39,98.39,0
CA135087J397,"1,42965744,1330,184",2026-01-08 10:44,98.39,98.39,98.39,98.39,0
CA135087J397,"1,42965744,1330,184",2026-01-08 12:44,98.39,98.39,98.39,98.39,0
CA135087J397,"1,42965744,1330,184",2026-01-08 14:44,98.39,98.39,98.39,98.39,0
CA135087J397,"1,42965744,1330,184",2026-01-08 16:44,98.39,98.39,98.39,98.39,0
CA135087J397,"1,42965744,1330,184",2026-01-08 18:44,98.39,98.39,98.39,98.39,0
CA135087J397,"1,42965744,1330,184",2026-01-08 20:44,98.39,98.39,98.39,98.39,0
CA135087J397,"1,42965744,1330,184",2026-01-08 22:44,98.39,98.39,98.39,98.39,0
CA135087J397,"1,42965744,1330,184",2026-01-09 07:44,98.37,98.37,98.37,98.37,0
CA135087J397,"1,42965744,1330,184",2026-01-09 08:44,98.37,98.37,98.37,98.37,0
CA135087J397,"1,42965744,1330,184",2026-01-09 10:44,98.37,98.37,98.37,98.37,0
CA135087J397,"1,42965744,1330,184",2026-01-09 12:44,98.37,98.37,98.37,98.37,0
CA135087J397,"1,42965744,1330,184",2026-01-09 14:44,98.37,98.37,98.37,98.37,0
CA135087J397,"1,42965744,1330,184",2026-01-09 16:44,98.37,98.37,98.37,98.37,0
CA135087J397,"1,42965744,1330,184",2026-01-09 18:44,98.37,98.37,98.37,98.37,0
CA135087J397,"1,42965744,1330,184",2026-01-09 20:44,98.37,98.37,98.37,98.37,0
CA135087J397,"1,42965744,1330,184",2026-01-09 22:44,98.37,98.37,98.37,98.37,0
CA135087J397,"1,42965744,1330,184",2026-01-12 07:44,98.39,98.39,98.39,98.39,0
CA135087J397,"1,42965744,1330,184",2026-01-12 08:44,98.39,98.39,98.39,98.39,0
CA135087J397,"1,42965744,1330,184",2026-01-12 10:44,98.39,98.39,98.39,98.39,0
CA135087J397,"1,42965744,1330,184",2026-01-12 12:44,98.39,98.39,98.39,98.39,0
CA135087J397,"1,42965744,1330,184",2026-01-12 14:44,98.39,98.39,98.39,98.39,0
CA135087J397,"1,42965744,1330,184",2026-01-12 16:44,98.39,98.39,98.39,98.39,0
CA135087J397,"1,42965744,1330,184",2026-01-12 18:44,98.39,98.39,98.39,98.39,0
CA135087J397,"1,42965744,1330,184",2026-01-12 20:44,98.39,98.39,98.39,98.39,0
CA135087J397,"1,42965744,1330,184",2026-01-12 22:44,98.39,98.39,98.39,98.39,0
CA135087J397,"1,42965744,1330,184",2026-01-13 07:44,98.34,98.34,98.34,98.34,0
CA135087J397,"1,42965744,1330,184",2026-01-13 08:44,98.34,98.34,98.34,98.34,0
CA135087J397,"1,42965744,1330,184",2026-01-13 10:44,98.34,98.34,98.34,98.34,0
CA135087J397,"1,42965744,1330,184",2026-01-13 12:44,98.34,98.34,98.34,98.34,0
CA135087J397,"1,42965744,1330,184",2026-01-13 14:44,98.34,98.34,98.34,98.34,0
CA135087J397,"1,42965744,1330,184",2026-01-13 16:44,98.34,98.34,98.34,98.34,0
CA135087J397,"1,42965744,1330,184",2026-01-13 18:44,98.34,98.34,98.34,98.34,0
CA135087J397,"1,42965744,1330,184",2026-01-13 20:44,98.34,98.34,98.34,98.34,0
CA135087J397,"1,42965744,1330,184",2026-01-13 22:44,98.34,98.34,98.34,98.34,0
CA135087J397,"1,42965744,1330,184",2026-01-14 07:44,98.34,98.34,98.34,98.34,0
CA135087J397,"1,42965744,1330,184",2026-01-14 08:44,98.34,98.34,98.34,98.34,0
CA135087J397,"1,42965744,1330,184",2026-01-14 10:44,98.34,98.34,98.34,98.34,0
CA135087J397,"1,42965744,1330,184",2026-01-14 12:44,98.4,98.4,98.4,98.4,0
CA135087J397,"1,42965744,1330,184",2026-01-14 14:44,98.4,98.4,98.4,98.4,0
CA135087J397,"1,42965744,1330,184",2026-01-14 16:44,98.4,98.4,98.4,98.4,0
CA135087J397,"1,42965744,1330,184",2026-01-14 18:44,98.4,98.4,98.4,98.4,0
CA135087J397,"1,42965744,1330,184",2026-01-14 20:44,98.4,98.4,98.4,98.4,0
CA135087J397,"1,42965744,1330,184",2026-01-14 22:44,98.4,98.4,98.4,98.4,0
CA135087J397,"1,42965744,1330,184",2026-01-15 07:44,98.46,98.46,98.46,98.46,0
CA135087J397,"1,42965744,1330,184",2026-01-15 08:44,98.46,98.46,98.46,98.46,0
CA135087J397,"1,42965744,1330,184",2026-01-15 10:44,98.46,98.46,98.46,98.46,0
CA135087J397,"1,42965744,1330,184",2026-01-15 12:44,98.46,98.46,98.46,98.46,0
CA135087J397,"1,42965744,1330,184",2026-01-15 14:44,98.46,98.46,98.46,98.46,0
CA135087J397,"1,42965744,1330,184",2026-01-15 16:44,98.46,98.46,98.46,98.46,0
CA135087J397,"1,42965744,1330,184",2026-01-15 18:44,98.46,98.46,98.46,98.46,0
CA135087J397,"1,42965744,1330,184",2026-01-15 20:44,98.46,98.46,98.46,98.46,0
CA135087J397,"1,42965744,1330,184",2026-01-15 22:44,98.46,98.46,98.46,98.46,0
CA135087J397,"1,42965744,1330,184",2026-01-16 07:44,98.47,98.47,98.47,98.47,0
CA135087J397,"1,42965744,1330,184",2026-01-16 08:44,98.47,98.47,98.47,98.47,0
CA135087J397,"1,42965744,1330,184",2026-01-16 10:44,98.47,98.47,98.47,98.47,0
CA135087J397,"1,42965744,1330,184",2026-01-16 12:44,98.47,98.47,98.47,98.47,0
CA135087J397,"1,42965744,1330,184",2026-01-16 14:44,98.47,98.47,98.47,98.47,0
CA135087J397,"1,42965744,1330,184",2026-01-16 16:44,98.47,98.47,98.47,98.47,0
CA135087J397,"1,42965744,1330,184",2026-01-16 18:44,98.47,98.47,98.47,98.47,0
CA135087J397,"1,42965744,1330,184",2026-01-16 20:44,98.47,98.47,98.47,98.47,0
CA135087J397,"1,42965744,1330,184",2026-01-16 22:44,98.47,98.47,98.47,98.47,0
CA135087J397,"1,42965744,1330,184",2026-01-19 07:44,98.4,98.4,98.4,98.4,0
CA135087J397,"1,42965744,1330,184",2026-01-19 08:44,98.4,98.4,98.4,98.4,0
CA135087J397,"1,42965744,1330,184",2026-01-19 10:44,98.4,98.4,98.4,98.4,0
CA135087J397,"1,42965744,1330,184",2026-01-19 12:44,98.4,98.4,98.4,98.4,0
CA135087J397,"1,42965744,1330,184",2026-01-19 14:44,98.4,98.4,98.4,98.4,0
CA135087J397,"1,42965744,1330,184",2026-01-19 16:44,98.4,98.4,98.4,98.4,0
CA135087J397,"1,42965744,1330,184",2026-01-19 18:44,98.4,98.4,98.4,98.4,0
CA135087J397,"1,42965744,1330,184",2026-01-19 20:44,98.4,98.4,98.4,98.4,0
CA135087J397,"1,42965744,1330,184",2026-01-19 22:44,98.4,98.4,98.4,98.4,0
CA135087R895,"1,134387959,1330,184",2026-01-05 06:44,102.15,0.0,0.0,0.0,0
CA135087R895,"1,134387959,1330,184",2026-01-05 07:44,102.15,102.15,102.15,102.15,0
CA135087R895,"1,134387959,1330,184",2026-01-05 08:44,102.15,102.15,102.15,102.15,0
CA135087R895,"1,134387959,1330,184",2026-01-05 10:44,102.15,102.15,102.15,102.15,0
CA135087R895,"1,134387959,1330,184",2026-01-05 12:44,102.22,102.22,102.22,102.22,0
CA135087R895,"1,134387959,1330,184",2026-01-05 14:44,102.22,102.22,102.22,102.22,0
CA135087R895,"1,134387959,1330,184",2026-01-05 16:44,102.22,102.22,102.22,102.22,0
CA135087R895,"1,134387959,1330,184",2026-01-05 18:44,102.22,102.22,102.22,102.22,0
CA135087R895,"1,134387959,1330,184",2026-01-05 20:44,102.22,102.22,102.22,102.22,0
CA135087R895,"1,134387959,1330,184",2026-01-05 22:44,102.22,102.22,102.22,102.22,0
CA135087R895,"1,134387959,1330,184",2026-01-06 07:44,102.33,102.33,102.33,102.33,0
CA135087R895,"1,134387959,1330,184",2026-01-06 08:44,102.33,102.33,102.33,102.33,0
CA135087R895,"1,134387959,1330,184",2026-01-06 10:44,102.33,102.33,102.33,102.33,0
CA135087R895,"1,134387959,1330,184",2026-01-06 12:44,102.33,102.33,102.33,102.33,0
CA135087R895,"1,134387959,1330,184",2026-01-06 14:44,102.33,102.33,102.33,102.33,0
CA135087R895,"1,134387959,1330,184",2026-01-06 16:44,102.33,102.33,102.33,102.33,0
CA135087R895,"1,134387959,1330,184",2026-01-06 18:44,102.33,102.33,102.33,102.33,0
CA135087R895,"1,134387959,1330,184",2026-01-06 20:44,102.33,102.33,102.33,102.33,0
CA135087R895,"1,134387959,1330,184",2026-01-06 22:44,102.33,102.33,102.33,102.33,0
CA135087R895,"1,134387959,1330,184",2026-01-07 07:44,102.28,102.28,102.28,102.28,0
CA135087R895,"1,134387959,1330,184",2026-01-07 08:44,102.28,102.28,102.28,102.28,0
CA135087R895,"1,134387959,1330,184",2026-01-07 10:44,102.28,102.28,102.28,102.28,0
CA135087R895,"1,134387959,1330,184",2026-01-07 12:44,102.37,102.37,102.37,102.37,0
CA135087R895,"1,134387959,1330,184",2026-01-07 14:44,102.37,102.37,102.37,102.37,0
CA135087R895,"1,134387959,1330,184",2026-01-07 16:44,102.37,102.37,102.37,102.37,0
CA135087R895,"1,134387959,1330,184",2026-01-07 18:44,102.37,102.37,102.37,102.37,0
CA135087R895,"1,134387959,1330,184",2026-01-07 20:44,102.37,102.37,102.37,102.37,0
CA135087R895,"1,134387959,1330,184",2026-01-07 22:44,102.37,102.37,102.37,102.37,0
CA135087R895,"1,134387959,1330,184",2026-01-08 07:44,102.34,102.34,102.34,102.34,0
CA135087R895,"1,134387959,1330,184",2026-01-08 08:44,102.34,102.34,102.34,102.34,0
CA135087R895,"1,134387959,1330,184",2026-01-08 10:44,102.34,102.34,102.34,102.34,0
CA135087R895,"1,134387959,1330,184",2026-01-08 12:44,102.34,102.34,102.34,102.34,0
CA135087R895,"1,134387959,1330,184",2026-01-08 14:44,102.34,102.34,102.34,102.34,0
CA135087R895,"1,134387959,1330,184",2026-01-08 16:44,102.34,102.34,102.34,102.34,0
CA135087R895,"1,134387959,1330,184",2026-01-08 18:44,102.34,102.34,102.34,102.34,0
CA135087R895,"1,134387959,1330,184",2026-01-08 20:44,102.34,102.34,102.34,102.34,0
CA135087R895,"1,134387959,1330,184",2026-01-08 22:44,102.34,102.34,102.34,102.34,0
CA135087R895,"1,134387959,1330,184",2026-01-09 07:44,102.31,102.31,102.31,102.31,0
CA135087R895,"1,134387959,1330,184",2026-01-09 08:44,102.31,102.31,102.31,102.31,0
CA135087R895,"1,134387959,1330,184",2026-01-09 10:44,102.31,102.31,102.31,102.31,0
CA135087R895,"1,134387959,1330,184",2026-01-09 12:44,102.31,102.31,102.31,102.31,0
CA135087R895,"1,134387959,1330,184",2026-01-09 14:44,102.31,102.31,102.31,102.31,0
CA135087R895,"1,134387959,1330,184",2026-01-09 16:44,102.31,102.31,102.31,102.31,0
CA135087R895,"1,134387959,1330,184",2026-01-09 18:44,102.31,102.31,102.31,102.31,0
CA135087R895,"1,134387959,1330,184",2026-01-09 20:44,102.31,102.31,102.31,102.31,0
CA135087R895,"1,134387959,1330,184",2026-01-09 22:44,102.31,102.31,102.31,102.31,0
CA135087R895,"1,134387959,1330,184",2026-01-12 07:44,102.35,102.35,102.35,102.35,0
CA135087R895,"1,134387959,1330,184",2026-01-12 08:44,102.35,102.35,102.35,102.35,0
CA135087R895,"1,134387959,1330,184",2026-01-12 10:44,102.35,102.35,102.35,102.35,0
CA135087R895,"1,134387959,1330,184",2026-01-12 12:44,102.35,102.35,102.35,102.35,0
CA135087R895,"1,134387959,1330,184",2026-01-12 14:44,102.35,102.35,102.35,102.35,0
CA135087R895,"1,134387959,1330,184",2026-01-12 16:44,102.35,102.35,102.35,102.35,0
CA135087R895,"1,134387959,1330,184",2026-01-12 18:44,102.35,102.35,102.35,102.35,0
CA135087R895,"1,134387959,1330,184",2026-01-12 20:44,102.35,102.35,102.35,102.35,0
CA135087R895,"1,134387959,1330,184",2026-01-12 22:44,102.35,102.35,102.35,102.35,0
CA135087R895,"1,134387959,1330,184",2026-01-13 07:44,102.29,102.29,102.29,102.29,0
CA135087R895,"1,134387959,1330,184",2026-01-13 08:44,102.29,102.29,102.29,102.29,0
CA135087R895,"1,134387959,1330,184",2026-01-13 10:44,102.29,102.29,102.29,102.29,0
CA135087R895,"1,134387959,1330,184",2026-01-13 12:44,102.29,102.29,102.29,102.29,0
CA135087R895,"1,134387959,1330,184",2026-01-13 14:44,102.29,102.29,102.29,102.29,0
CA135087R895,"1,134387959,1330,184",2026-01-13 16:44,102.29,102.29,102.29,102.29,0
CA135087R895,"1,134387959,1330,184",2026-01-13 18:44,102.29,102.29,102.29,102.29,0
CA135087R895,"1,134387959,1330,184",2026-01-13 20:44,102.29,102.29,102.29,102.29,0
CA135087R895,"1,134387959,1330,184",2026-01-13 22:44,102.29,102.29,102.29,102.29,0
CA135087R895,"1,134387959,1330,184",2026-01-14 07:44,102.29,102.29,102.29,102.29,0
CA135087R895,"1,134387959,1330,184",2026-01-14 08:44,102.29,102.29,102.29,102.29,0
CA135087R895,"1,134387959,1330,184",2026-01-14 10:44,102.29,102.29,102.29,102.29,0
CA135087R895,"1,134387959,1330,184",2026-01-14 12:44,102.33,102.33,102.33,102.33,0
CA135087R895,"1,134387959,1330,184",2026-01-14 14:44,102.33,102.33,102.33,102.33,0
CA135087R895,"1,134387959,1330,184",2026-01-14 16:44,102.33,102.33,102.33,102.33,0
CA135087R895,"1,134387959,1330,184",2026-01-14 18:44,102.33,102.33,102.33,102.33,0
CA135087R895,"1,134387959,1330,184",2026-01-14 20:44,102.33,102.33,102.33,102.33,0
CA135087R895,"1,134387959,1330,184",2026-01-14 22:44,102.33,102.33,102.33,102.33,0
CA135087R895,"1,134387959,1330,184",2026-01-15 07:44,102.43,102.43,102.43,102.43,0
CA135087R895,"1,134387959,1330,184",2026-01-15 08:44,102.43,102.43,102.43,102.43,0
CA135087R895,"1,134387959,1330,184",2026-01-15 10:44,102.43,102.43,102.43,102.43,0
CA135087R895,"1,134387959,1330,184",2026-01-15 12:44,102.43,102.43,102.43,102.43,0
CA135087R895,"1,134387959,1330,184",2026-01-15 14:44,102.43,102.43,102.43,102.43,0
CA135087R895,"1,134387959,1330,184",2026-01-15 16:44,102.43,102.43,102.43,102.43,0
CA135087R895,"1,134387959,1330,184",2026-01-15 18:44,102.43,102.43,102.43,102.43,0
CA135087R895,"1,134387959,1330,184",2026-01-15 20:44,102.43,102.43,102.43,102.43,0
CA135087R895,"1,134387959,1330,184",2026-01-15 22:44,102.43,102.43,102.43,102.43,0
CA135087R895,"1,134387959,1330,184",2026-01-16 07:44,102.42,102.42,102.42,102.42,0
CA135087R895,"1,134387959,1330,184",2026-01-16 08:44,102.42,102.42,102.42,102.42,0
CA135087R895,"1,134387959,1330,184",2026-01-16 10:44,102.42,102.42,102.42,102.42,0
CA135087R895,"1,134387959,1330,184",2026-01-16 12:44,102.42,102.42,102.42,102.42,0
CA135087R895,"1,134387959,1330,184",2026-01-16 14:44,102.42,102.42,102.42,102.42,0
CA135087R895,"1,134387959,1330,184",2026-01-16 16:44,102.42,102.42,102.42,102.42,0
CA135087R895,"1,134387959,1330,184",2026-01-16 18:44,102.42,102.42,102.42,102.42,0
CA135087R895,"1,134387959,1330,184",2026-01-16 20:44,102.42,102.42,102.42,102.42,0
CA135087R895,"1,134387959,1330,184",2026-01-16 22:44,102.42,102.42,102.42,102.42,0
CA135087R895,"1,134387959,1330,184",2026-01-19 07:44,102.32,102.32,102.32,102.32,0
CA135087R895,"1,134387959,1330,184",2026-01-19 08:44,102.32,102.32,102.32,102.32,0
CA135087R895,"1,134387959,1330,184",2026-01-19 10:44,102.32,102.32,102.32,102.32,0
CA135087R895,"1,134387959,1330,184",2026-01-19 12:44,102.32,102.32,102.32,102.32,0
CA135087R895,"1,134387959,1330,184",2026-01-19 14:44,102.32,102.32,102.32,102.32,0
CA135087R895,"1,134387959,1330,184",2026-01-19 16:44,102.32,102.32,102.32,102.32,0
CA135087R895,"1,134387959,1330,184",2026-01-19 18:44,102.32,102.32,102.32,102.32,0
CA135087R895,"1,134387959,1330,184",2026-01-19 20:44,102.32,102.32,102.32,102.32,0
CA135087R895,"1,134387959,1330,184",2026-01-19 22:44,102.32,102.32,102.32,102.32,0
CA135087N670,"1,117855494,1330,184",2026-01-05 06:44,97.56,0.0,0.0,0.0,0
CA135087N670,"1,117855494,1330,184",2026-01-05 07:44,97.56,97.56,97.56,97.56,0
CA135087N670,"1,117855494,1330,184",2026-01-05 08:44,97.56,97.56,97.56,97.56,0
CA135087N670,"1,117855494,1330,184",2026-01-05 10:44,97.56,97.56,97.56,97.56,0
CA135087N670,"1,117855494,1330,184",2026-01-05 12:44,97.61,97.61,97.61,97.61,0
CA135087N670,"1,117855494,1330,184",2026-01-05 14:44,97.61,97.61,97.61,97.61,0
CA135087N670,"1,117855494,1330,184",2026-01-05 16:44,97.625,97.625,97.625,97.625,0
CA135087N670,"1,117855494,1330,184",2026-01-05 18:44,97.68,97.68,97.68,97.68,0
CA135087N670,"1,117855494,1330,184",2026-01-05 20:44,97.68,97.68,97.68,97.68,0
CA135087N670,"1,117855494,1330,184",2026-01-05 22:44,97.68,97.68,97.68,97.68,0
CA135087N670,"1,117855494,1330,184",2026-01-06 07:44,97.73,97.73,97.73,97.73,0
CA135087N670,"1,117855494,1330,184",2026-01-06 08:44,97.73,97.73,97.73,97.73,0
CA135087N670,"1,117855494,1330,184",2026-01-06 10:44,97.73,97.73,97.73,97.73,0
CA135087N670,"1,117855494,1330,184",2026-01-06 12:44,97.73,97.73,97.73,97.73,0
CA135087N670,"1,117855494,1330,184",2026-01-06 14:44,97.73,97.73,97.73,97.73,0
CA135087N670,"1,117855494,1330,184",2026-01-06 16:44,97.73,97.73,97.73,97.73,0
CA135087N670,"1,117855494,1330,184",2026-01-06 18:44,97.73,97.73,97.73,97.73,0
CA135087N670,"1,117855494,1330,184",2026-01-06 20:44,97.73,97.73,97.73,97.73,0
CA135087N670,"1,117855494,1330,184",2026-01-06 22:44,97.73,97.73,97.73,97.73,0
CA135087N670,"1,117855494,1330,184",2026-01-07 07:44,97.68,97.68,97.68,97.68,0
CA135087N670,"1,117855494,1330,184",2026-01-07 08:44,97.68,97.68,97.68,97.68,0
CA135087N670,"1,117855494,1330,184",2026-01-07 10:44,97.68,97.68,97.68,97.68,0
CA135087N670,"1,117855494,1330,184",2026-01-07 12:44,97.77,97.77,97.77,97.77,0
CA135087N670,"1,117855494,1330,184",2026-01-07 14:44,97.785,97.785,97.785,97.785,0
CA135087N670,"1,117855494,1330,184",2026-01-07 16:44,97.785,97.785,97.785,97.785,0
CA135087N670,"1,117855494,1330,184",2026-01-07 18:44,97.785,97.785,97.785,97.785,0
CA135087N670,"1,117855494,1330,184",2026-01-07 20:44,97.785,97.785,97.785,97.785,0
CA135087N670,"1,117855494,1330,184",2026-01-07 22:44,97.785,97.785,97.785,97.785,0
CA135087N670,"1,117855494,1330,184",2026-01-08 07:44,97.75,97.75,97.75,97.75,0
CA135087N670,"1,117855494,1330,184",2026-01-08 08:44,97.75,97.75,97.75,97.75,0
CA135087N670,"1,117855494,1330,184",2026-01-08 10:44,97.75,97.75,97.75,97.75,0
CA135087N670,"1,117855494,1330,184",2026-01-08 12:44,97.75,97.75,97.75,97.75,0
CA135087N670,"1,117855494,1330,184",2026-01-08 14:44,97.75,97.75,97.75,97.75,0
CA135087N670,"1,117855494,1330,184",2026-01-08 16:44,97.75,97.75,97.75,97.75,0
CA135087N670,"1,117855494,1330,184",2026-01-08 18:44,97.75,97.75,97.75,97.75,0
CA135087N670,"1,117855494,1330,184",2026-01-08 20:44,97.75,97.75,97.75,97.75,0
CA135087N670,"1,117855494,1330,184",2026-01-08 22:44,97.75,97.75,97.75,97.75,0
CA135087N670,"1,117855494,1330,184",2026-01-09 07:44,97.72,97.72,97.72,97.72,0
CA135087N670,"1,117855494,1330,184",2026-01-09 08:44,97.72,97.72,97.72,97.72,0
CA135087N670,"1,117855494,1330,184",2026-01-09 10:44,97.72,97.72,97.72,97.72,0
CA135087N670,"1,117855494,1330,184",2026-01-09 12:44,97.72,97.72,97.72,97.72,0
CA135087N670,"1,117855494,1330,184",2026-01-09 14:44,97.72,97.72,97.72,97.72,0
CA135087N670,"1,117855494,1330,184",2026-01-09 16:44,97.75,97.75,97.75,97.75,0
CA135087N670,"1,117855494,1330,184",2026-01-09 18:44,97.75,97.75,97.75,97.75,0
CA135087N670,"1,117855494,1330,184",2026-01-09 20:44,97.75,97.75,97.75,97.75,0
CA135087N670,"1,117855494,1330,184",2026-01-09 22:44,97.75,97.75,97.75,97.75,0
CA135087N670,"1,117855494,1330,184",2026-01-12 07:44,97.78,97.78,97.78,97.78,0
CA135087N670,"1,117855494,1330,184",2026-01-12 08:44,97.78,97.78,97.78,97.78,0
CA135087N670,"1,117855494,1330,184",2026-01-12 10:44,97.78,97.78,97.78,97.78,0
CA135087N670,"1,117855494,1330,184",2026-01-12 12:44,97.78,97.78,97.78,97.78,0
CA135087N670,"1,117855494,1330,184",2026-01-12 14:44,97.78,97.78,97.78,97.78,0
CA135087N670,"1,117855494,1330,184",2026-01-12 16:44,97.78,97.78,97.78,97.78,0
CA135087N670,"1,117855494,1330,184",2026-01-12 18:44,97.78,97.78,97.78,97.78,0
CA135087N670,"1,117855494,1330,184",2026-01-12 20:44,97.78,97.78,97.78,97.78,0
CA135087N670,"1,117855494,1330,184",2026-01-12 22:44,97.78,97.78,97.78,97.78,0
CA135087N670,"1,117855494,1330,184",2026-01-13 07:44,97.72,97.72,97.72,97.72,0
CA135087N670,"1,117855494,1330,184",2026-01-13 08:44,97.72,97.72,97.72,97.72,0
CA135087N670,"1,117855494,1330,184",2026-01-13 10:44,97.72,97.72,97.72,97.72,0
CA135087N670,"1,117855494,1330,184",2026-01-13 12:44,97.72,97.72,97.72,97.72,0
CA135087N670,"1,117855494,1330,184",2026-01-13 14:44,97.72,97.72,97.72,97.72,0
CA135087N670,"1,117855494,1330,184",2026-01-13 16:44,97.72,97.72,97.72,97.72,0
CA135087N670,"1,117855494,1330,184",2026-01-13 18:44,97.72,97.72,97.72,97.72,0
CA135087N670,"1,117855494,1330,184",2026-01-13 20:44,97.72,97.72,97.72,97.72,0
CA135087N670,"1,117855494,1330,184",2026-01-13 22:44,97.72,97.72,97.72,97.72,0
CA135087N670,"1,117855494,1330,184",2026-01-14 07:44,97.72,97.72,97.72,97.72,0
CA135087N670,"1,117855494,1330,184",2026-01-14 08:44,97.72,97.72,97.72,97.72,0
CA135087N670,"1,117855494,1330,184",2026-01-14 10:44,97.72,97.72,97.72,97.72,0
CA135087N670,"1,117855494,1330,184",2026-01-14 12:44,97.79,97.79,97.79,97.79,0
CA135087N670,"1,117855494,1330,184",2026-01-14 14:44,97.79,97.79,97.79,97.79,0
CA135087N670,"1,117855494,1330,184",2026-01-14 16:44,97.79,97.79,97.79,97.79,0
CA135087N670,"1,117855494,1330,184",2026-01-14 18:44,97.79,97.79,97.79,97.79,0
CA135087N670,"1,117855494,1330,184",2026-01-14 20:44,97.79,97.79,97.79,97.79,0
CA135087N670,"1,117855494,1330,184",2026-01-14 22:44,97.79,97.79,97.79,97.79,0
CA135087N670,"1,117855494,1330,184",2026-01-15 07:44,97.83,97.83,97.83,97.83,0
CA135087N670,"1,117855494,1330,184",2026-01-15 08:44,97.83,97.83,97.83,97.83,0
CA135087N670,"1,117855494,1330,184",2026-01-15 10:44,97.83,97.83,97.83,97.83,0
CA135087N670,"1,117855494,1330,184",2026-01-15 12:44,97.85,97.85,97.85,97.85,0
CA135087N670,"1,117855494,1330,184",2026-01-15 14:44,97.85,97.85,97.85,97.85,0
CA135087N670,"1,117855494,1330,184",2026-01-15 16:44,97.85,97.85,97.85,97.85,0
CA135087N670,"1,117855494,1330,184",2026-01-15 18:44,97.85,97.85,97.85,97.85,0
CA135087N670,"1,117855494,1330,184",2026-01-15 20:44,97.85,97.85,97.85,97.85,0
CA135087N670,"1,117855494,1330,184",2026-01-15 22:44,97.85,97.85,97.85,97.85,0
CA135087N670,"1,117855494,1330,184",2026-01-16 07:44,97.86,97.86,97.86,97.86,0
CA135087N670,"1,117855494,1330,184",2026-01-16 08:44,97.86,97.86,97.86,97.86,0
CA135087N670,"1,117855494,1330,184",2026-01-16 10:44,97.86,97.86,97.86,97.86,0
CA135087N670,"1,117855494,1330,184",2026-01-16 12:44,97.86,97.86,97.86,97.86,0
CA135087N670,"1,117855494,1330,184",2026-01-16 14:44,97.86,97.86,97.86,97.86,0
CA135087N670,"1,117855494,1330,184",2026-01-16 16:44,97.86,97.86,97.86,97.86,0
CA135087N670,"1,117855494,1330,184",2026-01-16 18:44,97.86,97.86,97.86,97.86,0
CA135087N670,"1,117855494,1330,184",2026-01-16 20:44,97.86,97.86,97.86,97.86,0
CA135087N670,"1,117855494,1330,184",2026-01-16 22:44,97.86,97.86,97.86,97.86,0
CA135087N670,"1,117855494,1330,184",2026-01-19 07:44,97.78,97.78,97.78,97.78,0
CA135087N670,"1,117855494,1330,184",2026-01-19 08:44,97.78,97.78,97.78,97.78,0
CA135087N670,"1,117855494,1330,184",2026-01-19 10:44,97.78,97.78,97.78,97.78,0
CA135087N670,"1,117855494,1330,184",2026-01-19 12:44,97.8,97.8,97.8,97.8,0
CA135087N670,"1,117855494,1330,184",2026-01-19 14:44,97.8,97.8,97.8,97.8,0
CA135087N670,"1,117855494,1330,184",2026-01-19 16:44,97.8,97.8,97.8,97.8,0
CA135087N670,"1,117855494,1330,184",2026-01-19 18:44,97.8,97.8,97.8,97.8,0
CA135087N670,"1,117855494,1330,184",2026-01-19 20:44,97.8,97.8,97.8,97.8,0
CA135087N670,"1,117855494,1330,184",2026-01-19 22:44,97.8,97.8,97.8,97.8,0
CA135087S471,"1,138913105,1330,184",2026-01-05 06:44,99.263,0.0,0.0,0.0,0
CA135087S471,"1,138913105,1330,184",2026-01-05 07:44,99.263,99.263,99.263,99.263,0
CA135087S471,"1,138913105,1330,184",2026-01-05 08:44,99.263,99.263,99.263,99.263,0
CA135087S471,"1,138913105,1330,184",2026-01-05 10:44,99.27,99.27,99.27,99.27,0
CA135087S471,"1,138913105,1330,184",2026-01-05 12:44,99.29,99.29,99.29,99.29,0
CA135087S471,"1,138913105,1330,184",2026-01-05 14:44,99.37,99.37,99.37,99.37,0
CA135087S471,"1,138913105,1330,184",2026-01-05 16:44,99.4,99.4,99.4,99.4,0
CA135087S471,"1,138913105,1330,184",2026-01-05 18:44,99.483,99.483,99.483,99.483,0
CA135087S471,"1,138913105,1330,184",2026-01-05 20:44,99.493,99.493,99.493,99.493,0
CA135087S471,"1,138913105,1330,184",2026-01-05 22:44,99.493,99.493,99.493,99.493,0
CA135087S471,"1,138913105,1330,184",2026-01-06 07:44,99.473,99.473,99.473,99.473,0
CA135087S471,"1,138913105,1330,184",2026-01-06 08:44,99.473,99.473,99.473,99.473,0
CA135087S471,"1,138913105,1330,184",2026-01-06 10:44,99.48,99.48,99.48,99.48,0
CA135087S471,"1,138913105,1330,184",2026-01-06 12:44,99.48,99.48,99.48,99.48,0
CA135087S471,"1,138913105,1330,184",2026-01-06 14:44,99.45,99.45,99.45,99.45,0
CA135087S471,"1,138913105,1330,184",2026-01-06 16:44,99.39,99.39,99.39,99.39,0
CA135087S471,"1,138913105,1330,184",2026-01-06 18:44,99.39,99.39,99.39,99.39,0
CA135087S471,"1,138913105,1330,184",2026-01-06 20:44,99.39,99.39,99.39,99.39,0
CA135087S471,"1,138913105,1330,184",2026-01-06 22:44,99.423,99.423,99.423,99.423,0
CA135087S471,"1,138913105,1330,184",2026-01-07 07:44,99.413,99.413,99.413,99.413,0
CA135087S471,"1,138913105,1330,184",2026-01-07 08:44,99.413,99.413,99.413,99.413,0
CA135087S471,"1,138913105,1330,184",2026-01-07 10:44,99.42,99.42,99.42,99.42,0
CA135087S471,"1,138913105,1330,184",2026-01-07 12:44,99.45,99.45,99.45,99.45,0
CA135087S471,"1,138913105,1330,184",2026-01-07 14:44,99.58,99.58,99.58,99.58,0
CA135087S471,"1,138913105,1330,184",2026-01-07 16:44,99.56,99.56,99.56,99.56,0
CA135087S471,"1,138913105,1330,184",2026-01-07 18:44,99.573,99.573,99.573,99.573,0
CA135087S471,"1,138913105,1330,184",2026-01-07 20:44,99.573,99.573,99.573,99.573,0
CA135087S471,"1,138913105,1330,184",2026-01-07 22:44,99.563,99.563,99.563,99.563,0
CA135087S471,"1,138913105,1330,184",2026-01-08 07:44,99.525,99.525,99.525,99.525,0
CA135087S471,"1,138913105,1330,184",2026-01-08 08:44,99.525,99.525,99.525,99.525,0
CA135087S471,"1,138913105,1330,184",2026-01-08 10:44,99.53,99.53,99.53,99.53,0
CA135087S471,"1,138913105,1330,184",2026-01-08 12:44,99.53,99.53,99.53,99.53,0
CA135087S471,"1,138913105,1330,184",2026-01-08 14:44,99.48,99.48,99.48,99.48,0
CA135087S471,"1,138913105,1330,184",2026-01-08 16:44,99.48,99.48,99.48,99.48,0
CA135087S471,"1,138913105,1330,184",2026-01-08 18:44,99.493,99.493,99.493,99.493,0
CA135087S471,"1,138913105,1330,184",2026-01-08 20:44,99.493,99.493,99.493,99.493,0
CA135087S471,"1,138913105,1330,184",2026-01-08 22:44,99.498,99.498,99.498,99.498,0
CA135087S471,"1,138913105,1330,184",2026-01-09 07:44,99.505,99.505,99.505,99.505,0
CA135087S471,"1,138913105,1330,184",2026-01-09 08:44,99.505,99.505,99.505,99.505,0
CA135087S471,"1,138913105,1330,184",2026-01-09 10:44,99.51,99.51,99.51,99.51,0
CA135087S471,"1,138913105,1330,184",2026-01-09 12:44,99.51,99.51,99.51,99.51,0
CA135087S471,"1,138913105,1330,184",2026-01-09 14:44,99.51,99.51,99.51,99.51,0
CA135087S471,"1,138913105,1330,184",2026-01-09 16:44,99.54,99.54,99.54,99.54,0
CA135087S471,"1,138913105,1330,184",2026-01-09 17:14,99.58,99.57,99.58,99.57,10000
CA135087S471,"1,138913105,1330,184",2026-01-09 18:44,99.58,99.58,99.58,99.58,0
CA135087S471,"1,138913105,1330,184",2026-01-09 20:44,99.58,99.58,99.58,99.58,0
CA135087S471,"1,138913105,1330,184",2026-01-09 22:44,99.58,99.58,99.58,99.58,0
CA135087S471,"1,138913105,1330,184",2026-01-12 07:44,99.555,99.555,99.555,99.555,0
CA135087S471,"1,138913105,1330,184",2026-01-12 08:44,99.555,99.555,99.555,99.555,0
CA135087S471,"1,138913105,1330,184",2026-01-12 10:44,99.56,99.56,99.56,99.56,0
CA135087S471,"1,138913105,1330,184",2026-01-12 12:44,99.56,99.56,99.56,99.56,0
CA135087S471,"1,138913105,1330,184",2026-01-12 14:44,99.54,99.54,99.54,99.54,0
CA135087S471,"1,138913105,1330,184",2026-01-12 16:44,99.53,99.53,99.53,99.53,0
CA135087S471,"1,138913105,1330,184",2026-01-12 18:44,99.53,99.53,99.53,99.53,0
CA135087S471,"1,138913105,1330,184",2026-01-12 20:44,99.528,99.528,99.528,99.528,0
CA135087S471,"1,138913105,1330,184",2026-01-12 22:44,99.528,99.528,99.528,99.528,0
CA135087S471,"1,138913105,1330,184",2026-01-13 07:44,99.503,99.503,99.503,99.503,0
CA135087S471,"1,138913105,1330,184",2026-01-13 08:44,99.503,99.503,99.503,99.503,0
CA135087S471,"1,138913105,1330,184",2026-01-13 10:44,99.51,99.51,99.51,99.51,0
CA135087S471,"1,138913105,1330,184",2026-01-13 12:44,99.51,99.51,99.51,99.51,0
CA135087S471,"1,138913105,1330,184",2026-01-13 14:44,99.51,99.51,99.51,99.51,0
CA135087S471,"1,138913105,1330,184",2026-01-13 16:44,99.49,99.49,99.49,99.49,0
CA135087S471,"1,138913105,1330,184",2026-01-13 18:44,99.49,99.49,99.49,99.49,0
CA135087S471,"1,138913105,1330,184",2026-01-13 20:44,99.498,99.498,99.498,99.498,0
CA135087S471,"1,138913105,1330,184",2026-01-13 22:44,99.503,99.503,99.503,99.503,0
CA135087S471,"1,138913105,1330,184",2026-01-14 07:44,99.503,99.503,99.503,99.503,0
CA135087S471,"1,138913105,1330,184",2026-01-14 08:44,99.503,99.503,99.503,99.503,0
CA135087S471,"1,138913105,1330,184",2026-01-14 10:44,99.51,99.51,99.51,99.51,0
CA135087S471,"1,138913105,1330,184",2026-01-14 12:44,99.515,99.515,99.515,99.515,0
CA135087S471,"1,138913105,1330,184",2026-01-14 14:44,99.55,99.55,99.55,99.55,0
CA135087S471,"1,138913105,1330,184",2026-01-14 16:44,99.6,99.6,99.6,99.6,0
CA135087S471,"1,138913105,1330,184",2026-01-14 18:44,99.658,99.658,99.658,99.658,0
CA135087S471,"1,138913105,1330,184",2026-01-14 20:44,99.658,99.658,99.658,99.658,0
CA135087S471,"1,138913105,1330,184",2026-01-14 22:44,99.658,99.658,99.658,99.658,0
CA135087S471,"1,138913105,1330,184",2026-01-15 07:44,99.653,99.653,99.653,99.653,0
CA135087S471,"1,138913105,1330,184",2026-01-15 08:44,99.653,99.653,99.653,99.653,0
CA135087S471,"1,138913105,1330,184",2026-01-15 10:44,99.66,99.66,99.66,99.66,0
CA135087S471,"1,138913105,1330,184",2026-01-15 12:44,99.66,99.66,99.66,99.66,0
CA135087S471,"1,138913105,1330,184",2026-01-15 14:44,99.64,99.64,99.64,99.64,0
CA135087S471,"1,138913105,1330,184",2026-01-15 16:44,99.64,99.64,99.64,99.64,0
CA135087S471,"1,138913105,1330,184",2026-01-15 18:44,99.653,99.653,99.653,99.653,0
CA135087S471,"1,138913105,1330,184",2026-01-15 20:44,99.663,99.663,99.663,99.663,0
CA135087S471,"1,138913105,1330,184",2026-01-15 22:44,99.663,99.663,99.663,99.663,0
CA135087S471,"1,138913105,1330,184",2026-01-16 07:44,99.653,99.653,99.653,99.653,0
CA135087S471,"1,138913105,1330,184",2026-01-16 08:44,99.653,99.653,99.653,99.653,0
CA135087S471,"1,138913105,1330,184",2026-01-16 10:44,99.66,99.66,99.66,99.66,0
CA135087S471,"1,138913105,1330,184",2026-01-16 12:44,99.66,99.66,99.66,99.66,0
CA135087S471,"1,138913105,1330,184",2026-01-16 14:44,99.64,99.64,99.64,99.64,0
CA135087S471,"1,138913105,1330,184",2026-01-16 16:44,99.67,99.67,99.67,99.67,0
CA135087S471,"1,138913105,1330,184",2026-01-16 18:44,99.67,99.67,99.67,99.67,0
CA135087S471,"1,138913105,1330,184",2026-01-16 20:44,99.618,99.618,99.618,99.618,0
CA135087S471,"1,138913105,1330,184",2026-01-16 22:44,99.613,99.613,99.613,99.613,0
CA135087S471,"1,138913105,1330,184",2026-01-19 07:44,99.573,99.573,99.573,99.573,0
CA135087S471,"1,138913105,1330,184",2026-01-19 08:44,99.573,99.573,99.573,99.573,0
CA135087S471,"1,138913105,1330,184",2026-01-19 10:44,99.58,99.58,99.58,99.58,0
CA135087S471,"1,138913105,1330,184",2026-01-19 12:44,99.58,99.58,99.58,99.58,0
CA135087S471,"1,138913105,1330,184",2026-01-19 14:44,99.58,99.58,99.58,99.58,0
CA135087S471,"1,138913105,1330,184",2026-01-19 16:44,99.58,99.58,99.58,99.58,0
CA135087S471,"1,138913105,1330,184",2026-01-19 18:44,99.58,99.58,99.58,99.58,0
CA135087S471,"1,138913105,1330,184",2026-01-19 20:44,99.58,99.58,99.58,99.58,0
CA135087S471,"1,138913105,1330,184",2026-01-19 22:44,99.583,99.583,99.583,99.583,0
CA135087T388,"1,144389623,1330,184",2026-01-05 06:44,98.91,0.0,0.0,0.0,0
CA135087T388,"1,144389623,1330,184",2026-01-05 07:44,98.91,98.91,98.91,98.91,0
CA135087T388,"1,144389623,1330,184",2026-01-05 08:44,98.91,98.91,98.91,98.91,0
CA135087T388,"1,144389623,1330,184",2026-01-05 10:44,98.92,98.92,98.92,98.92,0
CA135087T388,"1,144389623,1330,184",2026-01-05 10:59,98.95,98.95,98.95,98.95,8000
CA135087T388,"1,144389623,1330,184",2026-01-05 12:44,98.95,98.95,98.95,98.95,0
CA135087T388,"1,144389623,1330,184",2026-01-05 14:44,99.03,99.03,99.03,99.03,0
CA135087T388,"1,144389623,1330,184",2026-01-05 16:44,99.06,99.06,99.06,99.06,0
CA135087T388,"1,144389623,1330,184",2026-01-05 18:44,99.145,99.145,99.145,99.145,0
CA135087T388,"1,144389623,1330,184",2026-01-05 20:44,99.165,99.165,99.165,99.165,0
CA135087T388,"1,144389623,1330,184",2026-01-05 22:44,99.165,99.165,99.165,99.165,0
CA135087T388,"1,144389623,1330,184",2026-01-06 07:44,99.153,99.153,99.153,99.153,0
CA135087T388,"1,144389623,1330,184",2026-01-06 08:44,99.153,99.153,99.153,99.153,0
CA135087T388,"1,144389623,1330,184",2026-01-06 10:44,99.16,99.16,99.16,99.16,0
CA135087T388,"1,144389623,1330,184",2026-01-06 12:44,99.16,99.16,99.16,99.16,0
CA135087T388,"1,144389623,1330,184",2026-01-06 14:44,99.12,99.12,99.12,99.12,0
CA135087T388,"1,144389623,1330,184",2026-01-06 16:44,99.06,99.06,99.06,99.06,0
CA135087T388,"1,144389623,1330,184",2026-01-06 18:44,99.06,99.06,99.06,99.06,0
CA135087T388,"1,144389623,1330,184",2026-01-06 20:44,99.06,99.06,99.06,99.06,0
CA135087T388,"1,144389623,1330,184",2026-01-06 22:44,99.085,99.085,99.085,99.085,0
CA135087T388,"1,144389623,1330,184",2026-01-07 07:44,99.085,99.085,99.085,99.085,0
CA135087T388,"1,144389623,1330,184",2026-01-07 08:44,99.085,99.085,99.085,99.085,0
CA135087T388,"1,144389623,1330,184",2026-01-07 10:44,99.09,99.09,99.09,99.09,0
CA135087T388,"1,144389623,1330,184",2026-01-07 12:44,99.12,99.12,99.12,99.12,0
CA135087T388,"1,144389623,1330,184",2026-01-07 14:44,99.27,99.27,99.27,99.27,0
CA135087T388,"1,144389623,1330,184",2026-01-07 16:44,99.24,99.24,99.24,99.24,0
CA135087T388,"1,144389623,1330,184",2026-01-07 18:44,99.245,99.245,99.245,99.245,0
CA135087T388,"1,144389623,1330,184",2026-01-07 20:44,99.245,99.245,99.245,99.245,0
CA135087T388,"1,144389623,1330,184",2026-01-07 22:44,99.245,99.245,99.245,99.245,0
CA135087T388,"1,144389623,1330,184",2026-01-08 07:44,99.203,99.203,99.203,99.203,0
CA135087T388,"1,144389623,1330,184",2026-01-08 08:44,99.203,99.203,99.203,99.203,0
CA135087T388,"1,144389623,1330,184",2026-01-08 10:44,99.21,99.21,99.21,99.21,0
CA135087T388,"1,144389623,1330,184",2026-01-08 12:44,99.21,99.21,99.21,99.21,0
CA135087T388,"1,144389623,1330,184",2026-01-08 14:44,99.15,99.15,99.15,99.15,0
CA135087T388,"1,144389623,1330,184",2026-01-08 16:44,99.15,99.15,99.15,99.15,0
CA135087T388,"1,144389623,1330,184",2026-01-08 18:44,99.165,99.165,99.165,99.165,0
CA135087T388,"1,144389623,1330,184",2026-01-08 20:44,99.165,99.165,99.165,99.165,0
CA135087T388,"1,144389623,1330,184",2026-01-08 22:44,99.17,99.17,99.17,99.17,0
CA135087T388,"1,144389623,1330,184",2026-01-09 07:44,99.183,99.183,99.183,99.183,0
CA135087T388,"1,144389623,1330,184",2026-01-09 08:44,99.183,99.183,99.183,99.183,0
CA135087T388,"1,144389623,1330,184",2026-01-09 10:44,99.19,99.19,99.19,99.19,0
CA135087T388,"1,144389623,1330,184",2026-01-09 12:44,99.19,99.19,99.19,99.19,0
CA135087T388,"1,144389623,1330,184",2026-01-09 14:44,99.2,99.2,99.2,99.2,0
CA135087T388,"1,144389623,1330,184",2026-01-09 16:44,99.23,99.23,99.23,99.23,0
CA135087T388,"1,144389623,1330,184",2026-01-09 18:44,99.255,99.255,99.255,99.255,0
CA135087T388,"1,144389623,1330,184",2026-01-09 20:44,99.255,99.255,99.255,99.255,0
CA135087T388,"1,144389623,1330,184",2026-01-09 22:44,99.255,99.255,99.255,99.255,0
CA135087T388,"1,144389623,1330,184",2026-01-12 07:44,99.233,99.233,99.233,99.233,0
CA135087T388,"1,144389623,1330,184",2026-01-12 08:44,99.233,99.233,99.233,99.233,0
CA135087T388,"1,144389623,1330,184",2026-01-12 10:44,99.24,99.24,99.24,99.24,0
CA135087T388,"1,144389623,1330,184",2026-01-12 12:44,99.24,99.24,99.24,99.24,0
CA135087T388,"1,144389623,1330,184",2026-01-12 14:44,99.23,99.23,99.23,99.23,0
CA135087T388,"1,144389623,1330,184",2026-01-12 16:44,99.21,99.21,99.21,99.21,0
CA135087T388,"1,144389623,1330,184",2026-01-12 18:44,99.21,99.21,99.21,99.21,0
CA135087T388,"1,144389623,1330,184",2026-01-12 20:44,99.21,99.21,99.21,99.21,0
CA135087T388,"1,144389623,1330,184",2026-01-12 22:44,99.21,99.21,99.21,99.21,0
CA135087T388,"1,144389623,1330,184",2026-01-13 07:44,99.195,99.195,99.195,99.195,0
CA135087T388,"1,144389623,1330,184",2026-01-13 08:44,99.195,99.195,99.195,99.195,0
CA135087T388,"1,144389623,1330,184",2026-01-13 10:44,99.2,99.2,99.2,99.2,0
CA135087T388,"1,144389623,1330,184",2026-01-13 12:44,99.2,99.2,99.2,99.2,0
CA135087T388,"1,144389623,1330,184",2026-01-13 14:44,99.2,99.2,99.2,99.2,0
CA135087T388,"1,144389623,1330,184",2026-01-13 16:44,99.18,99.18,99.18,99.18,0
CA135087T388,"1,144389623,1330,184",2026-01-13 18:44,99.18,99.18,99.18,99.18,0
CA135087T388,"1,144389623,1330,184",2026-01-13 20:44,99.18,99.18,99.18,99.18,0
CA135087T388,"1,144389623,1330,184",2026-01-13 22:44,99.185,99.185,99.185,99.185,0
CA135087T388,"1,144389623,1330,184",2026-01-14 07:44,99.195,99.195,99.195,99.195,0
CA135087T388,"1,144389623,1330,184",2026-01-14 08:44,99.195,99.195,99.195,99.195,0
CA135087T388,"1,144389623,1330,184",2026-01-14 10:44,99.2,99.2,99.2,99.2,0
CA135087T388,"1,144389623,1330,184",2026-01-14 12:44,99.21,99.21,99.21,99.21,0
CA135087T388,"1,144389623,1330,184",2026-01-14 14:44,99.24,99.24,99.24,99.24,0
CA135087T388,"1,144389623,1330,184",2026-01-14 16:44,99.3,99.3,99.3,99.3,0
CA135087T388,"1,144389623,1330,184",2026-01-14 18:44,99.355,99.355,99.355,99.355,0
CA135087T388,"1,144389623,1330,184",2026-01-14 20:44,99.355,99.355,99.355,99.355,0
CA135087T388,"1,144389623,1330,184",2026-01-14 22:44,99.355,99.355,99.355,99.355,0
CA135087T388,"1,144389623,1330,184",2026-01-15 07:44,99.363,99.363,99.363,99.363,0
CA135087T388,"1,144389623,1330,184",2026-01-15 08:44,99.363,99.363,99.363,99.363,0
CA135087T388,"1,144389623,1330,184",2026-01-15 10:44,99.37,99.37,99.37,99.37,0
CA135087T388,"1,144389623,1330,184",2026-01-15 12:44,99.37,99.37,99.37,99.37,0
CA135087T388,"1,144389623,1330,184",2026-01-15 14:44,99.33,99.33,99.33,99.33,0
CA135087T388,"1,144389623,1330,184",2026-01-15 16:44,99.33,99.33,99.33,99.33,0
CA135087T388,"1,144389623,1330,184",2026-01-15 20:44,99.365,99.365,99.365,99.365,0
CA135087T388,"1,144389623,1330,184",2026-01-15 22:44,99.365,99.365,99.365,99.365,0
CA135087T388,"1,144389623,1330,184",2026-01-16 07:44,99.365,99.365,99.365,99.365,0
CA135087T388,"1,144389623,1330,184",2026-01-16 08:44,99.365,99.365,99.365,99.365,0
CA135087T388,"1,144389623,1330,184",2026-01-16 10:44,99.37,99.37,99.37,99.37,0
CA135087T388,"1,144389623,1330,184",2026-01-16 12:44,99.37,99.37,99.37,99.37,0
CA135087T388,"1,144389623,1330,184",2026-01-16 14:44,99.34,99.34,99.34,99.34,0
CA135087T388,"1,144389623,1330,184",2026-01-16 16:44,99.38,99.38,99.38,99.38,0
CA135087T388,"1,144389623,1330,184",2026-01-16 18:44,99.38,99.38,99.38,99.38,0
CA135087T388,"1,144389623,1330,184",2026-01-16 20:44,99.315,99.315,99.315,99.315,0
CA135087T388,"1,144389623,1330,184",2026-01-16 22:44,99.315,99.315,99.315,99.315,0
CA135087T388,"1,144389623,1330,184",2026-01-19 07:44,99.273,99.273,99.273,99.273,0
CA135087T388,"1,144389623,1330,184",2026-01-19 08:44,99.273,99.273,99.273,99.273,0
CA135087T388,"1,144389623,1330,184",2026-01-19 10:44,99.28,99.28,99.28,99.28,0
CA135087T388,"1,144389623,1330,184",2026-01-19 12:44,99.28,99.28,99.28,99.28,0
CA135087T388,"1,144389623,1330,184",2026-01-19 14:44,99.28,99.28,99.28,99.28,0
CA135087T388,"1,144389623,1330,184",2026-01-19 16:44,99.28,99.28,99.28,99.28,0
CA135087T388,"1,144389623,1330,184",2026-01-19 18:44,99.28,99.28,99.28,99.28,0
CA135087T388,"1,144389623,1330,184",2026-01-19 20:44,99.28,99.28,99.28,99.28,0
CA135087T388,"1,144389623,1330,184",2026-01-19 22:44,99.28,99.28,99.28,99.28,0
CA135087L443,"1,57501684,1330,184",2026-01-05 06:44,88.54,0.0,0.0,0.0,0
CA135087L443,"1,57501684,1330,184",2026-01-05 07:44,88.54,88.54,88.54,88.54,0
CA135087L443,"1,57501684,1330,184",2026-01-05 08:44,88.54,88.54,88.54,88.54,0
CA135087L443,"1,57501684,1330,184",2026-01-05 10:44,88.54,88.54,88.54,88.54,0
CA135087L443,"1,57501684,1330,184",2026-01-05 12:44,88.63,88.63,88.63,88.63,0
CA135087L443,"1,57501684,1330,184",2026-01-05 14:44,88.63,88.63,88.63,88.63,0
CA135087L443,"1,57501684,1330,184",2026-01-05 16:44,88.64,88.64,88.64,88.64,0
CA135087L443,"1,57501684,1330,184",2026-01-05 18:44,88.64,88.64,88.64,88.64,0
CA135087L443,"1,57501684,1330,184",2026-01-05 20:44,88.64,88.64,88.64,88.64,0
CA135087L443,"1,57501684,1330,184",2026-01-05 22:44,88.64,88.64,88.64,88.64,0
CA135087L443,"1,57501684,1330,184",2026-01-06 07:44,88.77,88.77,88.77,88.77,0
CA135087L443,"1,57501684,1330,184",2026-01-06 08:44,88.77,88.77,88.77,88.77,0
CA135087L443,"1,57501684,1330,184",2026-01-06 10:44,88.77,88.77,88.77,88.77,0
CA135087L443,"1,57501684,1330,184",2026-01-06 12:44,88.77,88.77,88.77,88.77,0
CA135087L443,"1,57501684,1330,184",2026-01-06 14:44,88.77,88.77,88.77,88.77,0
CA135087L443,"1,57501684,1330,184",2026-01-06 16:44,88.77,88.77,88.77,88.77,0
CA135087L443,"1,57501684,1330,184",2026-01-06 18:44,88.77,88.77,88.77,88.77,0
CA135087L443,"1,57501684,1330,184",2026-01-06 20:44,88.77,88.77,88.77,88.77,0
CA135087L443,"1,57501684,1330,184",2026-01-06 22:44,88.77,88.77,88.77,88.77,0
CA135087L443,"1,57501684,1330,184",2026-01-07 07:44,88.71,88.71,88.71,88.71,0
CA135087L443,"1,57501684,1330,184",2026-01-07 08:44,88.71,88.71,88.71,88.71,0
CA135087L443,"1,57501684,1330,184",2026-01-07 10:44,88.71,88.71,88.71,88.71,0
CA135087L443,"1,57501684,1330,184",2026-01-07 12:44,88.83,88.83,88.83,88.83,0
CA135087L443,"1,57501684,1330,184",2026-01-07 14:44,88.845,88.845,88.845,88.845,0
CA135087L443,"1,57501684,1330,184",2026-01-07 16:44,88.845,88.845,88.845,88.845,0
CA135087L443,"1,57501684,1330,184",2026-01-07 18:44,88.845,88.845,88.845,88.845,0
CA135087L443,"1,57501684,1330,184",2026-01-07 20:44,88.845,88.845,88.845,88.845,0
CA135087L443,"1,57501684,1330,184",2026-01-07 22:44,88.845,88.845,88.845,88.845,0
CA135087L443,"1,57501684,1330,184",2026-01-08 07:44,88.81,88.81,88.81,88.81,0
CA135087L443,"1,57501684,1330,184",2026-01-08 08:44,88.81,88.81,88.81,88.81,0
CA135087L443,"1,57501684,1330,184",2026-01-08 10:44,88.81,88.81,88.81,88.81,0
CA135087L443,"1,57501684,1330,184",2026-01-08 12:44,88.82,88.82,88.82,88.82,0
CA135087L443,"1,57501684,1330,184",2026-01-08 14:44,88.82,88.82,88.82,88.82,0
CA135087L443,"1,57501684,1330,184",2026-01-08 16:44,88.82,88.82,88.82,88.82,0
CA135087L443,"1,57501684,1330,184",2026-01-08 18:44,88.82,88.82,88.82,88.82,0
CA135087L443,"1,57501684,1330,184",2026-01-08 20:44,88.82,88.82,88.82,88.82,0
CA135087L443,"1,57501684,1330,184",2026-01-08 22:44,88.82,88.82,88.82,88.82,0
CA135087L443,"1,57501684,1330,184",2026-01-09 07:44,88.81,88.81,88.81,88.81,0
CA135087L443,"1,57501684,1330,184",2026-01-09 08:44,88.81,88.81,88.81,88.81,0
CA135087L443,"1,57501684,1330,184",2026-01-09 10:44,88.81,88.81,88.81,88.81,0
CA135087L443,"1,57501684,1330,184",2026-01-09 12:44,88.81,88.81,88.81,88.81,0
CA135087L443,"1,57501684,1330,184",2026-01-09 14:44,88.81,88.81,88.81,88.81,0
CA135087L443,"1,57501684,1330,184",2026-01-09 16:44,88.83,88.83,88.83,88.83,0
CA135087L443,"1,57501684,1330,184",2026-01-09 18:44,88.83,88.83,88.83,88.83,0
CA135087L443,"1,57501684,1330,184",2026-01-09 20:44,88.83,88.83,88.83,88.83,0
CA135087L443,"1,57501684,1330,184",2026-01-09 22:44,88.83,88.83,88.83,88.83,0
CA135087L443,"1,57501684,1330,184",2026-01-12 07:44,88.9,88.9,88.9,88.9,0
CA135087L443,"1,57501684,1330,184",2026-01-12 08:44,88.9,88.9,88.9,88.9,0
CA135087L443,"1,57501684,1330,184",2026-01-12 10:44,88.9,88.9,88.9,88.9,0
CA135087L443,"1,57501684,1330,184",2026-01-12 12:44,88.9,88.9,88.9,88.9,0
CA135087L443,"1,57501684,1330,184",2026-01-12 14:44,88.9,88.9,88.9,88.9,0
CA135087L443,"1,57501684,1330,184",2026-01-12 16:44,88.9,88.9,88.9,88.9,0
CA135087L443,"1,57501684,1330,184",2026-01-12 18:44,88.9,88.9,88.9,88.9,0
CA135087L443,"1,57501684,1330,184",2026-01-12 20:44,88.9,88.9,88.9,88.9,0
CA135087L443,"1,57501684,1330,184",2026-01-12 22:44,88.9,88.9,88.9,88.9,0
CA135087L443,"1,57501684,1330,184",2026-01-13 07:44,88.86,88.86,88.86,88.86,0
CA135087L443,"1,57501684,1330,184",2026-01-13 08:44,88.86,88.86,88.86,88.86,0
CA135087L443,"1,57501684,1330,184",2026-01-13 10:44,88.86,88.86,88.86,88.86,0
CA135087L443,"1,57501684,1330,184",2026-01-13 12:44,88.86,88.86,88.86,88.86,0
CA135087L443,"1,57501684,1330,184",2026-01-13 14:44,88.86,88.86,88.86,88.86,0
CA135087L443,"1,57501684,1330,184",2026-01-13 18:44,88.86,88.86,88.86,88.86,0
CA135087L443,"1,57501684,1330,184",2026-01-13 20:44,88.86,88.86,88.86,88.86,0
CA135087L443,"1,57501684,1330,184",2026-01-13 22:44,88.86,88.86,88.86,88.86,0
CA135087L443,"1,57501684,1330,184",2026-01-14 07:44,88.85,88.85,88.85,88.85,0
CA135087L443,"1,57501684,1330,184",2026-01-14 08:44,88.85,88.85,88.85,88.85,0
CA135087L443,"1,57501684,1330,184",2026-01-14 10:44,88.85,88.85,88.85,88.85,0
CA135087L443,"1,57501684,1330,184",2026-01-14 12:44,88.94,88.94,88.94,88.94,0
CA135087L443,"1,57501684,1330,184",2026-01-14 14:44,88.94,88.94,88.94,88.94,0
CA135087L443,"1,57501684,1330,184",2026-01-14 16:44,88.94,88.94,88.94,88.94,0
CA135087L443,"1,57501684,1330,184",2026-01-14 18:44,88.94,88.94,88.94,88.94,0
CA135087L443,"1,57501684,1330,184",2026-01-14 20:44,88.94,88.94,88.94,88.94,0
CA135087L443,"1,57501684,1330,184",2026-01-14 22:44,88.94,88.94,88.94,88.94,0
CA135087L443,"1,57501684,1330,184",2026-01-15 07:44,89.05,89.05,89.05,89.05,0
CA135087L443,"1,57501684,1330,184",2026-01-15 08:44,89.05,89.05,89.05,89.05,0
CA135087L443,"1,57501684,1330,184",2026-01-15 10:44,89.05,89.05,89.05,89.05,0
CA135087L443,"1,57501684,1330,184",2026-01-15 12:44,89.05,89.05,89.05,89.05,0
CA135087L443,"1,57501684,1330,184",2026-01-15 14:44,89.05,89.05,89.05,89.05,0
CA135087L443,"1,57501684,1330,184",2026-01-15 16:44,89.05,89.05,89.05,89.05,0
CA135087L443,"1,57501684,1330,184",2026-01-15 18:44,89.05,89.05,89.05,89.05,0
CA135087L443,"1,57501684,1330,184",2026-01-15 20:44,89.05,89.05,89.05,89.05,0
CA135087L443,"1,57501684,1330,184",2026-01-15 22:44,89.05,89.05,89.05,89.05,0
CA135087L443,"1,57501684,1330,184",2026-01-16 07:44,89.05,89.05,89.05,89.05,0
CA135087L443,"1,57501684,1330,184",2026-01-16 08:44,89.05,89.05,89.05,89.05,0
CA135087L443,"1,57501684,1330,184",2026-01-16 10:44,89.05,89.05,89.05,89.05,0
CA135087L443,"1,57501684,1330,184",2026-01-16 12:44,89.06,89.06,89.06,89.06,0
CA135087L443,"1,57501684,1330,184",2026-01-16 14:44,89.06,89.06,89.06,89.06,0
CA135087L443,"1,57501684,1330,184",2026-01-16 16:44,89.06,89.06,89.06,89.06,0
CA135087L443,"1,57501684,1330,184",2026-01-16 18:44,89.06,89.06,89.06,89.06,0
CA135087L443,"1,57501684,1330,184",2026-01-16 20:44,89.06,89.06,89.06,89.06,0
CA135087L443,"1,57501684,1330,184",2026-01-16 22:44,89.06,89.06,89.06,89.06,0
CA135087L443,"1,57501684,1330,184",2026-01-19 07:44,88.96,88.96,88.96,88.96,0
CA135087L443,"1,57501684,1330,184",2026-01-19 08:44,88.96,88.96,88.96,88.96,0
CA135087L443,"1,57501684,1330,184",2026-01-19 10:44,88.96,88.96,88.96,88.96,0
CA135087L443,"1,57501684,1330,184",2026-01-19 12:44,88.96,88.96,88.96,88.96,0
CA135087L443,"1,57501684,1330,184",2026-01-19 14:44,88.96,88.96,88.96,88.96,0
CA135087L443,"1,57501684,1330,184",2026-01-19 16:44,88.96,88.96,88.96,88.96,0
CA135087L443,"1,57501684,1330,184",2026-01-19 18:44,88.96,88.96,88.96,88.96,0
CA135087L443,"1,57501684,1330,184",2026-01-19 20:44,88.96,88.96,88.96,88.96,0
CA135087L443,"1,57501684,1330,184",2026-01-19 22:44,88.96,88.96,88.96,88.96,0
CA135087T792,"1,149759344,1330,184",2026-01-05 06:44,98.53,0.0,0.0,0.0,0
CA135087T792,"1,149759344,1330,184",2026-01-05 07:44,98.53,98.53,98.53,98.53,0
CA135087T792,"1,149759344,1330,184",2026-01-05 08:44,98.53,98.53,98.53,98.53,0
CA135087T792,"1,149759344,1330,184",2026-01-05 10:44,98.54,98.54,98.54,98.54,0
CA135087T792,"1,149759344,1330,184",2026-01-05 12:44,98.565,98.565,98.565,98.565,0
CA135087T792,"1,149759344,1330,184",2026-01-05 14:44,98.66,98.66,98.66,98.66,0
CA135087T792,"1,149759344,1330,184",2026-01-05 16:44,98.69,98.69,98.69,98.69,0
CA135087T792,"1,149759344,1330,184",2026-01-05 18:44,98.793,98.793,98.793,98.793,0
CA135087T792,"1,149759344,1330,184",2026-01-05 20:44,98.813,98.813,98.813,98.813,0
CA135087T792,"1,149759344,1330,184",2026-01-05 22:44,98.813,98.813,98.813,98.813,0
CA135087T792,"1,149759344,1330,184",2026-01-06 07:44,98.793,98.793,98.793,98.793,0
CA135087T792,"1,149759344,1330,184",2026-01-06 08:44,98.793,98.793,98.793,98.793,0
CA135087T792,"1,149759344,1330,184",2026-01-06 10:44,98.8,98.8,98.8,98.8,0
CA135087T792,"1,149759344,1330,184",2026-01-06 12:44,98.8,98.8,98.8,98.8,0
CA135087T792,"1,149759344,1330,184",2026-01-06 14:44,98.75,98.75,98.75,98.75,0
CA135087T792,"1,149759344,1330,184",2026-01-06 16:44,98.69,98.69,98.69,98.69,0
CA135087T792,"1,149759344,1330,184",2026-01-06 18:44,98.69,98.69,98.69,98.69,0
CA135087T792,"1,149759344,1330,184",2026-01-06 20:44,98.69,98.69,98.69,98.69,0
CA135087T792,"1,149759344,1330,184",2026-01-06 22:44,98.723,98.723,98.723,98.723,0
CA135087T792,"1,149759344,1330,184",2026-01-07 07:44,98.723,98.723,98.723,98.723,0
CA135087T792,"1,149759344,1330,184",2026-01-07 08:44,98.723,98.723,98.723,98.723,0
CA135087T792,"1,149759344,1330,184",2026-01-07 10:44,98.73,98.73,98.73,98.73,0
CA135087T792,"1,149759344,1330,184",2026-01-07 12:44,98.76,98.76,98.76,98.76,0
CA135087T792,"1,149759344,1330,184",2026-01-07 14:44,98.91,98.91,98.91,98.91,0
CA135087T792,"1,149759344,1330,184",2026-01-07 16:44,98.89,98.89,98.89,98.89,0
CA135087T792,"1,149759344,1330,184",2026-01-07 18:44,98.908,98.908,98.908,98.908,0
CA135087T792,"1,149759344,1330,184",2026-01-07 20:44,98.908,98.908,98.908,98.908,0
CA135087T792,"1,149759344,1330,184",2026-01-07 22:44,98.888,98.888,98.888,98.888,0
CA135087T792,"1,149759344,1330,184",2026-01-08 07:44,98.855,98.855,98.855,98.855,0
CA135087T792,"1,149759344,1330,184",2026-01-08 08:44,98.855,98.855,98.855,98.855,0
CA135087T792,"1,149759344,1330,184",2026-01-08 10:44,98.86,98.86,98.86,98.86,0
CA135087T792,"1,149759344,1330,184",2026-01-08 12:44,98.86,98.86,98.86,98.86,0
CA135087T792,"1,149759344,1330,184",2026-01-08 14:44,98.79,98.79,98.79,98.79,0
CA135087T792,"1,149759344,1330,184",2026-01-08 16:44,98.79,98.79,98.79,98.79,0
CA135087T792,"1,149759344,1330,184",2026-01-08 18:44,98.813,98.813,98.813,98.813,0
CA135087T792,"1,149759344,1330,184",2026-01-08 20:44,98.813,98.813,98.813,98.813,0
CA135087T792,"1,149759344,1330,184",2026-01-08 22:44,98.823,98.823,98.823,98.823,0
CA135087T792,"1,149759344,1330,184",2026-01-09 07:44,98.823,98.823,98.823,98.823,0
CA135087T792,"1,149759344,1330,184",2026-01-09 08:44,98.823,98.823,98.823,98.823,0
CA135087T792,"1,149759344,1330,184",2026-01-09 10:44,98.83,98.83,98.83,98.83,0
CA135087T792,"1,149759344,1330,184",2026-01-09 12:44,98.83,98.83,98.83,98.83,0
CA135087T792,"1,149759344,1330,184",2026-01-09 14:44,98.83,98.83,98.83,98.83,0
CA135087T792,"1,149759344,1330,184",2026-01-09 16:44,98.87,98.87,98.87,98.87,0
CA135087T792,"1,149759344,1330,184",2026-01-09 18:44,98.913,98.913,98.913,98.913,0
CA135087T792,"1,149759344,1330,184",2026-01-09 20:44,98.913,98.913,98.913,98.913,0
CA135087T792,"1,149759344,1330,184",2026-01-09 22:44,98.913,98.913,98.913,98.913,0
CA135087T792,"1,149759344,1330,184",2026-01-12 07:44,98.883,98.883,98.883,98.883,0
CA135087T792,"1,149759344,1330,184",2026-01-12 08:44,98.883,98.883,98.883,98.883,0
CA135087T792,"1,149759344,1330,184",2026-01-12 10:44,98.89,98.89,98.89,98.89,0
CA135087T792,"1,149759344,1330,184",2026-01-12 12:44,98.89,98.89,98.89,98.89,0
CA135087T792,"1,149759344,1330,184",2026-01-12 14:44,98.87,98.87,98.87,98.87,0
CA135087T792,"1,149759344,1330,184",2026-01-12 16:44,98.85,98.85,98.85,98.85,0
CA135087T792,"1,149759344,1330,184",2026-01-12 18:44,98.85,98.85,98.85,98.85,0
CA135087T792,"1,149759344,1330,184",2026-01-12 20:44,98.85,98.85,98.85,98.85,0
CA135087T792,"1,149759344,1330,184",2026-01-12 22:44,98.85,98.85,98.85,98.85,0
CA135087T792,"1,149759344,1330,184",2026-01-13 07:44,98.833,98.833,98.833,98.833,0
CA135087T792,"1,149759344,1330,184",2026-01-13 08:44,98.833,98.833,98.833,98.833,0
CA135087T792,"1,149759344,1330,184",2026-01-13 10:44,98.84,98.84,98.84,98.84,0
CA135087T792,"1,149759344,1330,184",2026-01-13 12:44,98.84,98.84,98.84,98.84,0
CA135087T792,"1,149759344,1330,184",2026-01-13 14:44,98.84,98.84,98.84,98.84,0
CA135087T792,"1,149759344,1330,184",2026-01-13 16:44,98.82,98.82,98.82,98.82,0
CA135087T792,"1,149759344,1330,184",2026-01-13 18:44,98.82,98.82,98.82,98.82,0
CA135087T792,"1,149759344,1330,184",2026-01-13 20:44,98.833,98.833,98.833,98.833,0
CA135087T792,"1,149759344,1330,184",2026-01-13 22:44,98.838,98.838,98.838,98.838,0
CA135087T792,"1,149759344,1330,184",2026-01-14 07:44,98.833,98.833,98.833,98.833,0
CA135087T792,"1,149759344,1330,184",2026-01-14 08:44,98.833,98.833,98.833,98.833,0
CA135087T792,"1,149759344,1330,184",2026-01-14 10:44,98.84,98.84,98.84,98.84,0
CA135087T792,"1,149759344,1330,184",2026-01-14 12:44,98.85,98.85,98.85,98.85,0
CA135087T792,"1,149759344,1330,184",2026-01-14 14:44,98.9,98.9,98.9,98.9,0
CA135087T792,"1,149759344,1330,184",2026-01-14 16:44,98.96,98.96,98.96,98.96,0
CA135087T792,"1,149759344,1330,184",2026-01-14 18:44,99.033,99.033,99.033,99.033,0
CA135087T792,"1,149759344,1330,184",2026-01-14 20:44,99.033,99.033,99.033,99.033,0
CA135087T792,"1,149759344,1330,184",2026-01-14 22:44,99.033,99.033,99.033,99.033,0
CA135087T792,"1,149759344,1330,184",2026-01-15 07:44,99.023,99.023,99.023,99.023,0
CA135087T792,"1,149759344,1330,184",2026-01-15 08:44,99.023,99.023,99.023,99.023,0
CA135087T792,"1,149759344,1330,184",2026-01-15 10:44,99.03,99.03,99.03,99.03,0
CA135087T792,"1,149759344,1330,184",2026-01-15 12:44,99.03,99.03,99.03,99.03,0
CA135087T792,"1,149759344,1330,184",2026-01-15 14:44,98.98,98.98,98.98,98.98,0
CA135087T792,"1,149759344,1330,184",2026-01-15 16:44,98.98,98.98,98.98,98.98,0
CA135087T792,"1,149759344,1330,184",2026-01-15 18:44,99.033,99.033,99.033,99.033,0
CA135087T792,"1,149759344,1330,184",2026-01-15 20:44,99.043,99.043,99.043,99.043,0
CA135087T792,"1,149759344,1330,184",2026-01-15 22:44,99.043,99.043,99.043,99.043,0
CA135087T792,"1,149759344,1330,184",2026-01-16 07:44,99.023,99.023,99.023,99.023,0
CA135087T792,"1,149759344,1330,184",2026-01-16 08:44,99.023,99.023,99.023,99.023,0
CA135087T792,"1,149759344,1330,184",2026-01-16 10:44,99.03,99.03,99.03,99.03,0
CA135087T792,"1,149759344,1330,184",2026-01-16 12:44,99.03,99.03,99.03,99.03,0
CA135087T792,"1,149759344,1330,184",2026-01-16 14:44,99.0,99.0,99.0,99.0,0
CA135087T792,"1,149759344,1330,184",2026-01-16 16:44,99.05,99.05,99.05,99.05,0
CA135087T792,"1,149759344,1330,184",2026-01-16 18:44,99.05,99.05,99.05,99.05,0
CA135087T792,"1,149759344,1330,184",2026-01-16 20:44,98.968,98.968,98.968,98.968,0
CA135087T792,"1,149759344,1330,184",2026-01-16 22:44,98.968,98.968,98.968,98.968,0
CA135087T792,"1,149759344,1330,184",2026-01-19 07:44,98.923,98.923,98.923,98.923,0
CA135087T792,"1,149759344,1330,184",2026-01-19 08:44,98.923,98.923,98.923,98.923,0
CA135087T792,"1,149759344,1330,184",2026-01-19 10:44,98.93,98.93,98.93,98.93,0
CA135087T792,"1,149759344,1330,184",2026-01-19 12:44,98.93,98.93,98.93,98.93,0
CA135087T792,"1,149759344,1330,184",2026-01-19 14:44,98.93,98.93,98.93,98.93,0
CA135087T792,"1,149759344,1330,184",2026-01-19 16:44,98.94,98.94,98.94,98.94,0
CA135087T792,"1,149759344,1330,184",2026-01-19 18:44,98.94,98.94,98.94,98.94,0
CA135087T792,"1,149759344,1330,184",2026-01-19 20:44,98.94,98.94,98.94,98.94,0
CA135087T792,"1,149759344,1330,184",2026-01-19 22:44,98.948,98.948,98.948,98.948,0
CA135087M276,"1,111293704,1330,184",2026-01-05 06:44,92.17,0.0,0.0,0.0,0
CA135087M276,"1,111293704,1330,184",2026-01-05 07:44,92.17,92.17,92.17,92.17,0
CA135087M276,"1,111293704,1330,184",2026-01-05 08:44,92.17,92.17,92.17,92.17,0
CA135087M276,"1,111293704,1330,184",2026-01-05 10:44,92.17,92.17,92.17,92.17,0
CA135087M276,"1,111293704,1330,184",2026-01-05 12:44,92.27,92.27,92.27,92.27,0
CA135087M276,"1,111293704,1330,184",2026-01-05 14:44,92.27,92.27,92.27,92.27,0
CA135087M276,"1,111293704,1330,184",2026-01-05 16:44,92.27,92.27,92.27,92.27,0
CA135087M276,"1,111293704,1330,184",2026-01-05 18:44,92.27,92.27,92.27,92.27,0
CA135087M276,"1,111293704,1330,184",2026-01-05 20:44,92.27,92.27,92.27,92.27,0
CA135087M276,"1,111293704,1330,184",2026-01-05 22:44,92.27,92.27,92.27,92.27,0
CA135087M276,"1,111293704,1330,184",2026-01-06 07:44,92.42,92.42,92.42,92.42,0
CA135087M276,"1,111293704,1330,184",2026-01-06 08:44,92.42,92.42,92.42,92.42,0
CA135087M276,"1,111293704,1330,184",2026-01-06 10:44,92.42,92.42,92.42,92.42,0
CA135087M276,"1,111293704,1330,184",2026-01-06 12:44,92.42,92.42,92.42,92.42,0
CA135087M276,"1,111293704,1330,184",2026-01-06 14:44,92.42,92.42,92.42,92.42,0
CA135087M276,"1,111293704,1330,184",2026-01-06 16:44,92.42,92.42,92.42,92.42,0
CA135087M276,"1,111293704,1330,184",2026-01-06 18:44,92.42,92.42,92.42,92.42,0
CA135087M276,"1,111293704,1330,184",2026-01-06 20:44,92.42,92.42,92.42,92.42,0
CA135087M276,"1,111293704,1330,184",2026-01-06 22:44,92.42,92.42,92.42,92.42,0
CA135087M276,"1,111293704,1330,184",2026-01-07 07:44,92.28,92.28,92.28,92.28,0
CA135087M276,"1,111293704,1330,184",2026-01-07 08:44,92.28,92.28,92.28,92.28,0
CA135087M276,"1,111293704,1330,184",2026-01-07 10:44,92.28,92.28,92.28,92.28,0
CA135087M276,"1,111293704,1330,184",2026-01-07 12:44,92.45,92.45,92.45,92.45,0
CA135087M276,"1,111293704,1330,184",2026-01-07 14:44,92.45,92.45,92.45,92.45,0
CA135087M276,"1,111293704,1330,184",2026-01-07 16:44,92.45,92.45,92.45,92.45,0
CA135087M276,"1,111293704,1330,184",2026-01-07 18:44,92.45,92.45,92.45,92.45,0
CA135087M276,"1,111293704,1330,184",2026-01-07 20:44,92.45,92.45,92.45,92.45,0
CA135087M276,"1,111293704,1330,184",2026-01-07 22:44,92.45,92.45,92.45,92.45,0
CA135087M276,"1,111293704,1330,184",2026-01-08 07:44,92.46,92.46,92.46,92.46,0
CA135087M276,"1,111293704,1330,184",2026-01-08 08:44,92.46,92.46,92.46,92.46,0
CA135087M276,"1,111293704,1330,184",2026-01-08 10:44,92.46,92.46,92.46,92.46,0
CA135087M276,"1,111293704,1330,184",2026-01-08 12:44,92.46,92.46,92.46,92.46,0
CA135087M276,"1,111293704,1330,184",2026-01-08 14:44,92.46,92.46,92.46,92.46,0
CA135087M276,"1,111293704,1330,184",2026-01-08 16:44,92.46,92.46,92.46,92.46,0
CA135087M276,"1,111293704,1330,184",2026-01-08 18:44,92.46,92.46,92.46,92.46,0
CA135087M276,"1,111293704,1330,184",2026-01-08 20:44,92.46,92.46,92.46,92.46,0
CA135087M276,"1,111293704,1330,184",2026-01-08 22:44,92.46,92.46,92.46,92.46,0
CA135087M276,"1,111293704,1330,184",2026-01-09 07:44,92.44,92.44,92.44,92.44,0
CA135087M276,"1,111293704,1330,184",2026-01-09 08:44,92.44,92.44,92.44,92.44,0
CA135087M276,"1,111293704,1330,184",2026-01-09 10:44,92.44,92.44,92.44,92.44,0
CA135087M276,"1,111293704,1330,184",2026-01-09 12:44,92.44,92.44,92.44,92.44,0
CA135087M276,"1,111293704,1330,184",2026-01-09 14:44,92.44,92.44,92.44,92.44,0
CA135087M276,"1,111293704,1330,184",2026-01-09 16:44,92.44,92.44,92.44,92.44,0
CA135087M276,"1,111293704,1330,184",2026-01-09 18:44,92.44,92.44,92.44,92.44,0
CA135087M276,"1,111293704,1330,184",2026-01-09 20:44,92.44,92.44,92.44,92.44,0
CA135087M276,"1,111293704,1330,184",2026-01-09 22:44,92.44,92.44,92.44,92.44,0
CA135087M276,"1,111293704,1330,184",2026-01-12 07:44,92.51,92.51,92.51,92.51,0
CA135087M276,"1,111293704,1330,184",2026-01-12 08:44,92.51,92.51,92.51,92.51,0
CA135087M276,"1,111293704,1330,184",2026-01-12 10:44,92.51,92.51,92.51,92.51,0
CA135087M276,"1,111293704,1330,184",2026-01-12 12:44,92.51,92.51,92.51,92.51,0
CA135087M276,"1,111293704,1330,184",2026-01-12 14:44,92.51,92.51,92.51,92.51,0
CA135087M276,"1,111293704,1330,184",2026-01-12 16:44,92.51,92.51,92.51,92.51,0
CA135087M276,"1,111293704,1330,184",2026-01-12 18:44,92.51,92.51,92.51,92.51,0
CA135087M276,"1,111293704,1330,184",2026-01-12 20:44,92.51,92.51,92.51,92.51,0
CA135087M276,"1,111293704,1330,184",2026-01-12 22:44,92.51,92.51,92.51,92.51,0
CA135087M276,"1,111293704,1330,184",2026-01-13 07:44,92.47,92.47,92.47,92.47,0
CA135087M276,"1,111293704,1330,184",2026-01-13 08:44,92.47,92.47,92.47,92.47,0
CA135087M276,"1,111293704,1330,184",2026-01-13 10:44,92.47,92.47,92.47,92.47,0
CA135087M276,"1,111293704,1330,184",2026-01-13 12:44,92.47,92.47,92.47,92.47,0
CA135087M276,"1,111293704,1330,184",2026-01-13 14:44,92.47,92.47,92.47,92.47,0
CA135087M276,"1,111293704,1330,184",2026-01-13 16:44,92.47,92.47,92.47,92.47,0
CA135087M276,"1,111293704,1330,184",2026-01-13 18:44,92.47,92.47,92.47,92.47,0
CA135087M276,"1,111293704,1330,184",2026-01-13 20:44,92.47,92.47,92.47,92.47,0
CA135087M276,"1,111293704,1330,184",2026-01-13 22:44,92.47,92.47,92.47,92.47,0
CA135087M276,"1,111293704,1330,184",2026-01-14 07:44,92.47,92.47,92.47,92.47,0
CA135087M276,"1,111293704,1330,184",2026-01-14 08:44,92.47,92.47,92.47,92.47,0
CA135087M276,"1,111293704,1330,184",2026-01-14 10:44,92.47,92.47,92.47,92.47,0
CA135087M276,"1,111293704,1330,184",2026-01-14 12:44,92.47,92.47,92.47,92.47,0
CA135087M276,"1,111293704,1330,184",2026-01-14 14:44,92.47,92.47,92.47,92.47,0
CA135087M276,"1,111293704,1330,184",2026-01-14 16:44,92.5,92.5,92.5,92.5,0
CA135087M276,"1,111293704,1330,184",2026-01-14 18:44,92.5,92.5,92.5,92.5,0
CA135087M276,"1,111293704,1330,184",2026-01-14 20:44,92.5,92.5,92.5,92.5,0
CA135087M276,"1,111293704,1330,184",2026-01-14 22:44,92.5,92.5,92.5,92.5,0
CA135087M276,"1,111293704,1330,184",2026-01-15 07:44,92.66,92.66,92.66,92.66,0
CA135087M276,"1,111293704,1330,184",2026-01-15 08:44,92.66,92.66,92.66,92.66,0
CA135087M276,"1,111293704,1330,184",2026-01-15 10:44,92.66,92.66,92.66,92.66,0
CA135087M276,"1,111293704,1330,184",2026-01-15 12:44,92.66,92.66,92.66,92.66,0
CA135087M276,"1,111293704,1330,184",2026-01-15 14:44,92.66,92.66,92.66,92.66,0
CA135087M276,"1,111293704,1330,184",2026-01-15 16:44,92.66,92.66,92.66,92.66,0
CA135087M276,"1,111293704,1330,184",2026-01-15 18:44,92.66,92.66,92.66,92.66,0
CA135087M276,"1,111293704,1330,184",2026-01-15 20:44,92.66,92.66,92.66,92.66,0
CA135087M276,"1,111293704,1330,184",2026-01-15 22:44,92.66,92.66,92.66,92.66,0
CA135087M276,"1,111293704,1330,184",2026-01-16 07:44,93.1,93.1,93.1,93.1,7000
CA135087M276,"1,111293704,1330,184",2026-01-16 08:44,93.1,93.1,93.1,93.1,0
CA135087M276,"1,111293704,1330,184",2026-01-16 10:44,93.1,93.1,93.1,93.1,0
CA135087M276,"1,111293704,1330,184",2026-01-16 12:44,93.1,93.1,93.1,93.1,0
CA135087M276,"1,111293704,1330,184",2026-01-16 14:44,92.945,92.945,92.945,92.945,0
CA135087M276,"1,111293704,1330,184",2026-01-16 16:44,92.945,92.945,92.945,92.945,0
CA135087M276,"1,111293704,1330,184",2026-01-16 18:44,92.945,92.945,92.945,92.945,0
CA135087M276,"1,111293704,1330,184",2026-01-16 20:44,92.92,92.92,92.92,92.92,0
CA135087M276,"1,111293704,1330,184",2026-01-16 22:44,92.92,92.92,92.92,92.92,0
CA135087M276,"1,111293704,1330,184",2026-01-19 07:44,92.54,92.54,92.54,92.54,0
CA135087M276,"1,111293704,1330,184",2026-01-19 08:44,92.54,92.54,92.54,92.54,0
CA135087M276,"1,111293704,1330,184",2026-01-19 10:44,92.54,92.54,92.54,92.54,0
CA135087M276,"1,111293704,1330,184",2026-01-19 12:44,92.54,92.54,92.54,92.54,0
CA135087M276,"1,111293704,1330,184",2026-01-19 14:44,92.54,92.54,92.54,92.54,0
CA135087M276,"1,111293704,1330,184",2026-01-19 16:44,92.54,92.54,92.54,92.54,0
CA135087M276,"1,111293704,1330,184",2026-01-19 18:44,92.54,92.54,92.54,92.54,0
CA135087M276,"1,111293704,1330,184",2026-01-19 20:44,92.54,92.54,92.54,92.54,0
CA135087M276,"1,111293704,1330,184",2026-01-19 22:44,92.54,92.54,92.54,92.54,0
CA135087N266,"1,114466942,1330,184",2026-01-05 06:44,91.21,0.0,0.0,0.0,0
CA135087N266,"1,114466942,1330,184",2026-01-05 07:44,91.21,91.21,91.21,91.21,0
CA135087N266,"1,114466942,1330,184",2026-01-05 08:44,91.21,91.21,91.21,91.21,0
CA135087N266,"1,114466942,1330,184",2026-01-05 10:44,91.21,91.21,91.21,91.21,0
CA135087N266,"1,114466942,1330,184",2026-01-05 12:44,91.31,91.31,91.31,91.31,0
CA135087N266,"1,114466942,1330,184",2026-01-05 14:44,91.31,91.31,91.31,91.31,0
CA135087N266,"1,114466942,1330,184",2026-01-05 16:44,91.31,91.31,91.31,91.31,0
CA135087N266,"1,114466942,1330,184",2026-01-05 18:44,91.31,91.31,91.31,91.31,0
CA135087N266,"1,114466942,1330,184",2026-01-05 20:44,91.31,91.31,91.31,91.31,0
CA135087N266,"1,114466942,1330,184",2026-01-05 22:44,91.31,91.31,91.31,91.31,0
CA135087N266,"1,114466942,1330,184",2026-01-06 07:44,91.48,91.48,91.48,91.48,0
CA135087N266,"1,114466942,1330,184",2026-01-06 08:44,91.48,91.48,91.48,91.48,0
CA135087N266,"1,114466942,1330,184",2026-01-06 10:44,91.48,91.48,91.48,91.48,0
CA135087N266,"1,114466942,1330,184",2026-01-06 12:44,91.48,91.48,91.48,91.48,0
CA135087N266,"1,114466942,1330,184",2026-01-06 14:44,91.48,91.48,91.48,91.48,0
CA135087N266,"1,114466942,1330,184",2026-01-06 16:44,91.48,91.48,91.48,91.48,0
CA135087N266,"1,114466942,1330,184",2026-01-06 18:44,91.48,91.48,91.48,91.48,0
CA135087N266,"1,114466942,1330,184",2026-01-06 20:44,91.48,91.48,91.48,91.48,0
CA135087N266,"1,114466942,1330,184",2026-01-06 22:44,91.48,91.48,91.48,91.48,0
CA135087N266,"1,114466942,1330,184",2026-01-07 07:44,91.38,91.38,91.38,91.38,0
CA135087N266,"1,114466942,1330,184",2026-01-07 08:44,91.38,91.38,91.38,91.38,0
CA135087N266,"1,114466942,1330,184",2026-01-07 10:44,91.38,91.38,91.38,91.38,0
CA135087N266,"1,114466942,1330,184",2026-01-07 12:44,91.55,91.55,91.55,91.55,0
CA135087N266,"1,114466942,1330,184",2026-01-07 14:44,91.55,91.55,91.55,91.55,0
CA135087N266,"1,114466942,1330,184",2026-01-07 16:44,91.55,91.55,91.55,91.55,0
CA135087N266,"1,114466942,1330,184",2026-01-07 18:44,91.55,91.55,91.55,91.55,0
CA135087N266,"1,114466942,1330,184",2026-01-07 20:44,91.55,91.55,91.55,91.55,0
CA135087N266,"1,114466942,1330,184",2026-01-07 22:44,91.55,91.55,91.55,91.55,0
CA135087N266,"1,114466942,1330,184",2026-01-08 07:44,91.57,91.57,91.57,91.57,0
CA135087N266,"1,114466942,1330,184",2026-01-08 08:44,91.57,91.57,91.57,91.57,0
CA135087N266,"1,114466942,1330,184",2026-01-08 10:44,91.57,91.57,91.57,91.57,0
CA135087N266,"1,114466942,1330,184",2026-01-08 12:44,91.57,91.57,91.57,91.57,0
CA135087N266,"1,114466942,1330,184",2026-01-08 14:44,91.57,91.57,91.57,91.57,0
CA135087N266,"1,114466942,1330,184",2026-01-08 16:44,91.57,91.57,91.57,91.57,0
CA135087N266,"1,114466942,1330,184",2026-01-08 18:44,91.57,91.57,91.57,91.57,0
CA135087N266,"1,114466942,1330,184",2026-01-08 20:44,91.57,91.57,91.57,91.57,0
CA135087N266,"1,114466942,1330,184",2026-01-08 22:44,91.57,91.57,91.57,91.57,0
CA135087N266,"1,114466942,1330,184",2026-01-09 07:44,91.54,91.54,91.54,91.54,0
CA135087N266,"1,114466942,1330,184",2026-01-09 08:44,91.54,91.54,91.54,91.54,0
CA135087N266,"1,114466942,1330,184",2026-01-09 10:44,91.54,91.54,91.54,91.54,0
CA135087N266,"1,114466942,1330,184",2026-01-09 12:44,91.54,91.54,91.54,91.54,0
CA135087N266,"1,114466942,1330,184",2026-01-09 14:44,91.54,91.54,91.54,91.54,0
CA135087N266,"1,114466942,1330,184",2026-01-09 16:44,91.54,91.54,91.54,91.54,0
CA135087N266,"1,114466942,1330,184",2026-01-09 18:44,91.54,91.54,91.54,91.54,0
CA135087N266,"1,114466942,1330,184",2026-01-09 20:44,91.54,91.54,91.54,91.54,0
CA135087N266,"1,114466942,1330,184",2026-01-09 22:44,91.54,91.54,91.54,91.54,0
CA135087N266,"1,114466942,1330,184",2026-01-12 07:44,91.62,91.62,91.62,91.62,0
CA135087N266,"1,114466942,1330,184",2026-01-12 08:44,91.62,91.62,91.62,91.62,0
CA135087N266,"1,114466942,1330,184",2026-01-12 10:44,91.62,91.62,91.62,91.62,0
CA135087N266,"1,114466942,1330,184",2026-01-12 12:44,91.62,91.62,91.62,91.62,0
CA135087N266,"1,114466942,1330,184",2026-01-12 14:44,91.62,91.62,91.62,91.62,0
CA135087N266,"1,114466942,1330,184",2026-01-12 16:44,91.62,91.62,91.62,91.62,0
CA135087N266,"1,114466942,1330,184",2026-01-12 18:44,91.62,91.62,91.62,91.62,0
CA135087N266,"1,114466942,1330,184",2026-01-12 20:44,91.62,91.62,91.62,91.62,0
CA135087N266,"1,114466942,1330,184",2026-01-12 22:44,91.62,91.62,91.62,91.62,0
CA135087N266,"1,114466942,1330,184",2026-01-13 07:44,91.52,91.52,91.52,91.52,0
CA135087N266,"1,114466942,1330,184",2026-01-13 08:44,91.52,91.52,91.52,91.52,0
CA135087N266,"1,114466942,1330,184",2026-01-13 10:44,91.52,91.52,91.52,91.52,0
CA135087N266,"1,114466942,1330,184",2026-01-13 12:44,91.52,91.52,91.52,91.52,0
CA135087N266,"1,114466942,1330,184",2026-01-13 14:44,91.52,91.52,91.52,91.52,0
CA135087N266,"1,114466942,1330,184",2026-01-13 16:44,91.52,91.52,91.52,91.52,0
CA135087N266,"1,114466942,1330,184",2026-01-13 18:44,91.52,91.52,91.52,91.52,0
CA135087N266,"1,114466942,1330,184",2026-01-13 20:44,91.52,91.52,91.52,91.52,0
CA135087N266,"1,114466942,1330,184",2026-01-13 22:44,91.52,91.52,91.52,91.52,0
CA135087N266,"1,114466942,1330,184",2026-01-14 07:44,91.57,91.57,91.57,91.57,0
CA135087N266,"1,114466942,1330,184",2026-01-14 08:44,91.57,91.57,91.57,91.57,0
CA135087N266,"1,114466942,1330,184",2026-01-14 10:44,91.57,91.57,91.57,91.57,0
CA135087N266,"1,114466942,1330,184",2026-01-14 12:44,91.57,91.57,91.57,91.57,0
CA135087N266,"1,114466942,1330,184",2026-01-14 14:44,91.57,91.57,91.57,91.57,0
CA135087N266,"1,114466942,1330,184",2026-01-14 16:44,91.6,91.6,91.6,91.6,0
CA135087N266,"1,114466942,1330,184",2026-01-14 18:44,91.6,91.6,91.6,91.6,0
CA135087N266,"1,114466942,1330,184",2026-01-14 20:44,91.6,91.6,91.6,91.6,0
CA135087N266,"1,114466942,1330,184",2026-01-14 22:44,91.6,91.6,91.6,91.6,0
CA135087N266,"1,114466942,1330,184",2026-01-15 07:44,91.78,91.78,91.78,91.78,0
CA135087N266,"1,114466942,1330,184",2026-01-15 08:44,91.78,91.78,91.78,91.78,0
CA135087N266,"1,114466942,1330,184",2026-01-15 10:44,91.78,91.78,91.78,91.78,0
CA135087N266,"1,114466942,1330,184",2026-01-15 12:44,91.78,91.78,91.78,91.78,0
CA135087N266,"1,114466942,1330,184",2026-01-15 14:44,91.78,91.78,91.78,91.78,0
CA135087N266,"1,114466942,1330,184",2026-01-15 16:44,91.78,91.78,91.78,91.78,0
CA135087N266,"1,114466942,1330,184",2026-01-15 18:44,91.78,91.78,91.78,91.78,0
CA135087N266,"1,114466942,1330,184",2026-01-15 20:44,91.78,91.78,91.78,91.78,0
CA135087N266,"1,114466942,1330,184",2026-01-15 22:44,91.78,91.78,91.78,91.78,0
CA135087N266,"1,114466942,1330,184",2026-01-16 07:44,91.78,91.78,91.78,91.78,0
CA135087N266,"1,114466942,1330,184",2026-01-16 08:44,91.78,91.78,91.78,91.78,0
CA135087N266,"1,114466942,1330,184",2026-01-16 10:44,91.78,91.78,91.78,91.78,0
CA135087N266,"1,114466942,1330,184",2026-01-16 12:44,91.78,91.78,91.78,91.78,0
CA135087N266,"1,114466942,1330,184",2026-01-16 14:44,91.78,91.78,91.78,91.78,0
CA135087N266,"1,114466942,1330,184",2026-01-16 16:44,91.78,91.78,91.78,91.78,0
CA135087N266,"1,114466942,1330,184",2026-01-16 18:44,91.78,91.78,91.78,91.78,0
CA135087N266,"1,114466942,1330,184",2026-01-16 20:44,91.78,91.78,91.78,91.78,0
CA135087N266,"1,114466942,1330,184",2026-01-16 22:44,91.78,91.78,91.78,91.78,0
CA135087N266,"1,114466942,1330,184",2026-01-19 07:44,91.67,91.67,91.67,91.67,0
CA135087N266,"1,114466942,1330,184",2026-01-19 08:44,91.67,91.67,91.67,91.67,0
CA135087N266,"1,114466942,1330,184",2026-01-19 10:44,91.67,91.67,91.67,91.67,0
CA135087N266,"1,114466942,1330,184",2026-01-19 12:44,91.67,91.67,91.67,91.67,0
CA135087N266,"1,114466942,1330,184",2026-01-19 14:44,91.67,91.67,91.67,91.67,0
CA135087N266,"1,114466942,1330,184",2026-01-19 16:44,91.67,91.67,91.67,91.67,0
CA135087N266,"1,114466942,1330,184",2026-01-19 18:44,91.67,91.67,91.67,91.67,0
CA135087N266,"1,114466942,1330,184",2026-01-19 20:44,91.67,91.67,91.67,91.67,0
CA135087N266,"1,114466942,1330,184",2026-01-19 22:44,91.67,91.67,91.67,91.67,0
CA135087S968,"1,142567197,1330,184",2026-01-05 06:44,99.17,0.0,0.0,0.0,0
CA135087S968,"1,142567197,1330,184",2026-01-05 07:44,99.17,99.17,99.17,99.17,0
CA135087S968,"1,142567197,1330,184",2026-01-05 08:44,99.17,99.17,99.17,99.17,0
CA135087S968,"1,142567197,1330,184",2026-01-05 10:44,99.18,99.18,99.18,99.18,0
CA135087S968,"1,142567197,1330,184",2026-01-05 12:44,99.185,99.185,99.185,99.185,0
CA135087S968,"1,142567197,1330,184",2026-01-05 14:44,99.31,99.31,99.31,99.31,0
CA135087S968,"1,142567197,1330,184",2026-01-05 15:44,99.34,99.34,99.34,99.34,2000
CA135087S968,"1,142567197,1330,184",2026-01-05 16:44,99.35,99.35,99.35,99.35,0
CA135087S968,"1,142567197,1330,184",2026-01-05 18:44,99.45,99.45,99.45,99.45,0
CA135087S968,"1,142567197,1330,184",2026-01-05 22:44,99.47,99.47,99.47,99.47,0
CA135087S968,"1,142567197,1330,184",2026-01-06 07:44,99.45,99.45,99.45,99.45,0
CA135087S968,"1,142567197,1330,184",2026-01-06 08:44,99.45,99.45,99.45,99.45,0
CA135087S968,"1,142567197,1330,184",2026-01-06 10:44,99.46,99.46,99.46,99.46,0
CA135087S968,"1,142567197,1330,184",2026-01-06 12:44,99.46,99.46,99.46,99.46,0
CA135087S968,"1,142567197,1330,184",2026-01-06 14:44,99.43,99.43,99.43,99.43,0
CA135087S968,"1,142567197,1330,184",2026-01-06 16:44,99.35,99.35,99.35,99.35,0
CA135087S968,"1,142567197,1330,184",2026-01-06 18:44,99.35,99.35,99.35,99.35,0
CA135087S968,"1,142567197,1330,184",2026-01-06 20:44,99.35,99.35,99.35,99.35,0
CA135087S968,"1,142567197,1330,184",2026-01-06 22:44,99.36,99.36,99.36,99.36,0
CA135087S968,"1,142567197,1330,184",2026-01-07 07:44,99.37,99.37,99.37,99.37,0
CA135087S968,"1,142567197,1330,184",2026-01-07 08:44,99.37,99.37,99.37,99.37,0
CA135087S968,"1,142567197,1330,184",2026-01-07 10:44,99.38,99.38,99.38,99.38,0
CA135087S968,"1,142567197,1330,184",2026-01-07 12:44,99.405,99.405,99.405,99.405,0
CA135087S968,"1,142567197,1330,184",2026-01-07 14:44,99.61,99.61,99.61,99.61,0
CA135087S968,"1,142567197,1330,184",2026-01-07 16:44,99.6,99.6,99.6,99.6,0
CA135087S968,"1,142567197,1330,184",2026-01-07 18:44,99.6,99.6,99.6,99.6,0
CA135087S968,"1,142567197,1330,184",2026-01-07 20:44,99.6,99.6,99.6,99.6,0
CA135087S968,"1,142567197,1330,184",2026-01-07 22:44,99.6,99.6,99.6,99.6,0
CA135087S968,"1,142567197,1330,184",2026-01-08 07:44,99.53,99.53,99.53,99.53,0
CA135087S968,"1,142567197,1330,184",2026-01-08 08:44,99.53,99.53,99.53,99.53,0
CA135087S968,"1,142567197,1330,184",2026-01-08 10:44,99.54,99.54,99.54,99.54,0
CA135087S968,"1,142567197,1330,184",2026-01-08 12:44,99.54,99.54,99.54,99.54,0
CA135087S968,"1,142567197,1330,184",2026-01-08 14:44,99.49,99.49,99.49,99.49,0
CA135087S968,"1,142567197,1330,184",2026-01-08 16:44,99.49,99.49,99.49,99.49,0
CA135087S968,"1,142567197,1330,184",2026-01-08 18:44,99.49,99.49,99.49,99.49,0
CA135087S968,"1,142567197,1330,184",2026-01-08 20:44,99.49,99.49,99.49,99.49,0
CA135087S968,"1,142567197,1330,184",2026-01-08 22:44,99.49,99.49,99.49,99.49,0
CA135087S968,"1,142567197,1330,184",2026-01-09 07:44,99.51,99.51,99.51,99.51,0
CA135087S968,"1,142567197,1330,184",2026-01-09 08:44,99.51,99.51,99.51,99.51,0
CA135087S968,"1,142567197,1330,184",2026-01-09 10:44,99.52,99.52,99.52,99.52,0
CA135087S968,"1,142567197,1330,184",2026-01-09 12:44,99.52,99.52,99.52,99.52,0
CA135087S968,"1,142567197,1330,184",2026-01-09 14:44,99.52,99.52,99.52,99.52,0
CA135087S968,"1,142567197,1330,184",2026-01-09 16:44,99.56,99.56,99.56,99.56,0
CA135087S968,"1,142567197,1330,184",2026-01-09 18:44,99.595,99.595,99.595,99.595,0
CA135087S968,"1,142567197,1330,184",2026-01-09 20:44,99.595,99.595,99.595,99.595,0
CA135087S968,"1,142567197,1330,184",2026-01-09 22:44,99.595,99.595,99.595,99.595,0
CA135087S968,"1,142567197,1330,184",2026-01-12 07:44,99.58,99.58,99.58,99.58,0
CA135087S968,"1,142567197,1330,184",2026-01-12 08:44,99.58,99.58,99.58,99.58,0
CA135087S968,"1,142567197,1330,184",2026-01-12 10:44,99.59,99.59,99.59,99.59,0
CA135087S968,"1,142567197,1330,184",2026-01-12 12:44,99.59,99.59,99.59,99.59,0
CA135087S968,"1,142567197,1330,184",2026-01-12 14:44,99.57,99.57,99.57,99.57,0
CA135087S968,"1,142567197,1330,184",2026-01-12 16:44,99.55,99.55,99.55,99.55,0
CA135087S968,"1,142567197,1330,184",2026-01-12 18:44,99.55,99.55,99.55,99.55,0
CA135087S968,"1,142567197,1330,184",2026-01-12 20:44,99.55,99.55,99.55,99.55,0
CA135087S968,"1,142567197,1330,184",2026-01-12 22:44,99.55,99.55,99.55,99.55,0
CA135087S968,"1,142567197,1330,184",2026-01-13 07:44,99.51,99.51,99.51,99.51,0
CA135087S968,"1,142567197,1330,184",2026-01-13 08:44,99.51,99.51,99.51,99.51,0
CA135087S968,"1,142567197,1330,184",2026-01-13 10:44,99.52,99.52,99.52,99.52,0
CA135087S968,"1,142567197,1330,184",2026-01-13 12:44,99.52,99.52,99.52,99.52,0
CA135087S968,"1,142567197,1330,184",2026-01-13 14:44,99.52,99.52,99.52,99.52,0
CA135087S968,"1,142567197,1330,184",2026-01-13 16:44,99.51,99.51,99.51,99.51,0
CA135087S968,"1,142567197,1330,184",2026-01-13 18:44,99.51,99.51,99.51,99.51,0
CA135087S968,"1,142567197,1330,184",2026-01-13 20:44,99.51,99.51,99.51,99.51,0
CA135087S968,"1,142567197,1330,184",2026-01-13 22:44,99.51,99.51,99.51,99.51,0
CA135087S968,"1,142567197,1330,184",2026-01-14 07:44,99.51,99.51,99.51,99.51,0
CA135087S968,"1,142567197,1330,184",2026-01-14 08:44,99.51,99.51,99.51,99.51,0
CA135087S968,"1,142567197,1330,184",2026-01-14 10:44,99.52,99.52,99.52,99.52,0
CA135087S968,"1,142567197,1330,184",2026-01-14 12:44,99.525,99.525,99.525,99.525,0
CA135087S968,"1,142567197,1330,184",2026-01-14 14:44,99.59,99.59,99.59,99.59,0
CA135087S968,"1,142567197,1330,184",2026-01-14 16:44,99.66,99.66,99.66,99.66,0
CA135087S968,"1,142567197,1330,184",2026-01-14 18:44,99.725,99.725,99.725,99.725,0
CA135087S968,"1,142567197,1330,184",2026-01-14 20:44,99.725,99.725,99.725,99.725,0
CA135087S968,"1,142567197,1330,184",2026-01-14 22:44,99.725,99.725,99.725,99.725,0
CA135087S968,"1,142567197,1330,184",2026-01-15 07:44,99.73,99.73,99.73,99.73,0
CA135087S968,"1,142567197,1330,184",2026-01-15 08:44,99.73,99.73,99.73,99.73,0
CA135087S968,"1,142567197,1330,184",2026-01-15 10:44,99.74,99.74,99.74,99.74,0
CA135087S968,"1,142567197,1330,184",2026-01-15 12:44,99.74,99.74,99.74,99.74,0
CA135087S968,"1,142567197,1330,184",2026-01-15 14:44,99.71,99.71,99.71,99.71,0
CA135087S968,"1,142567197,1330,184",2026-01-15 16:44,99.71,99.71,99.71,99.71,0
CA135087S968,"1,142567197,1330,184",2026-01-15 18:44,99.745,99.745,99.745,99.745,0
CA135087S968,"1,142567197,1330,184",2026-01-15 20:44,99.75,99.75,99.75,99.75,0
CA135087S968,"1,142567197,1330,184",2026-01-15 22:44,99.75,99.75,99.75,99.75,0
CA135087S968,"1,142567197,1330,184",2026-01-16 07:44,99.74,99.74,99.74,99.74,0
CA135087S968,"1,142567197,1330,184",2026-01-16 08:44,99.74,99.74,99.74,99.74,0
CA135087S968,"1,142567197,1330,184",2026-01-16 10:44,99.75,99.75,99.75,99.75,0
CA135087S968,"1,142567197,1330,184",2026-01-16 12:44,99.75,99.75,99.75,99.75,0
CA135087S968,"1,142567197,1330,184",2026-01-16 14:44,99.73,99.73,99.73,99.73,0
CA135087S968,"1,142567197,1330,184",2026-01-16 16:44,99.78,99.78,99.78,99.78,0
CA135087S968,"1,142567197,1330,184",2026-01-16 18:44,99.78,99.78,99.78,99.78,0
CA135087S968,"1,142567197,1330,184",2026-01-16 20:44,99.715,99.715,99.715,99.715,0
CA135087S968,"1,142567197,1330,184",2026-01-16 22:44,99.7,99.7,99.7,99.7,0
CA135087S968,"1,142567197,1330,184",2026-01-19 07:44,99.63,99.63,99.63,99.63,0
CA135087S968,"1,142567197,1330,184",2026-01-19 08:44,99.63,99.63,99.63,99.63,0
CA135087S968,"1,142567197,1330,184",2026-01-19 10:44,99.64,99.64,99.64,99.64,0
CA135087S968,"1,142567197,1330,184",2026-01-19 12:44,99.64,99.64,99.64,99.64,0
CA135087S968,"1,142567197,1330,184",2026-01-19 14:44,99.64,99.64,99.64,99.64,0
CA135087S968,"1,142567197,1330,184",2026-01-19 16:44,99.64,99.64,99.64,99.64,0
CA135087S968,"1,142567197,1330,184",2026-01-19 18:44,99.64,99.64,99.64,99.64,0
CA135087S968,"1,142567197,1330,184",2026-01-19 20:44,99.64,99.64,99.64,99.64,0
CA135087S968,"1,142567197,1330,184",2026-01-19 22:44,99.64,99.64,99.64,99.64,0
CA135087N597,"1,117606959,1330,184",2026-01-05 06:44,93.12,0.0,0.0,0.0,0
CA135087N597,"1,117606959,1330,184",2026-01-05 07:44,93.12,93.12,93.12,93.12,0
CA135087N597,"1,117606959,1330,184",2026-01-05 08:44,93.12,93.12,93.12,93.12,0
CA135087N597,"1,117606959,1330,184",2026-01-05 10:44,93.12,93.12,93.12,93.12,0
CA135087N597,"1,117606959,1330,184",2026-01-05 12:44,93.24,93.24,93.24,93.24,0
CA135087N597,"1,117606959,1330,184",2026-01-05 14:44,93.24,93.24,93.24,93.24,0
CA135087N597,"1,117606959,1330,184",2026-01-05 16:44,93.24,93.24,93.24,93.24,0
CA135087N597,"1,117606959,1330,184",2026-01-05 18:44,93.24,93.24,93.24,93.24,0
CA135087N597,"1,117606959,1330,184",2026-01-05 20:44,93.24,93.24,93.24,93.24,0
CA135087N597,"1,117606959,1330,184",2026-01-05 22:44,93.24,93.24,93.24,93.24,0
CA135087N597,"1,117606959,1330,184",2026-01-06 07:44,93.42,93.42,93.42,93.42,0
CA135087N597,"1,117606959,1330,184",2026-01-06 08:44,93.42,93.42,93.42,93.42,0
CA135087N597,"1,117606959,1330,184",2026-01-06 10:44,93.42,93.42,93.42,93.42,0
CA135087N597,"1,117606959,1330,184",2026-01-06 12:44,93.42,93.42,93.42,93.42,0
CA135087N597,"1,117606959,1330,184",2026-01-06 14:44,93.42,93.42,93.42,93.42,0
CA135087N597,"1,117606959,1330,184",2026-01-06 16:44,93.42,93.42,93.42,93.42,0
CA135087N597,"1,117606959,1330,184",2026-01-06 18:44,93.42,93.42,93.42,93.42,0
CA135087N597,"1,117606959,1330,184",2026-01-06 20:44,93.42,93.42,93.42,93.42,0
CA135087N597,"1,117606959,1330,184",2026-01-06 22:44,93.42,93.42,93.42,93.42,0
CA135087N597,"1,117606959,1330,184",2026-01-07 07:44,93.34,93.34,93.34,93.34,0
CA135087N597,"1,117606959,1330,184",2026-01-07 08:44,93.34,93.34,93.34,93.34,0
CA135087N597,"1,117606959,1330,184",2026-01-07 10:44,93.34,93.34,93.34,93.34,0
CA135087N597,"1,117606959,1330,184",2026-01-07 12:44,93.49,93.49,93.49,93.49,0
CA135087N597,"1,117606959,1330,184",2026-01-07 14:44,93.49,93.49,93.49,93.49,0
CA135087N597,"1,117606959,1330,184",2026-01-07 16:44,93.49,93.49,93.49,93.49,0
CA135087N597,"1,117606959,1330,184",2026-01-07 18:44,93.49,93.49,93.49,93.49,0
CA135087N597,"1,117606959,1330,184",2026-01-07 20:44,93.49,93.49,93.49,93.49,0
CA135087N597,"1,117606959,1330,184",2026-01-07 22:44,93.49,93.49,93.49,93.49,0
CA135087N597,"1,117606959,1330,184",2026-01-08 07:44,93.52,93.52,93.52,93.52,0
CA135087N597,"1,117606959,1330,184",2026-01-08 08:44,93.52,93.52,93.52,93.52,0
CA135087N597,"1,117606959,1330,184",2026-01-08 10:44,93.52,93.52,93.52,93.52,0
CA135087N597,"1,117606959,1330,184",2026-01-08 12:44,93.52,93.52,93.52,93.52,0
CA135087N597,"1,117606959,1330,184",2026-01-08 14:44,93.52,93.52,93.52,93.52,0
CA135087N597,"1,117606959,1330,184",2026-01-08 16:44,93.52,93.52,93.52,93.52,0
CA135087N597,"1,117606959,1330,184",2026-01-08 18:44,93.52,93.52,93.52,93.52,0
CA135087N597,"1,117606959,1330,184",2026-01-08 20:44,93.52,93.52,93.52,93.52,0
CA135087N597,"1,117606959,1330,184",2026-01-08 22:44,93.52,93.52,93.52,93.52,0
CA135087N597,"1,117606959,1330,184",2026-01-09 07:44,93.49,93.49,93.49,93.49,0
CA135087N597,"1,117606959,1330,184",2026-01-09 08:44,93.49,93.49,93.49,93.49,0
CA135087N597,"1,117606959,1330,184",2026-01-09 10:44,93.49,93.49,93.49,93.49,0
CA135087N597,"1,117606959,1330,184",2026-01-09 12:44,93.49,93.49,93.49,93.49,0
CA135087N597,"1,117606959,1330,184",2026-01-09 14:44,93.49,93.49,93.49,93.49,0
CA135087N597,"1,117606959,1330,184",2026-01-09 16:44,93.49,93.49,93.49,93.49,0
CA135087N597,"1,117606959,1330,184",2026-01-09 18:44,93.49,93.49,93.49,93.49,0
CA135087N597,"1,117606959,1330,184",2026-01-09 20:44,93.49,93.49,93.49,93.49,0
CA135087N597,"1,117606959,1330,184",2026-01-09 22:44,93.49,93.49,93.49,93.49,0
CA135087N597,"1,117606959,1330,184",2026-01-12 07:44,93.58,93.58,93.58,93.58,0
CA135087N597,"1,117606959,1330,184",2026-01-12 08:44,93.58,93.58,93.58,93.58,0
CA135087N597,"1,117606959,1330,184",2026-01-12 10:44,93.58,93.58,93.58,93.58,0
CA135087N597,"1,117606959,1330,184",2026-01-12 12:44,93.58,93.58,93.58,93.58,0
CA135087N597,"1,117606959,1330,184",2026-01-12 14:44,93.58,93.58,93.58,93.58,0
CA135087N597,"1,117606959,1330,184",2026-01-12 16:44,93.58,93.58,93.58,93.58,0
CA135087N597,"1,117606959,1330,184",2026-01-12 18:44,93.58,93.58,93.58,93.58,0
CA135087N597,"1,117606959,1330,184",2026-01-12 20:44,93.58,93.58,93.58,93.58,0
CA135087N597,"1,117606959,1330,184",2026-01-12 22:44,93.58,93.58,93.58,93.58,0
CA135087N597,"1,117606959,1330,184",2026-01-13 07:44,93.51,93.51,93.51,93.51,0
CA135087N597,"1,117606959,1330,184",2026-01-13 08:44,93.51,93.51,93.51,93.51,0
CA135087N597,"1,117606959,1330,184",2026-01-13 10:44,93.51,93.51,93.51,93.51,0
CA135087N597,"1,117606959,1330,184",2026-01-13 12:44,93.51,93.51,93.51,93.51,0
CA135087N597,"1,117606959,1330,184",2026-01-13 14:44,93.51,93.51,93.51,93.51,0
CA135087N597,"1,117606959,1330,184",2026-01-13 16:44,93.51,93.51,93.51,93.51,0
CA135087N597,"1,117606959,1330,184",2026-01-13 18:44,93.51,93.51,93.51,93.51,0
CA135087N597,"1,117606959,1330,184",2026-01-13 20:44,93.51,93.51,93.51,93.51,0
CA135087N597,"1,117606959,1330,184",2026-01-13 22:44,93.51,93.51,93.51,93.51,0
CA135087N597,"1,117606959,1330,184",2026-01-14 07:44,93.51,93.51,93.51,93.51,0
CA135087N597,"1,117606959,1330,184",2026-01-14 10:44,93.51,93.51,93.51,93.51,0
CA135087N597,"1,117606959,1330,184",2026-01-14 12:44,93.6,93.6,93.6,93.6,0
CA135087N597,"1,117606959,1330,184",2026-01-14 14:44,93.6,93.6,93.6,93.6,0
CA135087N597,"1,117606959,1330,184",2026-01-14 16:44,93.6,93.6,93.6,93.6,0
CA135087N597,"1,117606959,1330,184",2026-01-14 18:44,93.6,93.6,93.6,93.6,0
CA135087N597,"1,117606959,1330,184",2026-01-14 20:44,93.6,93.6,93.6,93.6,0
CA135087N597,"1,117606959,1330,184",2026-01-14 22:44,93.6,93.6,93.6,93.6,0
CA135087N597,"1,117606959,1330,184",2026-01-15 07:44,93.74,93.74,93.74,93.74,0
CA135087N597,"1,117606959,1330,184",2026-01-15 08:44,93.74,93.74,93.74,93.74,0
CA135087N597,"1,117606959,1330,184",2026-01-15 10:44,93.74,93.74,93.74,93.74,0
CA135087N597,"1,117606959,1330,184",2026-01-15 12:44,93.74,93.74,93.74,93.74,0
CA135087N597,"1,117606959,1330,184",2026-01-15 14:44,93.74,93.74,93.74,93.74,0
CA135087N597,"1,117606959,1330,184",2026-01-15 16:44,93.74,93.74,93.74,93.74,0
CA135087N597,"1,117606959,1330,184",2026-01-15 18:44,93.74,93.74,93.74,93.74,0
CA135087N597,"1,117606959,1330,184",2026-01-15 20:44,93.74,93.74,93.74,93.74,0
CA135087N597,"1,117606959,1330,184",2026-01-15 22:44,93.74,93.74,93.74,93.74,0
CA135087N597,"1,117606959,1330,184",2026-01-16 07:44,93.75,93.75,93.75,93.75,0
CA135087N597,"1,117606959,1330,184",2026-01-16 08:44,93.75,93.75,93.75,93.75,0
CA135087N597,"1,117606959,1330,184",2026-01-16 10:44,93.75,93.75,93.75,93.75,0
CA135087N597,"1,117606959,1330,184",2026-01-16 12:44,93.75,93.75,93.75,93.75,0
CA135087N597,"1,117606959,1330,184",2026-01-16 14:44,93.75,93.75,93.75,93.75,0
CA135087N597,"1,117606959,1330,184",2026-01-16 16:44,93.75,93.75,93.75,93.75,0
CA135087N597,"1,117606959,1330,184",2026-01-16 18:44,93.75,93.75,93.75,93.75,0
CA135087N597,"1,117606959,1330,184",2026-01-16 20:44,93.75,93.75,93.75,93.75,0
CA135087N597,"1,117606959,1330,184",2026-01-16 22:44,93.75,93.75,93.75,93.75,0
CA135087N597,"1,117606959,1330,184",2026-01-19 07:44,93.63,93.63,93.63,93.63,0
CA135087N597,"1,117606959,1330,184",2026-01-19 08:44,93.63,93.63,93.63,93.63,0
CA135087N597,"1,117606959,1330,184",2026-01-19 10:44,93.63,93.63,93.63,93.63,0
CA135087N597,"1,117606959,1330,184",2026-01-19 12:44,93.63,93.63,93.63,93.63,0
CA135087N597,"1,117606959,1330,184",2026-01-19 14:44,93.63,93.63,93.63,93.63,0
CA135087N597,"1,117606959,1330,184",2026-01-19 16:44,93.63,93.63,93.63,93.63,0
CA135087N597,"1,117606959,1330,184",2026-01-19 18:44,93.63,93.63,93.63,93.63,0
CA135087N597,"1,117606959,1330,184",2026-01-19 20:44,93.63,93.63,93.63,93.63,0
CA135087N597,"1,117606959,1330,184",2026-01-19 22:44,93.63,93.63,93.63,93.63,0
CA135087P329,"1,120914999,1330,184",2026-01-05 06:44,95.42,0.0,0.0,0.0,0
CA135087P329,"1,120914999,1330,184",2026-01-05 07:44,95.42,95.42,95.42,95.42,0
CA135087P329,"1,120914999,1330,184",2026-01-05 08:44,95.42,95.42,95.42,95.42,0
CA135087P329,"1,120914999,1330,184",2026-01-05 10:44,95.42,95.42,95.42,95.42,0
CA135087P329,"1,120914999,1330,184",2026-01-05 12:44,95.52,95.52,95.52,95.52,0
CA135087P329,"1,120914999,1330,184",2026-01-05 14:44,95.52,95.52,95.52,95.52,0
CA135087P329,"1,120914999,1330,184",2026-01-05 16:44,95.52,95.52,95.52,95.52,0
CA135087P329,"1,120914999,1330,184",2026-01-05 18:44,95.52,95.52,95.52,95.52,0
CA135087P329,"1,120914999,1330,184",2026-01-05 20:44,95.528,95.528,95.528,95.528,0
CA135087P329,"1,120914999,1330,184",2026-01-05 22:44,95.528,95.528,95.528,95.528,0
CA135087P329,"1,120914999,1330,184",2026-01-06 07:44,95.75,95.75,95.75,95.75,0
CA135087P329,"1,120914999,1330,184",2026-01-06 08:44,95.75,95.75,95.75,95.75,0
CA135087P329,"1,120914999,1330,184",2026-01-06 10:44,95.75,95.75,95.75,95.75,0
CA135087P329,"1,120914999,1330,184",2026-01-06 12:44,95.75,95.75,95.75,95.75,0
CA135087P329,"1,120914999,1330,184",2026-01-06 14:44,95.75,95.75,95.75,95.75,0
CA135087P329,"1,120914999,1330,184",2026-01-06 16:44,95.75,95.75,95.75,95.75,0
CA135087P329,"1,120914999,1330,184",2026-01-06 18:44,95.75,95.75,95.75,95.75,0
CA135087P329,"1,120914999,1330,184",2026-01-06 20:44,95.75,95.75,95.75,95.75,0
CA135087P329,"1,120914999,1330,184",2026-01-06 22:44,95.75,95.75,95.75,95.75,0
CA135087P329,"1,120914999,1330,184",2026-01-07 07:44,95.68,95.68,95.68,95.68,0
CA135087P329,"1,120914999,1330,184",2026-01-07 08:44,95.68,95.68,95.68,95.68,0
CA135087P329,"1,120914999,1330,184",2026-01-07 10:44,95.68,95.68,95.68,95.68,0
CA135087P329,"1,120914999,1330,184",2026-01-07 12:44,95.86,95.86,95.86,95.86,0
CA135087P329,"1,120914999,1330,184",2026-01-07 14:44,95.895,95.895,95.895,95.895,0
CA135087P329,"1,120914999,1330,184",2026-01-07 16:44,95.895,95.895,95.895,95.895,0
CA135087P329,"1,120914999,1330,184",2026-01-07 18:44,95.895,95.895,95.895,95.895,0
CA135087P329,"1,120914999,1330,184",2026-01-07 20:44,95.895,95.895,95.895,95.895,0
CA135087P329,"1,120914999,1330,184",2026-01-07 22:44,95.895,95.895,95.895,95.895,0
CA135087P329,"1,120914999,1330,184",2026-01-08 07:44,95.91,95.91,95.91,95.91,0
CA135087P329,"1,120914999,1330,184",2026-01-08 08:44,95.91,95.91,95.91,95.91,0
CA135087P329,"1,120914999,1330,184",2026-01-08 10:44,95.91,95.91,95.91,95.91,0
CA135087P329,"1,120914999,1330,184",2026-01-08 12:44,95.91,95.91,95.91,95.91,0
CA135087P329,"1,120914999,1330,184",2026-01-08 14:44,95.91,95.91,95.91,95.91,0
CA135087P329,"1,120914999,1330,184",2026-01-08 16:44,95.91,95.91,95.91,95.91,0
CA135087P329,"1,120914999,1330,184",2026-01-08 18:44,95.91,95.91,95.91,95.91,0
CA135087P329,"1,120914999,1330,184",2026-01-08 20:44,95.91,95.91,95.91,95.91,0
CA135087P329,"1,120914999,1330,184",2026-01-08 22:44,95.91,95.91,95.91,95.91,0
CA135087P329,"1,120914999,1330,184",2026-01-09 07:44,95.87,95.87,95.87,95.87,0
CA135087P329,"1,120914999,1330,184",2026-01-09 08:44,95.87,95.87,95.87,95.87,0
CA135087P329,"1,120914999,1330,184",2026-01-09 10:44,95.87,95.87,95.87,95.87,0
CA135087P329,"1,120914999,1330,184",2026-01-09 12:44,95.87,95.87,95.87,95.87,0
CA135087P329,"1,120914999,1330,184",2026-01-09 14:44,95.87,95.87,95.87,95.87,0
CA135087P329,"1,120914999,1330,184",2026-01-09 16:44,95.87,95.87,95.87,95.87,0
CA135087P329,"1,120914999,1330,184",2026-01-09 18:44,95.87,95.87,95.87,95.87,0
CA135087P329,"1,120914999,1330,184",2026-01-09 20:44,95.87,95.87,95.87,95.87,0
CA135087P329,"1,120914999,1330,184",2026-01-09 22:44,95.87,95.87,95.87,95.87,0
CA135087P329,"1,120914999,1330,184",2026-01-12 07:44,95.95,95.95,95.95,95.95,0
CA135087P329,"1,120914999,1330,184",2026-01-12 08:44,95.95,95.95,95.95,95.95,0
CA135087P329,"1,120914999,1330,184",2026-01-12 10:44,95.95,95.95,95.95,95.95,0
CA135087P329,"1,120914999,1330,184",2026-01-12 12:44,95.95,95.95,95.95,95.95,0
CA135087P329,"1,120914999,1330,184",2026-01-12 14:44,95.95,95.95,95.95,95.95,0
CA135087P329,"1,120914999,1330,184",2026-01-12 16:44,95.95,95.95,95.95,95.95,0
CA135087P329,"1,120914999,1330,184",2026-01-12 18:44,95.95,95.95,95.95,95.95,0
CA135087P329,"1,120914999,1330,184",2026-01-12 20:44,95.95,95.95,95.95,95.95,0
CA135087P329,"1,120914999,1330,184",2026-01-12 22:44,95.95,95.95,95.95,95.95,0
CA135087P329,"1,120914999,1330,184",2026-01-13 07:44,95.89,95.89,95.89,95.89,0
CA135087P329,"1,120914999,1330,184",2026-01-13 08:44,95.89,95.89,95.89,95.89,0
CA135087P329,"1,120914999,1330,184",2026-01-13 10:44,95.89,95.89,95.89,95.89,0
CA135087P329,"1,120914999,1330,184",2026-01-13 12:44,95.89,95.89,95.89,95.89,0
CA135087P329,"1,120914999,1330,184",2026-01-13 14:44,95.89,95.89,95.89,95.89,0
CA135087P329,"1,120914999,1330,184",2026-01-13 16:44,95.89,95.89,95.89,95.89,0
CA135087P329,"1,120914999,1330,184",2026-01-13 18:44,95.89,95.89,95.89,95.89,0
CA135087P329,"1,120914999,1330,184",2026-01-13 20:44,95.89,95.89,95.89,95.89,0
CA135087P329,"1,120914999,1330,184",2026-01-13 22:44,95.89,95.89,95.89,95.89,0
CA135087P329,"1,120914999,1330,184",2026-01-14 07:44,95.83,95.83,95.83,95.83,0
CA135087P329,"1,120914999,1330,184",2026-01-14 08:44,95.83,95.83,95.83,95.83,0
CA135087P329,"1,120914999,1330,184",2026-01-14 10:44,95.83,95.83,95.83,95.83,0
CA135087P329,"1,120914999,1330,184",2026-01-14 12:44,95.83,95.83,95.83,95.83,0
CA135087P329,"1,120914999,1330,184",2026-01-14 14:44,95.83,95.83,95.83,95.83,0
CA135087P329,"1,120914999,1330,184",2026-01-14 16:44,95.9,95.9,95.9,95.9,0
CA135087P329,"1,120914999,1330,184",2026-01-14 18:44,95.9,95.9,95.9,95.9,0
CA135087P329,"1,120914999,1330,184",2026-01-14 20:44,95.9,95.9,95.9,95.9,0
CA135087P329,"1,120914999,1330,184",2026-01-14 22:44,95.9,95.9,95.9,95.9,0
CA135087P329,"1,120914999,1330,184",2026-01-15 07:44,96.09,96.09,96.09,96.09,0
CA135087P329,"1,120914999,1330,184",2026-01-15 08:44,96.09,96.09,96.09,96.09,0
CA135087P329,"1,120914999,1330,184",2026-01-15 10:44,96.09,96.09,96.09,96.09,0
CA135087P329,"1,120914999,1330,184",2026-01-15 12:44,96.09,96.09,96.09,96.09,0
CA135087P329,"1,120914999,1330,184",2026-01-15 14:44,96.09,96.09,96.09,96.09,0
CA135087P329,"1,120914999,1330,184",2026-01-15 15:44,96.395,96.395,96.395,96.395,8000
CA135087P329,"1,120914999,1330,184",2026-01-15 16:44,96.355,96.355,96.355,96.355,0
CA135087P329,"1,120914999,1330,184",2026-01-15 18:44,96.355,96.355,96.355,96.355,0
CA135087P329,"1,120914999,1330,184",2026-01-15 19:29,96.458,96.458,96.458,96.458,33000
CA135087P329,"1,120914999,1330,184",2026-01-15 20:44,96.458,96.458,96.458,96.458,0
CA135087P329,"1,120914999,1330,184",2026-01-15 22:44,96.433,96.433,96.433,96.433,0
CA135087P329,"1,120914999,1330,184",2026-01-16 07:44,96.09,96.09,96.09,96.09,0
CA135087P329,"1,120914999,1330,184",2026-01-16 08:44,96.09,96.09,96.09,96.09,0
CA135087P329,"1,120914999,1330,184",2026-01-16 10:44,96.09,96.09,96.09,96.09,0
CA135087P329,"1,120914999,1330,184",2026-01-16 12:44,96.09,96.09,96.09,96.09,0
CA135087P329,"1,120914999,1330,184",2026-01-16 14:44,96.09,96.09,96.09,96.09,0
CA135087P329,"1,120914999,1330,184",2026-01-16 16:44,96.09,96.09,96.09,96.09,0
CA135087P329,"1,120914999,1330,184",2026-01-16 18:44,96.09,96.09,96.09,96.09,0
CA135087P329,"1,120914999,1330,184",2026-01-16 20:44,96.09,96.09,96.09,96.09,0
CA135087P329,"1,120914999,1330,184",2026-01-16 22:44,96.09,96.09,96.09,96.09,0
CA135087P329,"1,120914999,1330,184",2026-01-19 07:44,95.99,95.99,95.99,95.99,0
CA135087P329,"1,120914999,1330,184",2026-01-19 08:44,95.99,95.99,95.99,95.99,0
CA135087P329,"1,120914999,1330,184",2026-01-19 10:44,95.99,95.99,95.99,95.99,0
CA135087P329,"1,120914999,1330,184",2026-01-19 12:44,95.99,95.99,95.99,95.99,0
CA135087P329,"1,120914999,1330,184",2026-01-19 14:44,95.99,95.99,95.99,95.99,0
CA135087P329,"1,120914999,1330,184",2026-01-19 16:44,95.99,95.99,95.99,95.99,0
CA135087P329,"1,120914999,1330,184",2026-01-19 18:44,95.99,95.99,95.99,95.99,0
CA135087P329,"1,120914999,1330,184",2026-01-19 20:44,95.99,95.99,95.99,95.99,0
CA135087P329,"1,120914999,1330,184",2026-01-19 22:44,95.99,95.99,95.99,95.99,0
CA135087XG49,"1,1321208,1330,184",2026-01-05 06:44,115.74,0.0,0.0,0.0,0
CA135087XG49,"1,1321208,1330,184",2026-01-05 07:44,115.74,115.74,115.74,115.74,0
CA135087XG49,"1,1321208,1330,184",2026-01-05 08:44,115.74,115.74,115.74,115.74,0
CA135087XG49,"1,1321208,1330,184",2026-01-05 10:44,115.74,115.74,115.74,115.74,0
CA135087XG49,"1,1321208,1330,184",2026-01-05 12:44,115.93,115.93,115.93,115.93,0
CA135087XG49,"1,1321208,1330,184",2026-01-05 14:44,116.01,116.01,116.01,116.01,0
CA135087XG49,"1,1321208,1330,184",2026-01-05 16:44,116.07,116.07,116.07,116.07,0
CA135087XG49,"1,1321208,1330,184",2026-01-05 18:44,116.16,116.16,116.16,116.16,0
CA135087XG49,"1,1321208,1330,184",2026-01-05 20:44,116.195,116.195,116.195,116.195,0
CA135087XG49,"1,1321208,1330,184",2026-01-05 22:44,116.195,116.195,116.195,116.195,0
CA135087XG49,"1,1321208,1330,184",2026-01-06 07:44,116.15,116.15,116.15,116.15,0
CA135087XG49,"1,1321208,1330,184",2026-01-06 08:44,116.15,116.15,116.15,116.15,0
CA135087XG49,"1,1321208,1330,184",2026-01-06 10:44,116.15,116.15,116.15,116.15,0
CA135087XG49,"1,1321208,1330,184",2026-01-06 12:44,116.15,116.15,116.15,116.15,0
CA135087XG49,"1,1321208,1330,184",2026-01-06 14:44,116.15,116.15,116.15,116.15,0
CA135087XG49,"1,1321208,1330,184",2026-01-06 16:44,116.15,116.15,116.15,116.15,0
CA135087XG49,"1,1321208,1330,184",2026-01-06 18:44,116.15,116.15,116.15,116.15,0
CA135087XG49,"1,1321208,1330,184",2026-01-06 20:44,116.15,116.15,116.15,116.15,0
CA135087XG49,"1,1321208,1330,184",2026-01-06 22:44,116.15,116.15,116.15,116.15,0
CA135087XG49,"1,1321208,1330,184",2026-01-07 07:44,116.07,116.07,116.07,116.07,0
CA135087XG49,"1,1321208,1330,184",2026-01-07 08:44,116.07,116.07,116.07,116.07,0
CA135087XG49,"1,1321208,1330,184",2026-01-07 10:44,116.07,116.07,116.07,116.07,0
CA135087XG49,"1,1321208,1330,184",2026-01-07 12:44,116.29,116.29,116.29,116.29,0
CA135087XG49,"1,1321208,1330,184",2026-01-07 14:44,116.5,116.5,116.5,116.5,0
CA135087XG49,"1,1321208,1330,184",2026-01-07 16:44,116.5,116.5,116.5,116.5,0
CA135087XG49,"1,1321208,1330,184",2026-01-07 18:44,116.5,116.5,116.5,116.5,0
CA135087XG49,"1,1321208,1330,184",2026-01-07 20:44,116.5,116.5,116.5,116.5,0
CA135087XG49,"1,1321208,1330,184",2026-01-07 22:44,116.5,116.5,116.5,116.5,0
CA135087XG49,"1,1321208,1330,184",2026-01-08 07:44,116.26,116.26,116.26,116.26,0
CA135087XG49,"1,1321208,1330,184",2026-01-08 08:44,116.26,116.26,116.26,116.26,0
CA135087XG49,"1,1321208,1330,184",2026-01-08 10:44,116.26,116.26,116.26,116.26,0
CA135087XG49,"1,1321208,1330,184",2026-01-08 12:44,116.26,116.26,116.26,116.26,0
CA135087XG49,"1,1321208,1330,184",2026-01-08 14:44,116.26,116.26,116.26,116.26,0
CA135087XG49,"1,1321208,1330,184",2026-01-08 16:44,116.26,116.26,116.26,116.26,0
CA135087XG49,"1,1321208,1330,184",2026-01-08 18:44,116.26,116.26,116.26,116.26,0
CA135087XG49,"1,1321208,1330,184",2026-01-08 20:44,116.26,116.26,116.26,116.26,0
CA135087XG49,"1,1321208,1330,184",2026-01-08 22:44,116.27,116.27,116.27,116.27,0
CA135087XG49,"1,1321208,1330,184",2026-01-09 07:44,116.25,116.25,116.25,116.25,0
CA135087XG49,"1,1321208,1330,184",2026-01-09 08:44,116.25,116.25,116.25,116.25,0
CA135087XG49,"1,1321208,1330,184",2026-01-09 10:44,116.25,116.25,116.25,116.25,0
CA135087XG49,"1,1321208,1330,184",2026-01-09 12:44,116.25,116.25,116.25,116.25,0
CA135087XG49,"1,1321208,1330,184",2026-01-09 14:44,116.34,116.34,116.34,116.34,0
CA135087XG49,"1,1321208,1330,184",2026-01-09 16:44,116.4,116.4,116.4,116.4,0
CA135087XG49,"1,1321208,1330,184",2026-01-09 18:44,116.41,116.41,116.41,116.41,0
CA135087XG49,"1,1321208,1330,184",2026-01-09 20:44,116.41,116.41,116.41,116.41,0
CA135087XG49,"1,1321208,1330,184",2026-01-09 22:44,116.41,116.41,116.41,116.41,0
CA135087XG49,"1,1321208,1330,184",2026-01-12 07:44,116.32,116.32,116.32,116.32,0
CA135087XG49,"1,1321208,1330,184",2026-01-12 08:44,116.32,116.32,116.32,116.32,0
CA135087XG49,"1,1321208,1330,184",2026-01-12 10:44,116.32,116.32,116.32,116.32,0
CA135087XG49,"1,1321208,1330,184",2026-01-12 12:44,116.32,116.32,116.32,116.32,0
CA135087XG49,"1,1321208,1330,184",2026-01-12 14:44,116.34,116.34,116.34,116.34,0
CA135087XG49,"1,1321208,1330,184",2026-01-12 16:44,116.34,116.34,116.34,116.34,0
CA135087XG49,"1,1321208,1330,184",2026-01-12 18:44,116.34,116.34,116.34,116.34,0
CA135087XG49,"1,1321208,1330,184",2026-01-12 20:44,116.34,116.34,116.34,116.34,0
CA135087XG49,"1,1321208,1330,184",2026-01-12 22:44,116.34,116.34,116.34,116.34,0
CA135087XG49,"1,1321208,1330,184",2026-01-13 07:44,116.22,116.22,116.22,116.22,0
CA135087XG49,"1,1321208,1330,184",2026-01-13 08:44,116.22,116.22,116.22,116.22,0
CA135087XG49,"1,1321208,1330,184",2026-01-13 10:44,116.22,116.22,116.22,116.22,0
CA135087XG49,"1,1321208,1330,184",2026-01-13 12:44,116.22,116.22,116.22,116.22,0
CA135087XG49,"1,1321208,1330,184",2026-01-13 14:44,116.29,116.29,116.29,116.29,0
CA135087XG49,"1,1321208,1330,184",2026-01-13 16:44,116.29,116.29,116.29,116.29,0
CA135087XG49,"1,1321208,1330,184",2026-01-13 18:44,116.29,116.29,116.29,116.29,0
CA135087XG49,"1,1321208,1330,184",2026-01-13 20:44,116.29,116.29,116.29,116.29,0
CA135087XG49,"1,1321208,1330,184",2026-01-13 22:44,116.29,116.29,116.29,116.29,0
CA135087XG49,"1,1321208,1330,184",2026-01-14 07:44,116.16,116.16,116.16,116.16,0
CA135087XG49,"1,1321208,1330,184",2026-01-14 08:44,116.16,116.16,116.16,116.16,0
CA135087XG49,"1,1321208,1330,184",2026-01-14 10:44,116.16,116.16,116.16,116.16,0
CA135087XG49,"1,1321208,1330,184",2026-01-14 12:44,116.28,116.28,116.28,116.28,0
CA135087XG49,"1,1321208,1330,184",2026-01-14 14:44,116.32,116.32,116.32,116.32,0
CA135087XG49,"1,1321208,1330,184",2026-01-14 16:44,116.45,116.45,116.45,116.45,0
CA135087XG49,"1,1321208,1330,184",2026-01-14 18:44,116.493,116.493,116.493,116.493,0
CA135087XG49,"1,1321208,1330,184",2026-01-14 20:44,116.508,116.508,116.508,116.508,0
CA135087XG49,"1,1321208,1330,184",2026-01-14 22:44,116.533,116.533,116.533,116.533,0
CA135087XG49,"1,1321208,1330,184",2026-01-15 07:44,116.49,116.49,116.49,116.49,0
CA135087XG49,"1,1321208,1330,184",2026-01-15 08:44,116.49,116.49,116.49,116.49,0
CA135087XG49,"1,1321208,1330,184",2026-01-15 10:44,116.49,116.49,116.49,116.49,0
CA135087XG49,"1,1321208,1330,184",2026-01-15 12:44,116.49,116.49,116.49,116.49,0
CA135087XG49,"1,1321208,1330,184",2026-01-15 14:44,116.49,116.49,116.49,116.49,0
CA135087XG49,"1,1321208,1330,184",2026-01-15 15:14,116.95,116.95,116.95,116.95,4000
CA135087XG49,"1,1321208,1330,184",2026-01-15 16:44,116.95,116.95,116.95,116.95,0
CA135087XG49,"1,1321208,1330,184",2026-01-15 18:44,116.95,116.95,116.95,116.95,0
CA135087XG49,"1,1321208,1330,184",2026-01-15 20:44,116.95,116.95,116.95,116.95,0
CA135087XG49,"1,1321208,1330,184",2026-01-15 22:44,116.95,116.95,116.95,116.95,0
CA135087XG49,"1,1321208,1330,184",2026-01-16 07:44,116.47,116.47,116.47,116.47,0
CA135087XG49,"1,1321208,1330,184",2026-01-16 08:44,116.47,116.47,116.47,116.47,0
CA135087XG49,"1,1321208,1330,184",2026-01-16 10:44,116.47,116.47,116.47,116.47,0
CA135087XG49,"1,1321208,1330,184",2026-01-16 14:44,116.47,116.47,116.47,116.47,0
CA135087XG49,"1,1321208,1330,184",2026-01-16 16:44,116.62,116.62,116.62,116.62,0
CA135087XG49,"1,1321208,1330,184",2026-01-16 18:44,116.62,116.62,116.62,116.62,0
CA135087XG49,"1,1321208,1330,184",2026-01-16 20:44,116.62,116.62,116.62,116.62,0
CA135087XG49,"1,1321208,1330,184",2026-01-16 22:44,116.62,116.62,116.62,116.62,0
CA135087XG49,"1,1321208,1330,184",2026-01-19 07:44,116.31,116.31,116.31,116.31,0
CA135087XG49,"1,1321208,1330,184",2026-01-19 08:44,116.31,116.31,116.31,116.31,0
CA135087XG49,"1,1321208,1330,184",2026-01-19 10:44,116.31,116.31,116.31,116.31,0
CA135087XG49,"1,1321208,1330,184",2026-01-19 12:44,116.31,116.31,116.31,116.31,0
CA135087XG49,"1,1321208,1330,184",2026-01-19 14:44,116.39,116.39,116.39,116.39,0
CA135087XG49,"1,1321208,1330,184",2026-01-19 16:44,116.39,116.39,116.39,116.39,0
CA135087XG49,"1,1321208,1330,184",2026-01-19 18:44,116.39,116.39,116.39,116.39,0
CA135087XG49,"1,1321208,1330,184",2026-01-19 20:44,116.39,116.39,116.39,116.39,0
CA135087XG49,"1,1321208,1330,184",2026-01-19 22:44,116.39,116.39,116.39,116.39,0
CA135087Q723,"1,128007448,1330,184",2026-01-05 06:44,99.34,0.0,0.0,0.0,0
CA135087Q723,"1,128007448,1330,184",2026-01-05 07:44,99.34,99.34,99.34,99.34,0
CA135087Q723,"1,128007448,1330,184",2026-01-05 08:44,99.34,99.34,99.34,99.34,0
CA135087Q723,"1,128007448,1330,184",2026-01-05 10:44,99.34,99.34,99.34,99.34,0
CA135087Q723,"1,128007448,1330,184",2026-01-05 12:44,99.51,99.51,99.51,99.51,0
CA135087Q723,"1,128007448,1330,184",2026-01-05 14:44,99.51,99.51,99.51,99.51,0
CA135087Q723,"1,128007448,1330,184",2026-01-05 16:44,99.51,99.51,99.51,99.51,0
CA135087Q723,"1,128007448,1330,184",2026-01-05 18:44,99.61,99.61,99.61,99.61,0
CA135087Q723,"1,128007448,1330,184",2026-01-05 20:44,99.64,99.64,99.64,99.64,0
CA135087Q723,"1,128007448,1330,184",2026-01-05 22:44,99.64,99.64,99.64,99.64,0
CA135087Q723,"1,128007448,1330,184",2026-01-06 07:44,99.71,99.71,99.71,99.71,0
CA135087Q723,"1,128007448,1330,184",2026-01-06 08:44,99.71,99.71,99.71,99.71,0
CA135087Q723,"1,128007448,1330,184",2026-01-06 10:44,99.71,99.71,99.71,99.71,0
CA135087Q723,"1,128007448,1330,184",2026-01-06 12:44,99.71,99.71,99.71,99.71,0
CA135087Q723,"1,128007448,1330,184",2026-01-06 14:44,99.71,99.71,99.71,99.71,0
CA135087Q723,"1,128007448,1330,184",2026-01-06 15:14,99.985,99.985,99.985,99.985,1000
CA135087Q723,"1,128007448,1330,184",2026-01-06 16:44,99.915,99.915,99.915,99.915,0
CA135087Q723,"1,128007448,1330,184",2026-01-06 18:44,99.915,99.915,99.915,99.915,0
CA135087Q723,"1,128007448,1330,184",2026-01-06 20:44,99.915,99.915,99.915,99.915,0
CA135087Q723,"1,128007448,1330,184",2026-01-06 22:44,99.915,99.915,99.915,99.915,0
CA135087Q723,"1,128007448,1330,184",2026-01-07 07:44,99.65,99.65,99.65,99.65,0
CA135087Q723,"1,128007448,1330,184",2026-01-07 08:44,99.65,99.65,99.65,99.65,0
CA135087Q723,"1,128007448,1330,184",2026-01-07 10:44,99.65,99.65,99.65,99.65,0
CA135087Q723,"1,128007448,1330,184",2026-01-07 12:44,99.86,99.86,99.86,99.86,0
CA135087Q723,"1,128007448,1330,184",2026-01-07 14:44,99.945,99.945,99.945,99.945,0
CA135087Q723,"1,128007448,1330,184",2026-01-07 16:44,99.945,99.945,99.945,99.945,0
CA135087Q723,"1,128007448,1330,184",2026-01-07 18:44,99.945,99.945,99.945,99.945,0
CA135087Q723,"1,128007448,1330,184",2026-01-07 20:44,99.945,99.945,99.945,99.945,0
CA135087Q723,"1,128007448,1330,184",2026-01-07 22:44,99.945,99.945,99.945,99.945,0
CA135087Q723,"1,128007448,1330,184",2026-01-08 07:44,99.87,99.87,99.87,99.87,0
CA135087Q723,"1,128007448,1330,184",2026-01-08 08:44,99.87,99.87,99.87,99.87,0
CA135087Q723,"1,128007448,1330,184",2026-01-08 10:44,99.87,99.87,99.87,99.87,0
CA135087Q723,"1,128007448,1330,184",2026-01-08 12:44,99.87,99.87,99.87,99.87,0
CA135087Q723,"1,128007448,1330,184",2026-01-08 14:44,99.87,99.87,99.87,99.87,0
CA135087Q723,"1,128007448,1330,184",2026-01-08 16:44,99.87,99.87,99.87,99.87,0
CA135087Q723,"1,128007448,1330,184",2026-01-08 18:44,99.87,99.87,99.87,99.87,0
CA135087Q723,"1,128007448,1330,184",2026-01-08 20:44,99.87,99.87,99.87,99.87,0
CA135087Q723,"1,128007448,1330,184",2026-01-08 22:44,99.87,99.87,99.87,99.87,0
CA135087Q723,"1,128007448,1330,184",2026-01-09 07:44,99.83,99.83,99.83,99.83,0
CA135087Q723,"1,128007448,1330,184",2026-01-09 08:44,99.83,99.83,99.83,99.83,0
CA135087Q723,"1,128007448,1330,184",2026-01-09 10:44,99.83,99.83,99.83,99.83,0
CA135087Q723,"1,128007448,1330,184",2026-01-09 12:44,99.83,99.83,99.83,99.83,0
CA135087Q723,"1,128007448,1330,184",2026-01-09 14:44,99.83,99.83,99.83,99.83,0
CA135087Q723,"1,128007448,1330,184",2026-01-09 16:44,99.87,99.87,99.87,99.87,0
CA135087Q723,"1,128007448,1330,184",2026-01-09 18:44,99.895,99.895,99.895,99.895,0
CA135087Q723,"1,128007448,1330,184",2026-01-09 20:44,99.895,99.895,99.895,99.895,0
CA135087Q723,"1,128007448,1330,184",2026-01-09 22:44,99.895,99.895,99.895,99.895,0
CA135087Q723,"1,128007448,1330,184",2026-01-12 07:44,99.95,99.95,99.95,99.95,0
CA135087Q723,"1,128007448,1330,184",2026-01-12 08:44,99.95,99.95,99.95,99.95,0
CA135087Q723,"1,128007448,1330,184",2026-01-12 10:44,99.95,99.95,99.95,99.95,0
CA135087Q723,"1,128007448,1330,184",2026-01-12 12:44,99.95,99.95,99.95,99.95,0
CA135087Q723,"1,128007448,1330,184",2026-01-12 14:44,99.95,99.95,99.95,99.95,0
CA135087Q723,"1,128007448,1330,184",2026-01-12 16:44,99.95,99.95,99.95,99.95,0
CA135087Q723,"1,128007448,1330,184",2026-01-12 18:44,99.95,99.95,99.95,99.95,0
CA135087Q723,"1,128007448,1330,184",2026-01-12 20:44,99.95,99.95,99.95,99.95,0
CA135087Q723,"1,128007448,1330,184",2026-01-12 22:44,99.95,99.95,99.95,99.95,0
CA135087Q723,"1,128007448,1330,184",2026-01-13 07:44,99.85,99.85,99.85,99.85,0
CA135087Q723,"1,128007448,1330,184",2026-01-13 08:44,99.85,99.85,99.85,99.85,0
CA135087Q723,"1,128007448,1330,184",2026-01-13 10:44,99.85,99.85,99.85,99.85,0
CA135087Q723,"1,128007448,1330,184",2026-01-13 12:44,99.85,99.85,99.85,99.85,0
CA135087Q723,"1,128007448,1330,184",2026-01-13 14:44,99.85,99.85,99.85,99.85,0
CA135087Q723,"1,128007448,1330,184",2026-01-13 16:44,99.85,99.85,99.85,99.85,0
CA135087Q723,"1,128007448,1330,184",2026-01-13 18:44,99.85,99.85,99.85,99.85,0
CA135087Q723,"1,128007448,1330,184",2026-01-13 20:44,99.85,99.85,99.85,99.85,0
CA135087Q723,"1,128007448,1330,184",2026-01-13 22:44,99.85,99.85,99.85,99.85,0
CA135087Q723,"1,128007448,1330,184",2026-01-14 07:44,99.81,99.81,99.81,99.81,0
CA135087Q723,"1,128007448,1330,184",2026-01-14 08:44,99.81,99.81,99.81,99.81,0
CA135087Q723,"1,128007448,1330,184",2026-01-14 10:44,99.81,99.81,99.81,99.81,0
CA135087Q723,"1,128007448,1330,184",2026-01-14 12:44,99.92,99.92,99.92,99.92,0
CA135087Q723,"1,128007448,1330,184",2026-01-14 14:44,99.92,99.92,99.92,99.92,0
CA135087Q723,"1,128007448,1330,184",2026-01-14 16:44,99.93,99.93,99.93,99.93,0
CA135087Q723,"1,128007448,1330,184",2026-01-14 18:44,100.0,100.0,100.0,100.0,0
CA135087Q723,"1,128007448,1330,184",2026-01-14 20:44,100.02,100.02,100.02,100.02,0
CA135087Q723,"1,128007448,1330,184",2026-01-14 22:44,100.02,100.02,100.02,100.02,0
CA135087Q723,"1,128007448,1330,184",2026-01-15 07:44,100.13,100.13,100.13,100.13,0
CA135087Q723,"1,128007448,1330,184",2026-01-15 08:44,100.13,100.13,100.13,100.13,0
CA135087Q723,"1,128007448,1330,184",2026-01-15 10:44,100.13,100.13,100.13,100.13,0
CA135087Q723,"1,128007448,1330,184",2026-01-15 12:44,100.13,100.13,100.13,100.13,0
CA135087Q723,"1,128007448,1330,184",2026-01-15 14:44,100.13,100.13,100.13,100.13,0
CA135087Q723,"1,128007448,1330,184",2026-01-15 16:44,100.13,100.13,100.13,100.13,0
CA135087Q723,"1,128007448,1330,184",2026-01-15 18:44,100.13,100.13,100.13,100.13,0
CA135087Q723,"1,128007448,1330,184",2026-01-15 20:44,100.13,100.13,100.13,100.13,0
CA135087Q723,"1,128007448,1330,184",2026-01-15 22:44,100.13,100.13,100.13,100.13,0
CA135087Q723,"1,128007448,1330,184",2026-01-16 07:44,100.15,100.15,100.15,100.15,0
CA135087Q723,"1,128007448,1330,184",2026-01-16 08:44,100.15,100.15,100.15,100.15,0
CA135087Q723,"1,128007448,1330,184",2026-01-16 10:44,100.15,100.15,100.15,100.15,0
CA135087Q723,"1,128007448,1330,184",2026-01-16 12:44,100.15,100.15,100.15,100.15,0
CA135087Q723,"1,128007448,1330,184",2026-01-16 14:44,100.15,100.15,100.15,100.15,0
CA135087Q723,"1,128007448,1330,184",2026-01-16 16:44,100.15,100.15,100.15,100.15,0
CA135087Q723,"1,128007448,1330,184",2026-01-16 18:44,100.15,100.15,100.15,100.15,0
CA135087Q723,"1,128007448,1330,184",2026-01-16 20:44,100.15,100.15,100.15,100.15,0
CA135087Q723,"1,128007448,1330,184",2026-01-16 22:44,100.15,100.15,100.15,100.15,0
CA135087Q723,"1,128007448,1330,184",2026-01-19 07:44,100.01,100.01,100.01,100.01,0
CA135087Q723,"1,128007448,1330,184",2026-01-19 08:44,100.01,100.01,100.01,100.01,0
CA135087Q723,"1,128007448,1330,184",2026-01-19 10:44,100.01,100.01,100.01,100.01,0
CA135087Q723,"1,128007448,1330,184",2026-01-19 12:44,100.01,100.01,100.01,100.01,0
CA135087Q723,"1,128007448,1330,184",2026-01-19 14:44,100.01,100.01,100.01,100.01,0
CA135087Q723,"1,128007448,1330,184",2026-01-19 16:44,100.01,100.01,100.01,100.01,0
CA135087Q723,"1,128007448,1330,184",2026-01-19 18:44,100.01,100.01,100.01,100.01,0
CA135087Q723,"1,128007448,1330,184",2026-01-19 20:44,100.01,100.01,100.01,100.01,0
CA135087Q723,"1,128007448,1330,184",2026-01-19 22:44,100.01,100.01,100.01,100.01,0
CA135087R713,"1,133356706,1330,184",2026-01-05 06:44,101.11,0.0,0.0,0.0,0
CA135087R713,"1,133356706,1330,184",2026-01-05 07:44,101.11,101.11,101.11,101.11,0
CA135087R713,"1,133356706,1330,184",2026-01-05 08:44,101.11,101.11,101.11,101.11,0
CA135087R713,"1,133356706,1330,184",2026-01-05 10:44,101.11,101.11,101.11,101.11,0
CA135087R713,"1,133356706,1330,184",2026-01-05 12:44,101.28,101.28,101.28,101.28,0
CA135087R713,"1,133356706,1330,184",2026-01-05 14:44,101.28,101.28,101.28,101.28,0
CA135087R713,"1,133356706,1330,184",2026-01-05 16:44,101.32,101.32,101.32,101.32,0
CA135087R713,"1,133356706,1330,184",2026-01-05 18:44,101.46,101.46,101.46,101.46,0
CA135087R713,"1,133356706,1330,184",2026-01-05 20:44,101.49,101.49,101.49,101.49,0
CA135087R713,"1,133356706,1330,184",2026-01-06 07:44,101.49,101.49,101.49,101.49,0
CA135087R713,"1,133356706,1330,184",2026-01-06 08:44,101.49,101.49,101.49,101.49,0
CA135087R713,"1,133356706,1330,184",2026-01-06 12:44,101.49,101.49,101.49,101.49,0
CA135087R713,"1,133356706,1330,184",2026-01-06 14:44,101.52,101.49,101.52,0.0,5000
CA135087R713,"1,133356706,1330,184",2026-01-06 16:44,101.47,101.47,101.47,101.47,0
CA135087R713,"1,133356706,1330,184",2026-01-06 18:44,101.47,101.47,101.47,101.47,0
CA135087R713,"1,133356706,1330,184",2026-01-06 20:44,101.47,101.47,101.47,101.47,0
CA135087R713,"1,133356706,1330,184",2026-01-06 22:44,101.47,101.47,101.47,101.47,0
CA135087R713,"1,133356706,1330,184",2026-01-07 07:44,101.43,101.43,101.43,101.43,0
CA135087R713,"1,133356706,1330,184",2026-01-07 08:44,101.43,101.43,101.43,101.43,0
CA135087R713,"1,133356706,1330,184",2026-01-07 10:44,101.43,101.43,101.43,101.43,0
CA135087R713,"1,133356706,1330,184",2026-01-07 12:44,101.65,101.65,101.65,101.65,0
CA135087R713,"1,133356706,1330,184",2026-01-07 14:44,101.79,101.79,101.79,101.79,0
CA135087R713,"1,133356706,1330,184",2026-01-07 16:44,101.79,101.79,101.79,101.79,0
CA135087R713,"1,133356706,1330,184",2026-01-07 18:44,101.79,101.79,101.79,101.79,0
CA135087R713,"1,133356706,1330,184",2026-01-07 20:44,101.79,101.79,101.79,101.79,0
CA135087R713,"1,133356706,1330,184",2026-01-07 22:44,101.79,101.79,101.79,101.79,0
CA135087R713,"1,133356706,1330,184",2026-01-08 07:44,101.66,101.66,101.66,101.66,0
CA135087R713,"1,133356706,1330,184",2026-01-08 08:44,101.66,101.66,101.66,101.66,0
CA135087R713,"1,133356706,1330,184",2026-01-08 10:44,101.66,101.66,101.66,101.66,0
CA135087R713,"1,133356706,1330,184",2026-01-08 12:44,101.66,101.66,101.66,101.66,0
CA135087R713,"1,133356706,1330,184",2026-01-08 14:44,101.66,101.66,101.66,101.66,0
CA135087R713,"1,133356706,1330,184",2026-01-08 16:44,101.66,101.66,101.66,101.66,0
CA135087R713,"1,133356706,1330,184",2026-01-08 18:44,101.66,101.66,101.66,101.66,0
CA135087R713,"1,133356706,1330,184",2026-01-08 20:44,101.66,101.66,101.66,101.66,0
CA135087R713,"1,133356706,1330,184",2026-01-08 22:44,101.66,101.66,101.66,101.66,0
CA135087R713,"1,133356706,1330,184",2026-01-09 07:44,101.62,101.62,101.62,101.62,0
CA135087R713,"1,133356706,1330,184",2026-01-09 08:44,101.62,101.62,101.62,101.62,0
CA135087R713,"1,133356706,1330,184",2026-01-09 10:44,101.62,101.62,101.62,101.62,0
CA135087R713,"1,133356706,1330,184",2026-01-09 12:44,101.62,101.62,101.62,101.62,0
CA135087R713,"1,133356706,1330,184",2026-01-09 14:44,101.655,101.655,101.655,101.655,0
CA135087R713,"1,133356706,1330,184",2026-01-09 16:44,101.72,101.72,101.72,101.72,0
CA135087R713,"1,133356706,1330,184",2026-01-09 18:44,101.765,101.765,101.765,101.765,0
CA135087R713,"1,133356706,1330,184",2026-01-09 20:44,101.765,101.765,101.765,101.765,0
CA135087R713,"1,133356706,1330,184",2026-01-09 22:44,101.765,101.765,101.765,101.765,0
CA135087R713,"1,133356706,1330,184",2026-01-12 07:44,101.72,101.72,101.72,101.72,0
CA135087R713,"1,133356706,1330,184",2026-01-12 08:44,101.72,101.72,101.72,101.72,0
CA135087R713,"1,133356706,1330,184",2026-01-12 10:44,101.72,101.72,101.72,101.72,0
CA135087R713,"1,133356706,1330,184",2026-01-12 12:44,101.72,101.72,101.72,101.72,0
CA135087R713,"1,133356706,1330,184",2026-01-12 14:44,101.72,101.72,101.72,101.72,0
CA135087R713,"1,133356706,1330,184",2026-01-12 16:44,101.72,101.72,101.72,101.72,0
CA135087R713,"1,133356706,1330,184",2026-01-12 18:44,101.72,101.72,101.72,101.72,0
CA135087R713,"1,133356706,1330,184",2026-01-12 20:44,101.72,101.72,101.72,101.72,0
CA135087R713,"1,133356706,1330,184",2026-01-12 22:44,101.72,101.72,101.72,101.72,0
CA135087R713,"1,133356706,1330,184",2026-01-13 07:44,101.64,101.64,101.64,101.64,0
CA135087R713,"1,133356706,1330,184",2026-01-13 08:44,101.64,101.64,101.64,101.64,0
CA135087R713,"1,133356706,1330,184",2026-01-13 10:44,101.64,101.64,101.64,101.64,0
CA135087R713,"1,133356706,1330,184",2026-01-13 12:44,101.64,101.64,101.64,101.64,0
CA135087R713,"1,133356706,1330,184",2026-01-13 14:44,101.64,101.64,101.64,101.64,0
CA135087R713,"1,133356706,1330,184",2026-01-13 16:44,101.64,101.64,101.64,101.64,0
CA135087R713,"1,133356706,1330,184",2026-01-13 18:44,101.64,101.64,101.64,101.64,0
CA135087R713,"1,133356706,1330,184",2026-01-13 20:44,101.64,101.64,101.64,101.64,0
CA135087R713,"1,133356706,1330,184",2026-01-13 22:44,101.64,101.64,101.64,101.64,0
CA135087R713,"1,133356706,1330,184",2026-01-14 07:44,101.59,101.59,101.59,101.59,0
CA135087R713,"1,133356706,1330,184",2026-01-14 08:44,101.59,101.59,101.59,101.59,0
CA135087R713,"1,133356706,1330,184",2026-01-14 10:44,101.59,101.59,101.59,101.59,0
CA135087R713,"1,133356706,1330,184",2026-01-14 12:44,101.7,101.7,101.7,101.7,0
CA135087R713,"1,133356706,1330,184",2026-01-14 14:44,101.7,101.7,101.7,101.7,0
CA135087R713,"1,133356706,1330,184",2026-01-14 16:44,101.77,101.77,101.77,101.77,0
CA135087R713,"1,133356706,1330,184",2026-01-14 18:44,101.87,101.87,101.87,101.87,0
CA135087R713,"1,133356706,1330,184",2026-01-14 20:44,101.89,101.89,101.89,101.89,0
CA135087R713,"1,133356706,1330,184",2026-01-14 22:44,101.89,101.89,101.89,101.89,0
CA135087R713,"1,133356706,1330,184",2026-01-15 07:44,101.88,101.88,101.88,101.88,0
CA135087R713,"1,133356706,1330,184",2026-01-15 10:44,101.88,101.88,101.88,101.88,0
CA135087R713,"1,133356706,1330,184",2026-01-15 12:44,101.91,101.91,101.91,101.91,0
CA135087R713,"1,133356706,1330,184",2026-01-15 14:44,101.91,101.91,101.91,101.91,0
CA135087R713,"1,133356706,1330,184",2026-01-15 16:44,101.91,101.91,101.91,101.91,0
CA135087R713,"1,133356706,1330,184",2026-01-15 18:44,101.93,101.93,101.93,101.93,0
CA135087R713,"1,133356706,1330,184",2026-01-15 20:44,101.94,101.94,101.94,101.94,0
CA135087R713,"1,133356706,1330,184",2026-01-15 22:44,101.94,101.94,101.94,101.94,0
CA135087R713,"1,133356706,1330,184",2026-01-16 07:44,101.94,101.94,101.94,101.94,0
CA135087R713,"1,133356706,1330,184",2026-01-16 08:44,101.94,101.94,101.94,101.94,0
CA135087R713,"1,133356706,1330,184",2026-01-16 10:44,101.94,101.94,101.94,101.94,0
CA135087R713,"1,133356706,1330,184",2026-01-16 12:44,101.94,101.94,101.94,101.94,0
CA135087R713,"1,133356706,1330,184",2026-01-16 14:44,101.94,101.94,101.94,101.94,0
CA135087R713,"1,133356706,1330,184",2026-01-16 16:44,101.99,101.99,101.99,101.99,0
CA135087R713,"1,133356706,1330,184",2026-01-16 18:44,101.99,101.99,101.99,101.99,0
CA135087R713,"1,133356706,1330,184",2026-01-16 20:44,101.99,101.99,101.99,101.99,0
CA135087R713,"1,133356706,1330,184",2026-01-16 22:44,101.985,101.985,101.985,101.985,0
CA135087R713,"1,133356706,1330,184",2026-01-19 07:44,101.74,101.74,101.74,101.74,0
CA135087R713,"1,133356706,1330,184",2026-01-19 08:44,101.74,101.74,101.74,101.74,0
CA135087R713,"1,133356706,1330,184",2026-01-19 10:44,101.74,101.74,101.74,101.74,0
CA135087R713,"1,133356706,1330,184",2026-01-19 12:44,101.74,101.74,101.74,101.74,0
CA135087R713,"1,133356706,1330,184",2026-01-19 14:44,101.74,101.74,101.74,101.74,0
CA135087R713,"1,133356706,1330,184",2026-01-19 16:44,101.74,101.74,101.74,101.74,0
CA135087R713,"1,133356706,1330,184",2026-01-19 18:44,101.74,101.74,101.74,101.74,0
CA135087R713,"1,133356706,1330,184",2026-01-19 20:44,101.74,101.74,101.74,101.74,0
CA135087R713,"1,133356706,1330,184",2026-01-19 22:44,101.74,101.74,101.74,101.74,0
CA135087R481,"1,131843886,1330,184",2026-01-05 06:44,97.36,0.0,0.0,0.0,0
CA135087R481,"1,131843886,1330,184",2026-01-05 07:44,97.36,97.36,97.36,97.36,0
CA135087R481,"1,131843886,1330,184",2026-01-05 08:44,97.36,97.36,97.36,97.36,0
CA135087R481,"1,131843886,1330,184",2026-01-05 10:44,97.36,97.36,97.36,97.36,0
CA135087R481,"1,131843886,1330,184",2026-01-05 12:44,97.53,97.53,97.53,97.53,0
CA135087R481,"1,131843886,1330,184",2026-01-05 14:44,97.53,97.53,97.53,97.53,0
CA135087R481,"1,131843886,1330,184",2026-01-05 16:44,97.57,97.57,97.57,97.57,0
CA135087R481,"1,131843886,1330,184",2026-01-05 18:44,97.71,97.71,97.71,97.71,0
CA135087R481,"1,131843886,1330,184",2026-01-05 20:44,97.75,97.75,97.75,97.75,0
CA135087R481,"1,131843886,1330,184",2026-01-05 22:44,97.75,97.75,97.75,97.75,0
CA135087R481,"1,131843886,1330,184",2026-01-06 07:44,97.74,97.74,97.74,97.74,0
CA135087R481,"1,131843886,1330,184",2026-01-06 08:44,97.74,97.74,97.74,97.74,0
CA135087R481,"1,131843886,1330,184",2026-01-06 10:44,97.74,97.74,97.74,97.74,0
CA135087R481,"1,131843886,1330,184",2026-01-06 12:44,97.74,97.74,97.74,97.74,0
CA135087R481,"1,131843886,1330,184",2026-01-06 14:44,97.74,97.74,97.74,97.74,0
CA135087R481,"1,131843886,1330,184",2026-01-06 15:29,97.59,97.59,97.59,97.59,4000
CA135087R481,"1,131843886,1330,184",2026-01-06 16:44,97.68,97.68,97.68,97.68,0
CA135087R481,"1,131843886,1330,184",2026-01-06 18:44,97.68,97.68,97.68,97.68,0
CA135087R481,"1,131843886,1330,184",2026-01-06 20:44,97.68,97.68,97.68,97.68,0
CA135087R481,"1,131843886,1330,184",2026-01-06 22:44,97.68,97.68,97.68,97.68,0
CA135087R481,"1,131843886,1330,184",2026-01-07 07:44,97.67,97.67,97.67,97.67,0
CA135087R481,"1,131843886,1330,184",2026-01-07 08:44,97.67,97.67,97.67,97.67,0
CA135087R481,"1,131843886,1330,184",2026-01-07 10:44,97.67,97.67,97.67,97.67,0
CA135087R481,"1,131843886,1330,184",2026-01-07 12:44,97.9,97.9,97.9,97.9,0
CA135087R481,"1,131843886,1330,184",2026-01-07 14:44,98.03,98.03,98.03,98.03,0
CA135087R481,"1,131843886,1330,184",2026-01-07 16:44,98.03,98.03,98.03,98.03,0
CA135087R481,"1,131843886,1330,184",2026-01-07 18:44,98.03,98.03,98.03,98.03,0
CA135087R481,"1,131843886,1330,184",2026-01-07 20:44,98.03,98.03,98.03,98.03,0
CA135087R481,"1,131843886,1330,184",2026-01-07 22:44,98.03,98.03,98.03,98.03,0
CA135087R481,"1,131843886,1330,184",2026-01-08 07:44,97.92,97.92,97.92,97.92,0
CA135087R481,"1,131843886,1330,184",2026-01-08 08:44,97.92,97.92,97.92,97.92,0
CA135087R481,"1,131843886,1330,184",2026-01-08 10:44,97.92,97.92,97.92,97.92,0
CA135087R481,"1,131843886,1330,184",2026-01-08 12:44,97.92,97.92,97.92,97.92,0
CA135087R481,"1,131843886,1330,184",2026-01-08 14:44,97.9,97.9,97.9,97.9,0
CA135087R481,"1,131843886,1330,184",2026-01-08 16:44,97.9,97.9,97.9,97.9,0
CA135087R481,"1,131843886,1330,184",2026-01-08 18:44,97.9,97.9,97.9,97.9,0
CA135087R481,"1,131843886,1330,184",2026-01-08 20:44,97.9,97.9,97.9,97.9,0
CA135087R481,"1,131843886,1330,184",2026-01-08 22:44,97.9,97.9,97.9,97.9,0
CA135087R481,"1,131843886,1330,184",2026-01-09 07:44,97.87,97.87,97.87,97.87,0
CA135087R481,"1,131843886,1330,184",2026-01-09 08:44,97.87,97.87,97.87,97.87,0
CA135087R481,"1,131843886,1330,184",2026-01-09 10:44,97.87,97.87,97.87,97.87,0
CA135087R481,"1,131843886,1330,184",2026-01-09 12:44,97.87,97.87,97.87,97.87,0
CA135087R481,"1,131843886,1330,184",2026-01-09 14:44,97.91,97.91,97.91,97.91,0
CA135087R481,"1,131843886,1330,184",2026-01-09 16:44,97.96,97.96,97.96,97.96,0
CA135087R481,"1,131843886,1330,184",2026-01-09 18:44,98.025,98.025,98.025,98.025,0
CA135087R481,"1,131843886,1330,184",2026-01-09 20:44,98.025,98.025,98.025,98.025,0
CA135087R481,"1,131843886,1330,184",2026-01-09 22:44,98.025,98.025,98.025,98.025,0
CA135087R481,"1,131843886,1330,184",2026-01-12 07:44,98.0,98.0,98.0,98.0,0
CA135087R481,"1,131843886,1330,184",2026-01-12 08:44,98.0,98.0,98.0,98.0,0
CA135087R481,"1,131843886,1330,184",2026-01-12 10:44,98.0,98.0,98.0,98.0,0
CA135087R481,"1,131843886,1330,184",2026-01-12 12:44,98.0,98.0,98.0,98.0,0
CA135087R481,"1,131843886,1330,184",2026-01-12 14:44,98.0,98.0,98.0,98.0,0
CA135087R481,"1,131843886,1330,184",2026-01-12 16:44,97.99,97.99,97.99,97.99,0
CA135087R481,"1,131843886,1330,184",2026-01-12 18:44,97.99,97.99,97.99,97.99,0
CA135087R481,"1,131843886,1330,184",2026-01-12 20:44,97.99,97.99,97.99,97.99,0
CA135087R481,"1,131843886,1330,184",2026-01-12 22:44,97.99,97.99,97.99,97.99,0
CA135087R481,"1,131843886,1330,184",2026-01-13 07:44,97.9,97.9,97.9,97.9,0
CA135087R481,"1,131843886,1330,184",2026-01-13 08:44,97.9,97.9,97.9,97.9,0
CA135087R481,"1,131843886,1330,184",2026-01-13 10:44,97.9,97.9,97.9,97.9,0
CA135087R481,"1,131843886,1330,184",2026-01-13 12:44,97.9,97.9,97.9,97.9,0
CA135087R481,"1,131843886,1330,184",2026-01-13 14:44,97.9,97.9,97.9,97.9,0
CA135087R481,"1,131843886,1330,184",2026-01-13 16:44,97.9,97.9,97.9,97.9,0
CA135087R481,"1,131843886,1330,184",2026-01-13 18:44,97.9,97.9,97.9,97.9,0
CA135087R481,"1,131843886,1330,184",2026-01-13 20:44,97.9,97.9,97.9,97.9,0
CA135087R481,"1,131843886,1330,184",2026-01-13 22:44,97.9,97.9,97.9,97.9,0
CA135087R481,"1,131843886,1330,184",2026-01-14 07:44,97.85,97.85,97.85,97.85,0
CA135087R481,"1,131843886,1330,184",2026-01-14 08:44,97.85,97.85,97.85,97.85,0
CA135087R481,"1,131843886,1330,184",2026-01-14 10:44,97.85,97.85,97.85,97.85,0
CA135087R481,"1,131843886,1330,184",2026-01-14 12:44,97.96,97.96,97.96,97.96,0
CA135087R481,"1,131843886,1330,184",2026-01-14 14:44,97.96,97.96,97.96,97.96,0
CA135087R481,"1,131843886,1330,184",2026-01-14 16:44,98.05,98.05,98.05,98.05,0
CA135087R481,"1,131843886,1330,184",2026-01-14 18:44,98.15,98.15,98.15,98.15,0
CA135087R481,"1,131843886,1330,184",2026-01-14 20:44,98.17,98.17,98.17,98.17,0
CA135087R481,"1,131843886,1330,184",2026-01-14 22:44,98.17,98.17,98.17,98.17,0
CA135087R481,"1,131843886,1330,184",2026-01-15 07:44,98.2,98.2,98.2,98.2,0
CA135087R481,"1,131843886,1330,184",2026-01-15 08:44,98.2,98.2,98.2,98.2,0
CA135087R481,"1,131843886,1330,184",2026-01-15 10:44,98.2,98.2,98.2,98.2,0
CA135087R481,"1,131843886,1330,184",2026-01-15 14:44,98.2,98.2,98.2,98.2,0
CA135087R481,"1,131843886,1330,184",2026-01-15 16:44,98.2,98.2,98.2,98.2,0
CA135087R481,"1,131843886,1330,184",2026-01-15 18:44,98.23,98.23,98.23,98.23,0
CA135087R481,"1,131843886,1330,184",2026-01-15 20:44,98.23,98.23,98.23,98.23,0
CA135087R481,"1,131843886,1330,184",2026-01-15 22:44,98.23,98.23,98.23,98.23,0
CA135087R481,"1,131843886,1330,184",2026-01-16 07:44,98.23,98.23,98.23,98.23,0
CA135087R481,"1,131843886,1330,184",2026-01-16 08:44,98.23,98.23,98.23,98.23,0
CA135087R481,"1,131843886,1330,184",2026-01-16 10:44,98.23,98.23,98.23,98.23,0
CA135087R481,"1,131843886,1330,184",2026-01-16 12:44,98.23,98.23,98.23,98.23,0
CA135087R481,"1,131843886,1330,184",2026-01-16 14:44,98.23,98.23,98.23,98.23,0
CA135087R481,"1,131843886,1330,184",2026-01-16 16:44,98.28,98.28,98.28,98.28,0
CA135087R481,"1,131843886,1330,184",2026-01-16 18:44,98.28,98.28,98.28,98.28,0
CA135087R481,"1,131843886,1330,184",2026-01-16 20:44,98.255,98.255,98.255,98.255,0
CA135087R481,"1,131843886,1330,184",2026-01-16 22:44,98.25,98.25,98.25,98.25,0
CA135087R481,"1,131843886,1330,184",2026-01-19 07:44,98.08,98.08,98.08,98.08,0
CA135087R481,"1,131843886,1330,184",2026-01-19 08:44,98.08,98.08,98.08,98.08,0
CA135087R481,"1,131843886,1330,184",2026-01-19 10:44,98.08,98.08,98.08,98.08,0
CA135087R481,"1,131843886,1330,184",2026-01-19 12:44,98.08,98.08,98.08,98.08,0
CA135087R481,"1,131843886,1330,184",2026-01-19 14:44,98.08,98.08,98.08,98.08,0
CA135087R481,"1,131843886,1330,184",2026-01-19 16:44,98.08,98.08,98.08,98.08,0
CA135087R481,"1,131843886,1330,184",2026-01-19 18:44,98.08,98.08,98.08,98.08,0
CA135087R481,"1,131843886,1330,184",2026-01-19 20:44,98.08,98.08,98.08,98.08,0
CA135087R481,"1,131843886,1330,184",2026-01-19 22:44,98.08,98.08,98.08,98.08,0
CA135087S216,"1,136888775,1330,184",2026-01-05 06:44,98.84,0.0,0.0,0.0,0
CA135087S216,"1,136888775,1330,184",2026-01-05 07:44,98.84,98.84,98.84,98.84,0
CA135087S216,"1,136888775,1330,184",2026-01-05 08:44,98.84,98.84,98.84,98.84,0
CA135087S216,"1,136888775,1330,184",2026-01-05 10:44,98.84,98.84,98.84,98.84,0
CA135087S216,"1,136888775,1330,184",2026-01-05 12:44,99.02,99.02,99.02,99.02,0
CA135087S216,"1,136888775,1330,184",2026-01-05 14:44,99.02,99.02,99.02,99.02,0
CA135087S216,"1,136888775,1330,184",2026-01-05 16:44,99.04,99.04,99.04,99.04,0
CA135087S216,"1,136888775,1330,184",2026-01-05 18:44,99.188,99.188,99.188,99.188,0
CA135087S216,"1,136888775,1330,184",2026-01-05 20:44,99.228,99.228,99.228,99.228,0
CA135087S216,"1,136888775,1330,184",2026-01-05 22:44,99.228,99.228,99.228,99.228,0
CA135087S216,"1,136888775,1330,184",2026-01-06 07:44,99.24,99.24,99.24,99.24,0
CA135087S216,"1,136888775,1330,184",2026-01-06 08:44,99.24,99.24,99.24,99.24,0
CA135087S216,"1,136888775,1330,184",2026-01-06 10:44,99.24,99.24,99.24,99.24,0
CA135087S216,"1,136888775,1330,184",2026-01-06 12:44,99.24,99.24,99.24,99.24,0
CA135087S216,"1,136888775,1330,184",2026-01-06 14:44,99.23,99.23,99.23,99.23,0
CA135087S216,"1,136888775,1330,184",2026-01-06 16:44,99.17,99.17,99.17,99.17,0
CA135087S216,"1,136888775,1330,184",2026-01-06 18:44,99.17,99.17,99.17,99.17,0
CA135087S216,"1,136888775,1330,184",2026-01-06 20:44,99.17,99.17,99.17,99.17,0
CA135087S216,"1,136888775,1330,184",2026-01-06 22:44,99.17,99.17,99.17,99.17,0
CA135087S216,"1,136888775,1330,184",2026-01-07 07:44,99.17,99.17,99.17,99.17,0
CA135087S216,"1,136888775,1330,184",2026-01-07 08:44,99.17,99.17,99.17,99.17,0
CA135087S216,"1,136888775,1330,184",2026-01-07 10:44,99.17,99.17,99.17,99.17,0
CA135087S216,"1,136888775,1330,184",2026-01-07 12:44,99.4,99.4,99.4,99.4,0
CA135087S216,"1,136888775,1330,184",2026-01-07 14:44,99.54,99.54,99.54,99.54,0
CA135087S216,"1,136888775,1330,184",2026-01-07 16:44,99.54,99.54,99.54,99.54,0
CA135087S216,"1,136888775,1330,184",2026-01-07 18:44,99.54,99.54,99.54,99.54,0
CA135087S216,"1,136888775,1330,184",2026-01-07 20:44,99.54,99.54,99.54,99.54,0
CA135087S216,"1,136888775,1330,184",2026-01-07 22:44,99.54,99.54,99.54,99.54,0
CA135087S216,"1,136888775,1330,184",2026-01-08 07:44,99.41,99.41,99.41,99.41,0
CA135087S216,"1,136888775,1330,184",2026-01-08 08:44,99.41,99.41,99.41,99.41,0
CA135087S216,"1,136888775,1330,184",2026-01-08 10:44,99.41,99.41,99.41,99.41,0
CA135087S216,"1,136888775,1330,184",2026-01-08 12:44,99.41,99.41,99.41,99.41,0
CA135087S216,"1,136888775,1330,184",2026-01-08 14:44,99.37,99.37,99.37,99.37,0
CA135087S216,"1,136888775,1330,184",2026-01-08 16:44,99.37,99.37,99.37,99.37,0
CA135087S216,"1,136888775,1330,184",2026-01-08 18:44,99.37,99.37,99.37,99.37,0
CA135087S216,"1,136888775,1330,184",2026-01-08 20:44,99.37,99.37,99.37,99.37,0
CA135087S216,"1,136888775,1330,184",2026-01-08 22:44,99.37,99.37,99.37,99.37,0
CA135087S216,"1,136888775,1330,184",2026-01-09 07:44,99.38,99.38,99.38,99.38,0
CA135087S216,"1,136888775,1330,184",2026-01-09 08:44,99.38,99.38,99.38,99.38,0
CA135087S216,"1,136888775,1330,184",2026-01-09 10:44,99.38,99.38,99.38,99.38,0
CA135087S216,"1,136888775,1330,184",2026-01-09 12:44,99.38,99.38,99.38,99.38,0
CA135087S216,"1,136888775,1330,184",2026-01-09 14:44,99.39,99.39,99.39,99.39,0
CA135087S216,"1,136888775,1330,184",2026-01-09 16:44,99.45,99.45,99.45,99.45,0
CA135087S216,"1,136888775,1330,184",2026-01-09 18:44,99.504,99.504,99.504,99.504,0
CA135087S216,"1,136888775,1330,184",2026-01-09 20:44,99.504,99.504,99.504,99.504,0
CA135087S216,"1,136888775,1330,184",2026-01-09 22:44,99.504,99.504,99.504,99.504,0
CA135087S216,"1,136888775,1330,184",2026-01-12 07:44,99.51,99.51,99.51,99.51,0
CA135087S216,"1,136888775,1330,184",2026-01-12 10:44,99.51,99.51,99.51,99.51,0
CA135087S216,"1,136888775,1330,184",2026-01-12 12:44,99.51,99.51,99.51,99.51,0
CA135087S216,"1,136888775,1330,184",2026-01-12 14:44,99.51,99.51,99.51,99.51,0
CA135087S216,"1,136888775,1330,184",2026-01-12 16:44,99.5,99.5,99.5,99.5,0
CA135087S216,"1,136888775,1330,184",2026-01-12 18:44,99.5,99.5,99.5,99.5,0
CA135087S216,"1,136888775,1330,184",2026-01-12 20:44,99.5,99.5,99.5,99.5,0
CA135087S216,"1,136888775,1330,184",2026-01-12 22:44,99.5,99.5,99.5,99.5,0
CA135087S216,"1,136888775,1330,184",2026-01-13 07:44,99.4,99.4,99.4,99.4,0
CA135087S216,"1,136888775,1330,184",2026-01-13 08:44,99.4,99.4,99.4,99.4,0
CA135087S216,"1,136888775,1330,184",2026-01-13 10:44,99.4,99.4,99.4,99.4,0
CA135087S216,"1,136888775,1330,184",2026-01-13 12:44,99.4,99.4,99.4,99.4,0
CA135087S216,"1,136888775,1330,184",2026-01-13 14:44,99.4,99.4,99.4,99.4,0
CA135087S216,"1,136888775,1330,184",2026-01-13 18:44,99.4,99.4,99.4,99.4,0
CA135087S216,"1,136888775,1330,184",2026-01-13 20:44,99.4,99.4,99.4,99.4,0
CA135087S216,"1,136888775,1330,184",2026-01-13 22:44,99.4,99.4,99.4,99.4,0
CA135087S216,"1,136888775,1330,184",2026-01-14 07:44,99.34,99.34,99.34,99.34,0
CA135087S216,"1,136888775,1330,184",2026-01-14 08:44,99.34,99.34,99.34,99.34,0
CA135087S216,"1,136888775,1330,184",2026-01-14 10:44,99.34,99.34,99.34,99.34,0
CA135087S216,"1,136888775,1330,184",2026-01-14 12:44,99.46,99.46,99.46,99.46,0
CA135087S216,"1,136888775,1330,184",2026-01-14 14:44,99.46,99.46,99.46,99.46,0
CA135087S216,"1,136888775,1330,184",2026-01-14 16:44,99.53,99.53,99.53,99.53,0
CA135087S216,"1,136888775,1330,184",2026-01-14 18:44,99.634,99.634,99.634,99.634,0
CA135087S216,"1,136888775,1330,184",2026-01-14 20:44,99.654,99.654,99.654,99.654,0
CA135087S216,"1,136888775,1330,184",2026-01-14 22:44,99.664,99.664,99.664,99.664,0
CA135087S216,"1,136888775,1330,184",2026-01-15 07:44,99.72,99.72,99.72,99.72,0
CA135087S216,"1,136888775,1330,184",2026-01-15 08:44,99.72,99.72,99.72,99.72,0
CA135087S216,"1,136888775,1330,184",2026-01-15 10:44,99.72,99.72,99.72,99.72,0
CA135087S216,"1,136888775,1330,184",2026-01-15 12:44,99.72,99.72,99.72,99.72,0
CA135087S216,"1,136888775,1330,184",2026-01-15 14:44,99.72,99.72,99.72,99.72,0
CA135087S216,"1,136888775,1330,184",2026-01-15 16:44,99.72,99.72,99.72,99.72,0
CA135087S216,"1,136888775,1330,184",2026-01-15 18:44,99.744,99.744,99.744,99.744,0
CA135087S216,"1,136888775,1330,184",2026-01-15 20:44,99.744,99.744,99.744,99.744,0
CA135087S216,"1,136888775,1330,184",2026-01-15 22:44,99.744,99.744,99.744,99.744,0
CA135087S216,"1,136888775,1330,184",2026-01-16 07:44,99.75,99.75,99.75,99.75,0
CA135087S216,"1,136888775,1330,184",2026-01-16 08:44,99.75,99.75,99.75,99.75,0
CA135087S216,"1,136888775,1330,184",2026-01-16 10:44,99.75,99.75,99.75,99.75,0
CA135087S216,"1,136888775,1330,184",2026-01-16 12:44,99.75,99.75,99.75,99.75,0
CA135087S216,"1,136888775,1330,184",2026-01-16 14:44,99.75,99.75,99.75,99.75,0
CA135087S216,"1,136888775,1330,184",2026-01-16 16:44,99.78,99.78,99.78,99.78,0
CA135087S216,"1,136888775,1330,184",2026-01-16 18:44,99.78,99.78,99.78,99.78,0
CA135087S216,"1,136888775,1330,184",2026-01-16 20:44,99.78,99.78,99.78,99.78,0
CA135087S216,"1,136888775,1330,184",2026-01-16 22:44,99.78,99.78,99.78,99.78,0
CA135087S216,"1,136888775,1330,184",2026-01-19 07:44,99.59,99.59,99.59,99.59,0
CA135087S216,"1,136888775,1330,184",2026-01-19 08:44,99.59,99.59,99.59,99.59,0
CA135087S216,"1,136888775,1330,184",2026-01-19 10:44,99.59,99.59,99.59,99.59,0
CA135087S216,"1,136888775,1330,184",2026-01-19 12:44,99.59,99.59,99.59,99.59,0
CA135087S216,"1,136888775,1330,184",2026-01-19 14:44,99.59,99.59,99.59,99.59,0
CA135087S216,"1,136888775,1330,184",2026-01-19 16:44,99.59,99.59,99.59,99.59,0
CA135087S216,"1,136888775,1330,184",2026-01-19 18:44,99.59,99.59,99.59,99.59,0
CA135087S216,"1,136888775,1330,184",2026-01-19 20:44,99.59,99.59,99.59,99.59,0
CA135087S216,"1,136888775,1330,184",2026-01-19 22:44,99.59,99.59,99.59,99.59,0
CA135087S620,"1,141608780,1330,184",2026-01-05 06:44,98.48,0.0,0.0,0.0,0
CA135087S620,"1,141608780,1330,184",2026-01-05 07:44,98.48,98.48,98.48,98.48,0
CA135087S620,"1,141608780,1330,184",2026-01-05 08:44,98.48,98.48,98.48,98.48,0
CA135087S620,"1,141608780,1330,184",2026-01-05 10:44,98.48,98.48,98.48,98.48,0
CA135087S620,"1,141608780,1330,184",2026-01-05 12:44,98.67,98.67,98.67,98.67,0
CA135087S620,"1,141608780,1330,184",2026-01-05 14:44,98.67,98.67,98.67,98.67,0
CA135087S620,"1,141608780,1330,184",2026-01-05 16:44,98.69,98.69,98.69,98.69,0
CA135087S620,"1,141608780,1330,184",2026-01-05 18:44,98.795,98.795,98.795,98.795,0
CA135087S620,"1,141608780,1330,184",2026-01-05 20:44,98.835,98.835,98.835,98.835,0
CA135087S620,"1,141608780,1330,184",2026-01-05 22:44,98.835,98.835,98.835,98.835,0
CA135087S620,"1,141608780,1330,184",2026-01-06 07:44,98.89,98.89,98.89,98.89,0
CA135087S620,"1,141608780,1330,184",2026-01-06 08:44,98.89,98.89,98.89,98.89,0
CA135087S620,"1,141608780,1330,184",2026-01-06 10:44,98.89,98.89,98.89,98.89,0
CA135087S620,"1,141608780,1330,184",2026-01-06 12:44,98.89,98.89,98.89,98.89,0
CA135087S620,"1,141608780,1330,184",2026-01-06 14:44,98.89,98.89,98.89,98.89,0
CA135087S620,"1,141608780,1330,184",2026-01-06 16:44,98.81,98.81,98.81,98.81,0
CA135087S620,"1,141608780,1330,184",2026-01-06 18:44,98.81,98.81,98.81,98.81,0
CA135087S620,"1,141608780,1330,184",2026-01-06 20:44,98.81,98.81,98.81,98.81,0
CA135087S620,"1,141608780,1330,184",2026-01-06 22:44,98.81,98.81,98.81,98.81,0
CA135087S620,"1,141608780,1330,184",2026-01-07 07:44,98.82,98.82,98.82,98.82,0
CA135087S620,"1,141608780,1330,184",2026-01-07 08:44,98.82,98.82,98.82,98.82,0
CA135087S620,"1,141608780,1330,184",2026-01-07 10:44,98.82,98.82,98.82,98.82,0
CA135087S620,"1,141608780,1330,184",2026-01-07 12:44,99.06,99.06,99.06,99.06,0
CA135087S620,"1,141608780,1330,184",2026-01-07 14:44,99.21,99.21,99.21,99.21,0
CA135087S620,"1,141608780,1330,184",2026-01-07 16:44,99.21,99.21,99.21,99.21,0
CA135087S620,"1,141608780,1330,184",2026-01-07 18:44,99.21,99.21,99.21,99.21,0
CA135087S620,"1,141608780,1330,184",2026-01-07 20:44,99.21,99.21,99.21,99.21,0
CA135087S620,"1,141608780,1330,184",2026-01-07 22:44,99.21,99.21,99.21,99.21,0
CA135087S620,"1,141608780,1330,184",2026-01-08 07:44,99.08,99.08,99.08,99.08,0
CA135087S620,"1,141608780,1330,184",2026-01-08 08:44,99.08,99.08,99.08,99.08,0
CA135087S620,"1,141608780,1330,184",2026-01-08 10:44,99.08,99.08,99.08,99.08,0
CA135087S620,"1,141608780,1330,184",2026-01-08 12:44,99.08,99.08,99.08,99.08,0
CA135087S620,"1,141608780,1330,184",2026-01-08 14:44,99.03,99.03,99.03,99.03,0
CA135087S620,"1,141608780,1330,184",2026-01-08 16:44,99.03,99.03,99.03,99.03,0
CA135087S620,"1,141608780,1330,184",2026-01-08 18:44,99.03,99.03,99.03,99.03,0
CA135087S620,"1,141608780,1330,184",2026-01-08 20:44,99.03,99.03,99.03,99.03,0
CA135087S620,"1,141608780,1330,184",2026-01-08 22:44,99.03,99.03,99.03,99.03,0
CA135087S620,"1,141608780,1330,184",2026-01-09 07:44,99.05,99.05,99.05,99.05,0
CA135087S620,"1,141608780,1330,184",2026-01-09 08:44,99.05,99.05,99.05,99.05,0
CA135087S620,"1,141608780,1330,184",2026-01-09 10:44,99.05,99.05,99.05,99.05,0
CA135087S620,"1,141608780,1330,184",2026-01-09 12:44,99.05,99.05,99.05,99.05,0
CA135087S620,"1,141608780,1330,184",2026-01-09 14:44,99.06,99.06,99.06,99.06,0
CA135087S620,"1,141608780,1330,184",2026-01-09 16:44,99.13,99.13,99.13,99.13,0
CA135087S620,"1,141608780,1330,184",2026-01-09 18:44,99.13,99.13,99.13,99.13,0
CA135087S620,"1,141608780,1330,184",2026-01-09 20:44,99.13,99.13,99.13,99.13,0
CA135087S620,"1,141608780,1330,184",2026-01-09 22:44,99.13,99.13,99.13,99.13,0
CA135087S620,"1,141608780,1330,184",2026-01-12 07:44,99.13,99.13,99.13,99.13,0
CA135087S620,"1,141608780,1330,184",2026-01-12 08:44,99.13,99.13,99.13,99.13,0
CA135087S620,"1,141608780,1330,184",2026-01-12 10:44,99.13,99.13,99.13,99.13,0
CA135087S620,"1,141608780,1330,184",2026-01-12 12:44,99.13,99.13,99.13,99.13,0
CA135087S620,"1,141608780,1330,184",2026-01-12 14:44,99.13,99.13,99.13,99.13,0
CA135087S620,"1,141608780,1330,184",2026-01-12 16:44,99.13,99.13,99.13,99.13,0
CA135087S620,"1,141608780,1330,184",2026-01-12 20:44,99.13,99.13,99.13,99.13,0
CA135087S620,"1,141608780,1330,184",2026-01-12 22:44,99.13,99.13,99.13,99.13,0
CA135087S620,"1,141608780,1330,184",2026-01-13 07:44,99.06,99.06,99.06,99.06,0
CA135087S620,"1,141608780,1330,184",2026-01-13 08:44,99.06,99.06,99.06,99.06,0
CA135087S620,"1,141608780,1330,184",2026-01-13 10:44,99.06,99.06,99.06,99.06,0
CA135087S620,"1,141608780,1330,184",2026-01-13 12:44,99.06,99.06,99.06,99.06,0
CA135087S620,"1,141608780,1330,184",2026-01-13 14:44,99.06,99.06,99.06,99.06,0
CA135087S620,"1,141608780,1330,184",2026-01-13 16:44,99.06,99.06,99.06,99.06,0
CA135087S620,"1,141608780,1330,184",2026-01-13 18:44,99.06,99.06,99.06,99.06,0
CA135087S620,"1,141608780,1330,184",2026-01-13 20:44,99.06,99.06,99.06,99.06,0
CA135087S620,"1,141608780,1330,184",2026-01-13 22:44,99.06,99.06,99.06,99.06,0
CA135087S620,"1,141608780,1330,184",2026-01-14 07:44,99.0,99.0,99.0,99.0,0
CA135087S620,"1,141608780,1330,184",2026-01-14 08:44,99.0,99.0,99.0,99.0,0
CA135087S620,"1,141608780,1330,184",2026-01-14 10:44,99.0,99.0,99.0,99.0,0
CA135087S620,"1,141608780,1330,184",2026-01-14 12:44,99.13,99.13,99.13,99.13,0
CA135087S620,"1,141608780,1330,184",2026-01-14 14:44,99.13,99.13,99.13,99.13,0
CA135087S620,"1,141608780,1330,184",2026-01-14 16:44,99.21,99.21,99.21,99.21,0
CA135087S620,"1,141608780,1330,184",2026-01-14 18:44,99.262,99.262,99.262,99.262,0
CA135087S620,"1,141608780,1330,184",2026-01-14 20:44,99.282,99.282,99.282,99.282,0
CA135087S620,"1,141608780,1330,184",2026-01-14 22:44,99.282,99.282,99.282,99.282,0
CA135087S620,"1,141608780,1330,184",2026-01-15 07:44,99.34,99.34,99.34,99.34,0
CA135087S620,"1,141608780,1330,184",2026-01-15 08:44,99.34,99.34,99.34,99.34,0
CA135087S620,"1,141608780,1330,184",2026-01-15 10:44,99.34,99.34,99.34,99.34,0
CA135087S620,"1,141608780,1330,184",2026-01-15 12:44,99.39,99.39,99.39,99.39,0
CA135087S620,"1,141608780,1330,184",2026-01-15 14:44,99.39,99.39,99.39,99.39,0
CA135087S620,"1,141608780,1330,184",2026-01-15 16:44,99.39,99.39,99.39,99.39,0
CA135087S620,"1,141608780,1330,184",2026-01-15 18:44,99.39,99.39,99.39,99.39,0
CA135087S620,"1,141608780,1330,184",2026-01-15 20:44,99.39,99.39,99.39,99.39,0
CA135087S620,"1,141608780,1330,184",2026-01-15 22:44,99.39,99.39,99.39,99.39,0
CA135087S620,"1,141608780,1330,184",2026-01-16 07:44,99.38,99.38,99.38,99.38,0
CA135087S620,"1,141608780,1330,184",2026-01-16 08:44,99.38,99.38,99.38,99.38,0
CA135087S620,"1,141608780,1330,184",2026-01-16 10:44,99.38,99.38,99.38,99.38,0
CA135087S620,"1,141608780,1330,184",2026-01-16 12:44,99.43,99.43,99.43,99.43,0
CA135087S620,"1,141608780,1330,184",2026-01-16 14:44,99.43,99.43,99.43,99.43,0
CA135087S620,"1,141608780,1330,184",2026-01-16 18:44,99.46,99.46,99.46,99.46,0
CA135087S620,"1,141608780,1330,184",2026-01-16 20:44,99.46,99.46,99.46,99.46,0
CA135087S620,"1,141608780,1330,184",2026-01-16 22:44,99.46,99.46,99.46,99.46,0
CA135087S620,"1,141608780,1330,184",2026-01-19 07:44,99.27,99.27,99.27,99.27,0
CA135087S620,"1,141608780,1330,184",2026-01-19 08:44,99.27,99.27,99.27,99.27,0
CA135087S620,"1,141608780,1330,184",2026-01-19 10:44,99.27,99.27,99.27,99.27,0
CA135087S620,"1,141608780,1330,184",2026-01-19 12:44,99.27,99.27,99.27,99.27,0
CA135087S620,"1,141608780,1330,184",2026-01-19 14:44,99.27,99.27,99.27,99.27,0
CA135087S620,"1,141608780,1330,184",2026-01-19 16:44,99.27,99.27,99.27,99.27,0
CA135087S620,"1,141608780,1330,184",2026-01-19 18:44,99.27,99.27,99.27,99.27,0
CA135087S620,"1,141608780,1330,184",2026-01-19 20:44,99.27,99.27,99.27,99.27,0
CA135087S620,"1,141608780,1330,184",2026-01-19 22:44,99.27,99.27,99.27,99.27,0
CA135087T537,"1,146822867,1330,184",2026-01-05 06:44,98.153,0.0,0.0,0.0,0
CA135087T537,"1,146822867,1330,184",2026-01-05 07:44,98.153,98.153,98.153,98.153,0
CA135087T537,"1,146822867,1330,184",2026-01-05 08:44,98.153,98.153,98.153,98.153,0
CA135087T537,"1,146822867,1330,184",2026-01-05 10:44,98.16,98.16,98.16,98.16,0
CA135087T537,"1,146822867,1330,184",2026-01-05 12:44,98.235,98.235,98.235,98.235,0
CA135087T537,"1,146822867,1330,184",2026-01-05 14:44,98.31,98.31,98.31,98.31,0
CA135087T537,"1,146822867,1330,184",2026-01-05 16:44,98.38,98.38,98.38,98.38,0
CA135087T537,"1,146822867,1330,184",2026-01-05 18:44,98.56,98.56,98.56,98.56,0
CA135087T537,"1,146822867,1330,184",2026-01-05 20:44,98.605,98.605,98.605,98.605,0
CA135087T537,"1,146822867,1330,184",2026-01-05 22:44,98.605,98.605,98.605,98.605,0
CA135087T537,"1,146822867,1330,184",2026-01-06 07:44,98.56,98.56,98.56,98.56,0
CA135087T537,"1,146822867,1330,184",2026-01-06 08:44,98.56,98.56,98.56,98.56,0
CA135087T537,"1,146822867,1330,184",2026-01-06 10:44,98.57,98.57,98.57,98.57,0
CA135087T537,"1,146822867,1330,184",2026-01-06 12:44,98.57,98.57,98.57,98.57,0
CA135087T537,"1,146822867,1330,184",2026-01-06 14:44,98.45,98.45,98.45,98.45,0
CA135087T537,"1,146822867,1330,184",2026-01-06 16:44,98.37,98.37,98.37,98.37,0
CA135087T537,"1,146822867,1330,184",2026-01-06 18:44,98.37,98.37,98.37,98.37,0
CA135087T537,"1,146822867,1330,184",2026-01-06 20:44,98.37,98.37,98.37,98.37,0
CA135087T537,"1,146822867,1330,184",2026-01-06 22:44,98.465,98.465,98.465,98.465,0
CA135087T537,"1,146822867,1330,184",2026-01-07 07:44,98.473,98.473,98.473,98.473,0
CA135087T537,"1,146822867,1330,184",2026-01-07 08:44,98.473,98.473,98.473,98.473,0
CA135087T537,"1,146822867,1330,184",2026-01-07 10:44,98.48,98.48,98.48,98.48,0
CA135087T537,"1,146822867,1330,184",2026-01-07 12:44,98.58,98.58,98.58,98.58,0
CA135087T537,"1,146822867,1330,184",2026-01-07 14:44,98.89,98.89,98.89,98.89,0
CA135087T537,"1,146822867,1330,184",2026-01-07 16:44,98.83,98.83,98.83,98.83,0
CA135087T537,"1,146822867,1330,184",2026-01-07 18:44,98.88,98.88,98.88,98.88,0
CA135087T537,"1,146822867,1330,184",2026-01-07 20:44,98.88,98.88,98.88,98.88,0
CA135087T537,"1,146822867,1330,184",2026-01-07 22:44,98.83,98.83,98.83,98.83,0
CA135087T537,"1,146822867,1330,184",2026-01-08 07:44,98.773,98.773,98.773,98.773,0
CA135087T537,"1,146822867,1330,184",2026-01-08 08:44,98.773,98.773,98.773,98.773,0
CA135087T537,"1,146822867,1330,184",2026-01-08 10:44,98.78,98.78,98.78,98.78,0
CA135087T537,"1,146822867,1330,184",2026-01-08 12:44,98.78,98.78,98.78,98.78,0
CA135087T537,"1,146822867,1330,184",2026-01-08 14:44,98.63,98.63,98.63,98.63,0
CA135087T537,"1,146822867,1330,184",2026-01-08 16:44,98.63,98.63,98.63,98.63,0
CA135087T537,"1,146822867,1330,184",2026-01-08 18:44,98.675,98.675,98.675,98.675,0
CA135087T537,"1,146822867,1330,184",2026-01-08 20:44,98.68,98.68,98.68,98.68,0
CA135087T537,"1,146822867,1330,184",2026-01-08 22:44,98.7,98.7,98.7,98.7,0
CA135087T537,"1,146822867,1330,184",2026-01-09 07:44,98.73,98.73,98.73,98.73,0
CA135087T537,"1,146822867,1330,184",2026-01-09 08:44,98.73,98.73,98.73,98.73,0
CA135087T537,"1,146822867,1330,184",2026-01-09 10:44,98.74,98.74,98.74,98.74,0
CA135087T537,"1,146822867,1330,184",2026-01-09 12:29,98.75,98.75,98.75,98.75,22000
CA135087T537,"1,146822867,1330,184",2026-01-09 12:44,98.745,98.745,98.745,98.745,0
CA135087T537,"1,146822867,1330,184",2026-01-09 14:44,98.77,98.77,98.77,98.77,0
CA135087T537,"1,146822867,1330,184",2026-01-09 16:44,98.82,98.82,98.82,98.82,0
CA135087T537,"1,146822867,1330,184",2026-01-09 18:44,98.92,98.92,98.92,98.92,0
CA135087T537,"1,146822867,1330,184",2026-01-09 20:44,98.92,98.92,98.92,98.92,0
CA135087T537,"1,146822867,1330,184",2026-01-12 07:44,98.86,98.86,98.86,98.86,0
CA135087T537,"1,146822867,1330,184",2026-01-12 08:44,98.86,98.86,98.86,98.86,0
CA135087T537,"1,146822867,1330,184",2026-01-12 10:44,98.87,98.87,98.87,98.87,0
CA135087T537,"1,146822867,1330,184",2026-01-12 12:44,98.87,98.87,98.87,98.87,0
CA135087T537,"1,146822867,1330,184",2026-01-12 14:44,98.79,98.79,98.79,98.79,0
CA135087T537,"1,146822867,1330,184",2026-01-12 16:44,98.73,98.73,98.73,98.73,0
CA135087T537,"1,146822867,1330,184",2026-01-12 18:44,98.73,98.73,98.73,98.73,0
CA135087T537,"1,146822867,1330,184",2026-01-12 20:44,98.73,98.73,98.73,98.73,0
CA135087T537,"1,146822867,1330,184",2026-01-12 22:44,98.73,98.73,98.73,98.73,0
CA135087T537,"1,146822867,1330,184",2026-01-13 07:44,98.74,98.74,98.74,98.74,0
CA135087T537,"1,146822867,1330,184",2026-01-13 08:44,98.74,98.74,98.74,98.74,0
CA135087T537,"1,146822867,1330,184",2026-01-13 10:44,98.75,98.75,98.75,98.75,0
CA135087T537,"1,146822867,1330,184",2026-01-13 12:44,98.75,98.75,98.75,98.75,0
CA135087T537,"1,146822867,1330,184",2026-01-13 14:44,98.73,98.73,98.73,98.73,0
CA135087T537,"1,146822867,1330,184",2026-01-13 16:44,98.64,98.64,98.64,98.64,0
CA135087T537,"1,146822867,1330,184",2026-01-13 18:44,98.64,98.64,98.64,98.64,0
CA135087T537,"1,146822867,1330,184",2026-01-13 20:44,98.66,98.66,98.66,98.66,0
CA135087T537,"1,146822867,1330,184",2026-01-13 22:44,98.66,98.66,98.66,98.66,0
CA135087T537,"1,146822867,1330,184",2026-01-14 07:44,98.673,98.673,98.673,98.673,0
CA135087T537,"1,146822867,1330,184",2026-01-14 08:44,98.673,98.673,98.673,98.673,0
CA135087T537,"1,146822867,1330,184",2026-01-14 10:44,98.68,98.68,98.68,98.68,0
CA135087T537,"1,146822867,1330,184",2026-01-14 12:44,98.715,98.715,98.715,98.715,0
CA135087T537,"1,146822867,1330,184",2026-01-14 14:44,98.74,98.74,98.74,98.74,0
CA135087T537,"1,146822867,1330,184",2026-01-14 16:44,98.9,98.9,98.9,98.9,0
CA135087T537,"1,146822867,1330,184",2026-01-14 18:44,99.04,99.04,99.04,99.04,0
CA135087T537,"1,146822867,1330,184",2026-01-14 20:44,99.07,99.07,99.07,99.07,0
CA135087T537,"1,146822867,1330,184",2026-01-14 22:44,99.07,99.07,99.07,99.07,0
CA135087T537,"1,146822867,1330,184",2026-01-15 07:44,99.08,99.08,99.08,99.08,0
CA135087T537,"1,146822867,1330,184",2026-01-15 08:44,99.08,99.08,99.08,99.08,0
CA135087T537,"1,146822867,1330,184",2026-01-15 10:44,99.09,99.09,99.09,99.09,0
CA135087T537,"1,146822867,1330,184",2026-01-15 12:44,99.09,99.09,99.09,99.09,0
CA135087T537,"1,146822867,1330,184",2026-01-15 14:44,99.0,99.0,99.0,99.0,0
CA135087T537,"1,146822867,1330,184",2026-01-15 16:44,99.02,99.02,99.02,99.02,0
CA135087T537,"1,146822867,1330,184",2026-01-15 18:44,99.16,99.16,99.16,99.16,0
CA135087T537,"1,146822867,1330,184",2026-01-15 20:44,99.16,99.16,99.16,99.16,0
CA135087T537,"1,146822867,1330,184",2026-01-15 22:44,99.16,99.16,99.16,99.16,0
CA135087T537,"1,146822867,1330,184",2026-01-16 07:44,99.12,99.12,99.12,99.12,0
CA135087T537,"1,146822867,1330,184",2026-01-16 08:44,99.12,99.12,99.12,99.12,0
CA135087T537,"1,146822867,1330,184",2026-01-16 10:44,99.13,99.13,99.13,99.13,0
CA135087T537,"1,146822867,1330,184",2026-01-16 12:44,99.13,99.13,99.13,99.13,0
CA135087T537,"1,146822867,1330,184",2026-01-16 14:44,99.04,99.04,99.04,99.04,0
CA135087T537,"1,146822867,1330,184",2026-01-16 16:44,99.19,99.19,99.19,99.19,0
CA135087T537,"1,146822867,1330,184",2026-01-16 18:44,99.19,99.19,99.19,99.19,0
CA135087T537,"1,146822867,1330,184",2026-01-16 20:44,99.03,99.03,99.03,99.03,0
CA135087T537,"1,146822867,1330,184",2026-01-16 22:44,99.015,99.015,99.015,99.015,0
CA135087T537,"1,146822867,1330,184",2026-01-19 07:44,98.95,98.95,98.95,98.95,0
CA135087T537,"1,146822867,1330,184",2026-01-19 08:44,98.95,98.95,98.95,98.95,0
CA135087T537,"1,146822867,1330,184",2026-01-19 10:44,98.96,98.96,98.96,98.96,0
CA135087T537,"1,146822867,1330,184",2026-01-19 12:44,98.96,98.96,98.96,98.96,0
CA135087T537,"1,146822867,1330,184",2026-01-19 14:44,98.94,98.94,98.94,98.94,0
CA135087T537,"1,146822867,1330,184",2026-01-19 16:44,98.89,98.89,98.89,98.89,0
CA135087T537,"1,146822867,1330,184",2026-01-19 18:44,98.89,98.89,98.89,98.89,0
CA135087T537,"1,146822867,1330,184",2026-01-19 20:44,98.88,98.88,98.88,98.88,0
CA135087T537,"1,146822867,1330,184",2026-01-19 22:44,98.88,98.88,98.88,98.88,0
